가정,지표,연도,값
중위 추계(기본 추계: 출산율-중위 / 기대수명-중위 / 국제순이동-중위),총인구(명),1960,25012374.0
중위 추계(기본 추계: 출산율-중위 / 기대수명-중위 / 국제순이동-중위),남자(명),1960,12550691.0
중위 추계(기본 추계: 출산율-중위 / 기대수명-중위 / 국제순이동-중위),여자(명),1960,12461683.0
중위 추계(기본 추계: 출산율-중위 / 기대수명-중위 / 국제순이동-중위),성비(여자1백명당),1960,100.7
중위 추계(기본 추계: 출산율-중위 / 기대수명-중위 / 국제순이동-중위),인구성장률,1960,
중위 추계(기본 추계: 출산율-중위 / 기대수명-중위 / 국제순이동-중위),인구(명): 0-14세,1960,10587583.0
중위 추계(기본 추계: 출산율-중위 / 기대수명-중위 / 국제순이동-중위),인구(명): 15-64세,1960,13698341.0
중위 추계(기본 추계: 출산율-중위 / 기대수명-중위 / 국제순이동-중위),인구(명): 65세 이상,1960,726450.0
중위 추계(기본 추계: 출산율-중위 / 기대수명-중위 / 국제순이동-중위),- 구성비(%): 0-14세,1960,42.3
중위 추계(기본 추계: 출산율-중위 / 기대수명-중위 / 국제순이동-중위),- 구성비(%): 15-64세,1960,54.8
중위 추계(기본 추계: 출산율-중위 / 기대수명-중위 / 국제순이동-중위),- 구성비(%): 65세 이상,1960,2.9
중위 추계(기본 추계: 출산율-중위 / 기대수명-중위 / 국제순이동-중위),총부양비,1960,82.6
중위 추계(기본 추계: 출산율-중위 / 기대수명-중위 / 국제순이동-중위),유소년부양비,1960,77.3
중위 추계(기본 추계: 출산율-중위 / 기대수명-중위 / 국제순이동-중위),노년부양비,1960,5.3
중위 추계(기본 추계: 출산율-중위 / 기대수명-중위 / 국제순이동-중위),노령화지수,1960,6.9
중위 추계(기본 추계: 출산율-중위 / 기대수명-중위 / 국제순이동-중위),중위연령(세),1960,19.0
중위 추계(기본 추계: 출산율-중위 / 기대수명-중위 / 국제순이동-중위),중위연령(세)-남자,1960,18.2
중위 추계(기본 추계: 출산율-중위 / 기대수명-중위 / 국제순이동-중위),중위연령(세)-여자,1960,19.8
중위 추계(기본 추계: 출산율-중위 / 기대수명-중위 / 국제순이동-중위),평균연령(세),1960,23.1
중위 추계(기본 추계: 출산율-중위 / 기대수명-중위 / 국제순이동-중위),평균연령(세)-남자,1960,22.3
중위 추계(기본 추계: 출산율-중위 / 기대수명-중위 / 국제순이동-중위),평균연령(세)-여자,1960,23.9
중위 추계(기본 추계: 출산율-중위 / 기대수명-중위 / 국제순이동-중위),총인구(명),1961,25765673.0
중위 추계(기본 추계: 출산율-중위 / 기대수명-중위 / 국제순이동-중위),남자(명),1961,12936583.0
중위 추계(기본 추계: 출산율-중위 / 기대수명-중위 / 국제순이동-중위),여자(명),1961,12829090.0
중위 추계(기본 추계: 출산율-중위 / 기대수명-중위 / 국제순이동-중위),성비(여자1백명당),1961,100.8
중위 추계(기본 추계: 출산율-중위 / 기대수명-중위 / 국제순이동-중위),인구성장률,1961,2.97
중위 추계(기본 추계: 출산율-중위 / 기대수명-중위 / 국제순이동-중위),인구(명): 0-14세,1961,11065019.0
중위 추계(기본 추계: 출산율-중위 / 기대수명-중위 / 국제순이동-중위),인구(명): 15-64세,1961,13949773.0
중위 추계(기본 추계: 출산율-중위 / 기대수명-중위 / 국제순이동-중위),인구(명): 65세 이상,1961,750881.0
중위 추계(기본 추계: 출산율-중위 / 기대수명-중위 / 국제순이동-중위),- 구성비(%): 0-14세,1961,42.9
중위 추계(기본 추계: 출산율-중위 / 기대수명-중위 / 국제순이동-중위),- 구성비(%): 15-64세,1961,54.1
중위 추계(기본 추계: 출산율-중위 / 기대수명-중위 / 국제순이동-중위),- 구성비(%): 65세 이상,1961,2.9
중위 추계(기본 추계: 출산율-중위 / 기대수명-중위 / 국제순이동-중위),총부양비,1961,84.7
중위 추계(기본 추계: 출산율-중위 / 기대수명-중위 / 국제순이동-중위),유소년부양비,1961,79.3
중위 추계(기본 추계: 출산율-중위 / 기대수명-중위 / 국제순이동-중위),노년부양비,1961,5.4
중위 추계(기본 추계: 출산율-중위 / 기대수명-중위 / 국제순이동-중위),노령화지수,1961,6.8
중위 추계(기본 추계: 출산율-중위 / 기대수명-중위 / 국제순이동-중위),중위연령(세),1961,18.9
중위 추계(기본 추계: 출산율-중위 / 기대수명-중위 / 국제순이동-중위),중위연령(세)-남자,1961,18.0
중위 추계(기본 추계: 출산율-중위 / 기대수명-중위 / 국제순이동-중위),중위연령(세)-여자,1961,19.7
중위 추계(기본 추계: 출산율-중위 / 기대수명-중위 / 국제순이동-중위),평균연령(세),1961,22.9
중위 추계(기본 추계: 출산율-중위 / 기대수명-중위 / 국제순이동-중위),평균연령(세)-남자,1961,22.2
중위 추계(기본 추계: 출산율-중위 / 기대수명-중위 / 국제순이동-중위),평균연령(세)-여자,1961,23.7
중위 추계(기본 추계: 출산율-중위 / 기대수명-중위 / 국제순이동-중위),총인구(명),1962,26513030.0
중위 추계(기본 추계: 출산율-중위 / 기대수명-중위 / 국제순이동-중위),남자(명),1962,13320983.0
중위 추계(기본 추계: 출산율-중위 / 기대수명-중위 / 국제순이동-중위),여자(명),1962,13192047.0
중위 추계(기본 추계: 출산율-중위 / 기대수명-중위 / 국제순이동-중위),성비(여자1백명당),1962,101.0
중위 추계(기본 추계: 출산율-중위 / 기대수명-중위 / 국제순이동-중위),인구성장률,1962,2.86
중위 추계(기본 추계: 출산율-중위 / 기대수명-중위 / 국제순이동-중위),인구(명): 0-14세,1962,11472623.0
중위 추계(기본 추계: 출산율-중위 / 기대수명-중위 / 국제순이동-중위),인구(명): 15-64세,1962,14257691.0
중위 추계(기본 추계: 출산율-중위 / 기대수명-중위 / 국제순이동-중위),인구(명): 65세 이상,1962,782716.0
중위 추계(기본 추계: 출산율-중위 / 기대수명-중위 / 국제순이동-중위),- 구성비(%): 0-14세,1962,43.3
중위 추계(기본 추계: 출산율-중위 / 기대수명-중위 / 국제순이동-중위),- 구성비(%): 15-64세,1962,53.8
중위 추계(기본 추계: 출산율-중위 / 기대수명-중위 / 국제순이동-중위),- 구성비(%): 65세 이상,1962,3.0
중위 추계(기본 추계: 출산율-중위 / 기대수명-중위 / 국제순이동-중위),총부양비,1962,86.0
중위 추계(기본 추계: 출산율-중위 / 기대수명-중위 / 국제순이동-중위),유소년부양비,1962,80.5
중위 추계(기본 추계: 출산율-중위 / 기대수명-중위 / 국제순이동-중위),노년부양비,1962,5.5
중위 추계(기본 추계: 출산율-중위 / 기대수명-중위 / 국제순이동-중위),노령화지수,1962,6.8
중위 추계(기본 추계: 출산율-중위 / 기대수명-중위 / 국제순이동-중위),중위연령(세),1962,18.7
중위 추계(기본 추계: 출산율-중위 / 기대수명-중위 / 국제순이동-중위),중위연령(세)-남자,1962,17.9
중위 추계(기본 추계: 출산율-중위 / 기대수명-중위 / 국제순이동-중위),중위연령(세)-여자,1962,19.6
중위 추계(기본 추계: 출산율-중위 / 기대수명-중위 / 국제순이동-중위),평균연령(세),1962,22.9
중위 추계(기본 추계: 출산율-중위 / 기대수명-중위 / 국제순이동-중위),평균연령(세)-남자,1962,22.1
중위 추계(기본 추계: 출산율-중위 / 기대수명-중위 / 국제순이동-중위),평균연령(세)-여자,1962,23.7
중위 추계(기본 추계: 출산율-중위 / 기대수명-중위 / 국제순이동-중위),총인구(명),1963,27261747.0
중위 추계(기본 추계: 출산율-중위 / 기대수명-중위 / 국제순이동-중위),남자(명),1963,13708120.0
중위 추계(기본 추계: 출산율-중위 / 기대수명-중위 / 국제순이동-중위),여자(명),1963,13553627.0
중위 추계(기본 추계: 출산율-중위 / 기대수명-중위 / 국제순이동-중위),성비(여자1백명당),1963,101.1
중위 추계(기본 추계: 출산율-중위 / 기대수명-중위 / 국제순이동-중위),인구성장률,1963,2.78
중위 추계(기본 추계: 출산율-중위 / 기대수명-중위 / 국제순이동-중위),인구(명): 0-14세,1963,11850374.0
중위 추계(기본 추계: 출산율-중위 / 기대수명-중위 / 국제순이동-중위),인구(명): 15-64세,1963,14595205.0
중위 추계(기본 추계: 출산율-중위 / 기대수명-중위 / 국제순이동-중위),인구(명): 65세 이상,1963,816168.0
중위 추계(기본 추계: 출산율-중위 / 기대수명-중위 / 국제순이동-중위),- 구성비(%): 0-14세,1963,43.5
중위 추계(기본 추계: 출산율-중위 / 기대수명-중위 / 국제순이동-중위),- 구성비(%): 15-64세,1963,53.5
중위 추계(기본 추계: 출산율-중위 / 기대수명-중위 / 국제순이동-중위),- 구성비(%): 65세 이상,1963,3.0
중위 추계(기본 추계: 출산율-중위 / 기대수명-중위 / 국제순이동-중위),총부양비,1963,86.8
중위 추계(기본 추계: 출산율-중위 / 기대수명-중위 / 국제순이동-중위),유소년부양비,1963,81.2
중위 추계(기본 추계: 출산율-중위 / 기대수명-중위 / 국제순이동-중위),노년부양비,1963,5.6
중위 추계(기본 추계: 출산율-중위 / 기대수명-중위 / 국제순이동-중위),노령화지수,1963,6.9
중위 추계(기본 추계: 출산율-중위 / 기대수명-중위 / 국제순이동-중위),중위연령(세),1963,18.5
중위 추계(기본 추계: 출산율-중위 / 기대수명-중위 / 국제순이동-중위),중위연령(세)-남자,1963,17.7
중위 추계(기본 추계: 출산율-중위 / 기대수명-중위 / 국제순이동-중위),중위연령(세)-여자,1963,19.4
중위 추계(기본 추계: 출산율-중위 / 기대수명-중위 / 국제순이동-중위),평균연령(세),1963,22.9
중위 추계(기본 추계: 출산율-중위 / 기대수명-중위 / 국제순이동-중위),평균연령(세)-남자,1963,22.1
중위 추계(기본 추계: 출산율-중위 / 기대수명-중위 / 국제순이동-중위),평균연령(세)-여자,1963,23.7
중위 추계(기본 추계: 출산율-중위 / 기대수명-중위 / 국제순이동-중위),총인구(명),1964,27984155.0
중위 추계(기본 추계: 출산율-중위 / 기대수명-중위 / 국제순이동-중위),남자(명),1964,14081950.0
중위 추계(기본 추계: 출산율-중위 / 기대수명-중위 / 국제순이동-중위),여자(명),1964,13902205.0
중위 추계(기본 추계: 출산율-중위 / 기대수명-중위 / 국제순이동-중위),성비(여자1백명당),1964,101.3
중위 추계(기본 추계: 출산율-중위 / 기대수명-중위 / 국제순이동-중위),인구성장률,1964,2.62
중위 추계(기본 추계: 출산율-중위 / 기대수명-중위 / 국제순이동-중위),인구(명): 0-14세,1964,12215638.0
중위 추계(기본 추계: 출산율-중위 / 기대수명-중위 / 국제순이동-중위),인구(명): 15-64세,1964,14923382.0
중위 추계(기본 추계: 출산율-중위 / 기대수명-중위 / 국제순이동-중위),인구(명): 65세 이상,1964,845135.0
중위 추계(기본 추계: 출산율-중위 / 기대수명-중위 / 국제순이동-중위),- 구성비(%): 0-14세,1964,43.7
중위 추계(기본 추계: 출산율-중위 / 기대수명-중위 / 국제순이동-중위),- 구성비(%): 15-64세,1964,53.3
중위 추계(기본 추계: 출산율-중위 / 기대수명-중위 / 국제순이동-중위),- 구성비(%): 65세 이상,1964,3.0
중위 추계(기본 추계: 출산율-중위 / 기대수명-중위 / 국제순이동-중위),총부양비,1964,87.5
중위 추계(기본 추계: 출산율-중위 / 기대수명-중위 / 국제순이동-중위),유소년부양비,1964,81.9
중위 추계(기본 추계: 출산율-중위 / 기대수명-중위 / 국제순이동-중위),노년부양비,1964,5.7
중위 추계(기본 추계: 출산율-중위 / 기대수명-중위 / 국제순이동-중위),노령화지수,1964,6.9
중위 추계(기본 추계: 출산율-중위 / 기대수명-중위 / 국제순이동-중위),중위연령(세),1964,18.3
중위 추계(기본 추계: 출산율-중위 / 기대수명-중위 / 국제순이동-중위),중위연령(세)-남자,1964,17.6
중위 추계(기본 추계: 출산율-중위 / 기대수명-중위 / 국제순이동-중위),중위연령(세)-여자,1964,19.2
중위 추계(기본 추계: 출산율-중위 / 기대수명-중위 / 국제순이동-중위),평균연령(세),1964,22.9
중위 추계(기본 추계: 출산율-중위 / 기대수명-중위 / 국제순이동-중위),평균연령(세)-남자,1964,22.1
중위 추계(기본 추계: 출산율-중위 / 기대수명-중위 / 국제순이동-중위),평균연령(세)-여자,1964,23.7
중위 추계(기본 추계: 출산율-중위 / 기대수명-중위 / 국제순이동-중위),총인구(명),1965,28704674.0
중위 추계(기본 추계: 출산율-중위 / 기대수명-중위 / 국제순이동-중위),남자(명),1965,14452831.0
중위 추계(기본 추계: 출산율-중위 / 기대수명-중위 / 국제순이동-중위),여자(명),1965,14251843.0
중위 추계(기본 추계: 출산율-중위 / 기대수명-중위 / 국제순이동-중위),성비(여자1백명당),1965,101.4
중위 추계(기본 추계: 출산율-중위 / 기대수명-중위 / 국제순이동-중위),인구성장률,1965,2.54
중위 추계(기본 추계: 출산율-중위 / 기대수명-중위 / 국제순이동-중위),인구(명): 0-14세,1965,12577740.0
중위 추계(기본 추계: 출산율-중위 / 기대수명-중위 / 국제순이동-중위),인구(명): 15-64세,1965,15245851.0
중위 추계(기본 추계: 출산율-중위 / 기대수명-중위 / 국제순이동-중위),인구(명): 65세 이상,1965,881083.0
중위 추계(기본 추계: 출산율-중위 / 기대수명-중위 / 국제순이동-중위),- 구성비(%): 0-14세,1965,43.8
중위 추계(기본 추계: 출산율-중위 / 기대수명-중위 / 국제순이동-중위),- 구성비(%): 15-64세,1965,53.1
중위 추계(기본 추계: 출산율-중위 / 기대수명-중위 / 국제순이동-중위),- 구성비(%): 65세 이상,1965,3.1
중위 추계(기본 추계: 출산율-중위 / 기대수명-중위 / 국제순이동-중위),총부양비,1965,88.3
중위 추계(기본 추계: 출산율-중위 / 기대수명-중위 / 국제순이동-중위),유소년부양비,1965,82.5
중위 추계(기본 추계: 출산율-중위 / 기대수명-중위 / 국제순이동-중위),노년부양비,1965,5.8
중위 추계(기본 추계: 출산율-중위 / 기대수명-중위 / 국제순이동-중위),노령화지수,1965,7.0
중위 추계(기본 추계: 출산율-중위 / 기대수명-중위 / 국제순이동-중위),중위연령(세),1965,18.3
중위 추계(기본 추계: 출산율-중위 / 기대수명-중위 / 국제순이동-중위),중위연령(세)-남자,1965,17.6
중위 추계(기본 추계: 출산율-중위 / 기대수명-중위 / 국제순이동-중위),중위연령(세)-여자,1965,19.1
중위 추계(기본 추계: 출산율-중위 / 기대수명-중위 / 국제순이동-중위),평균연령(세),1965,23.0
중위 추계(기본 추계: 출산율-중위 / 기대수명-중위 / 국제순이동-중위),평균연령(세)-남자,1965,22.2
중위 추계(기본 추계: 출산율-중위 / 기대수명-중위 / 국제순이동-중위),평균연령(세)-여자,1965,23.8
중위 추계(기본 추계: 출산율-중위 / 기대수명-중위 / 국제순이동-중위),총인구(명),1966,29435571.0
중위 추계(기본 추계: 출산율-중위 / 기대수명-중위 / 국제순이동-중위),남자(명),1966,14829861.0
중위 추계(기본 추계: 출산율-중위 / 기대수명-중위 / 국제순이동-중위),여자(명),1966,14605710.0
중위 추계(기본 추계: 출산율-중위 / 기대수명-중위 / 국제순이동-중위),성비(여자1백명당),1966,101.5
중위 추계(기본 추계: 출산율-중위 / 기대수명-중위 / 국제순이동-중위),인구성장률,1966,2.51
중위 추계(기본 추계: 출산율-중위 / 기대수명-중위 / 국제순이동-중위),인구(명): 0-14세,1966,12916059.0
중위 추계(기본 추계: 출산율-중위 / 기대수명-중위 / 국제순이동-중위),인구(명): 15-64세,1966,15592878.0
중위 추계(기본 추계: 출산율-중위 / 기대수명-중위 / 국제순이동-중위),인구(명): 65세 이상,1966,926634.0
중위 추계(기본 추계: 출산율-중위 / 기대수명-중위 / 국제순이동-중위),- 구성비(%): 0-14세,1966,43.9
중위 추계(기본 추계: 출산율-중위 / 기대수명-중위 / 국제순이동-중위),- 구성비(%): 15-64세,1966,53.0
중위 추계(기본 추계: 출산율-중위 / 기대수명-중위 / 국제순이동-중위),- 구성비(%): 65세 이상,1966,3.1
중위 추계(기본 추계: 출산율-중위 / 기대수명-중위 / 국제순이동-중위),총부양비,1966,88.8
중위 추계(기본 추계: 출산율-중위 / 기대수명-중위 / 국제순이동-중위),유소년부양비,1966,82.8
중위 추계(기본 추계: 출산율-중위 / 기대수명-중위 / 국제순이동-중위),노년부양비,1966,5.9
중위 추계(기본 추계: 출산율-중위 / 기대수명-중위 / 국제순이동-중위),노령화지수,1966,7.2
중위 추계(기본 추계: 출산율-중위 / 기대수명-중위 / 국제순이동-중위),중위연령(세),1966,18.3
중위 추계(기본 추계: 출산율-중위 / 기대수명-중위 / 국제순이동-중위),중위연령(세)-남자,1966,17.6
중위 추계(기본 추계: 출산율-중위 / 기대수명-중위 / 국제순이동-중위),중위연령(세)-여자,1966,19.1
중위 추계(기본 추계: 출산율-중위 / 기대수명-중위 / 국제순이동-중위),평균연령(세),1966,23.1
중위 추계(기본 추계: 출산율-중위 / 기대수명-중위 / 국제순이동-중위),평균연령(세)-남자,1966,22.3
중위 추계(기본 추계: 출산율-중위 / 기대수명-중위 / 국제순이동-중위),평균연령(세)-여자,1966,23.9
중위 추계(기본 추계: 출산율-중위 / 기대수명-중위 / 국제순이동-중위),총인구(명),1967,30130983.0
중위 추계(기본 추계: 출산율-중위 / 기대수명-중위 / 국제순이동-중위),남자(명),1967,15205393.0
중위 추계(기본 추계: 출산율-중위 / 기대수명-중위 / 국제순이동-중위),여자(명),1967,14925590.0
중위 추계(기본 추계: 출산율-중위 / 기대수명-중위 / 국제순이동-중위),성비(여자1백명당),1967,101.9
중위 추계(기본 추계: 출산율-중위 / 기대수명-중위 / 국제순이동-중위),인구성장률,1967,2.34
중위 추계(기본 추계: 출산율-중위 / 기대수명-중위 / 국제순이동-중위),인구(명): 0-14세,1967,13199493.0
중위 추계(기본 추계: 출산율-중위 / 기대수명-중위 / 국제순이동-중위),인구(명): 15-64세,1967,16003566.0
중위 추계(기본 추계: 출산율-중위 / 기대수명-중위 / 국제순이동-중위),인구(명): 65세 이상,1967,927924.0
중위 추계(기본 추계: 출산율-중위 / 기대수명-중위 / 국제순이동-중위),- 구성비(%): 0-14세,1967,43.8
중위 추계(기본 추계: 출산율-중위 / 기대수명-중위 / 국제순이동-중위),- 구성비(%): 15-64세,1967,53.1
중위 추계(기본 추계: 출산율-중위 / 기대수명-중위 / 국제순이동-중위),- 구성비(%): 65세 이상,1967,3.1
중위 추계(기본 추계: 출산율-중위 / 기대수명-중위 / 국제순이동-중위),총부양비,1967,88.3
중위 추계(기본 추계: 출산율-중위 / 기대수명-중위 / 국제순이동-중위),유소년부양비,1967,82.5
중위 추계(기본 추계: 출산율-중위 / 기대수명-중위 / 국제순이동-중위),노년부양비,1967,5.8
중위 추계(기본 추계: 출산율-중위 / 기대수명-중위 / 국제순이동-중위),노령화지수,1967,7.0
중위 추계(기본 추계: 출산율-중위 / 기대수명-중위 / 국제순이동-중위),중위연령(세),1967,18.3
중위 추계(기본 추계: 출산율-중위 / 기대수명-중위 / 국제순이동-중위),중위연령(세)-남자,1967,17.6
중위 추계(기본 추계: 출산율-중위 / 기대수명-중위 / 국제순이동-중위),중위연령(세)-여자,1967,19.1
중위 추계(기본 추계: 출산율-중위 / 기대수명-중위 / 국제순이동-중위),평균연령(세),1967,23.1
중위 추계(기본 추계: 출산율-중위 / 기대수명-중위 / 국제순이동-중위),평균연령(세)-남자,1967,22.4
중위 추계(기본 추계: 출산율-중위 / 기대수명-중위 / 국제순이동-중위),평균연령(세)-여자,1967,23.9
중위 추계(기본 추계: 출산율-중위 / 기대수명-중위 / 국제순이동-중위),총인구(명),1968,30838302.0
중위 추계(기본 추계: 출산율-중위 / 기대수명-중위 / 국제순이동-중위),남자(명),1968,15576098.0
중위 추계(기본 추계: 출산율-중위 / 기대수명-중위 / 국제순이동-중위),여자(명),1968,15262204.0
중위 추계(기본 추계: 출산율-중위 / 기대수명-중위 / 국제순이동-중위),성비(여자1백명당),1968,102.1
중위 추계(기본 추계: 출산율-중위 / 기대수명-중위 / 국제순이동-중위),인구성장률,1968,2.32
중위 추계(기본 추계: 출산율-중위 / 기대수명-중위 / 국제순이동-중위),인구(명): 0-14세,1968,13459383.0
중위 추계(기본 추계: 출산율-중위 / 기대수명-중위 / 국제순이동-중위),인구(명): 15-64세,1968,16445982.0
중위 추계(기본 추계: 출산율-중위 / 기대수명-중위 / 국제순이동-중위),인구(명): 65세 이상,1968,932937.0
중위 추계(기본 추계: 출산율-중위 / 기대수명-중위 / 국제순이동-중위),- 구성비(%): 0-14세,1968,43.6
중위 추계(기본 추계: 출산율-중위 / 기대수명-중위 / 국제순이동-중위),- 구성비(%): 15-64세,1968,53.3
중위 추계(기본 추계: 출산율-중위 / 기대수명-중위 / 국제순이동-중위),- 구성비(%): 65세 이상,1968,3.0
중위 추계(기본 추계: 출산율-중위 / 기대수명-중위 / 국제순이동-중위),총부양비,1968,87.5
중위 추계(기본 추계: 출산율-중위 / 기대수명-중위 / 국제순이동-중위),유소년부양비,1968,81.8
중위 추계(기본 추계: 출산율-중위 / 기대수명-중위 / 국제순이동-중위),노년부양비,1968,5.7
중위 추계(기본 추계: 출산율-중위 / 기대수명-중위 / 국제순이동-중위),노령화지수,1968,6.9
중위 추계(기본 추계: 출산율-중위 / 기대수명-중위 / 국제순이동-중위),중위연령(세),1968,18.3
중위 추계(기본 추계: 출산율-중위 / 기대수명-중위 / 국제순이동-중위),중위연령(세)-남자,1968,17.6
중위 추계(기본 추계: 출산율-중위 / 기대수명-중위 / 국제순이동-중위),중위연령(세)-여자,1968,19.1
중위 추계(기본 추계: 출산율-중위 / 기대수명-중위 / 국제순이동-중위),평균연령(세),1968,23.2
중위 추계(기본 추계: 출산율-중위 / 기대수명-중위 / 국제순이동-중위),평균연령(세)-남자,1968,22.5
중위 추계(기본 추계: 출산율-중위 / 기대수명-중위 / 국제순이동-중위),평균연령(세)-여자,1968,24.0
중위 추계(기본 추계: 출산율-중위 / 기대수명-중위 / 국제순이동-중위),총인구(명),1969,31544266.0
중위 추계(기본 추계: 출산율-중위 / 기대수명-중위 / 국제순이동-중위),남자(명),1969,15940965.0
중위 추계(기본 추계: 출산율-중위 / 기대수명-중위 / 국제순이동-중위),여자(명),1969,15603301.0
중위 추계(기본 추계: 출산율-중위 / 기대수명-중위 / 국제순이동-중위),성비(여자1백명당),1969,102.2
중위 추계(기본 추계: 출산율-중위 / 기대수명-중위 / 국제순이동-중위),인구성장률,1969,2.26
중위 추계(기본 추계: 출산율-중위 / 기대수명-중위 / 국제순이동-중위),인구(명): 0-14세,1969,13638232.0
중위 추계(기본 추계: 출산율-중위 / 기대수명-중위 / 국제순이동-중위),인구(명): 15-64세,1969,16957491.0
중위 추계(기본 추계: 출산율-중위 / 기대수명-중위 / 국제순이동-중위),인구(명): 65세 이상,1969,948543.0
중위 추계(기본 추계: 출산율-중위 / 기대수명-중위 / 국제순이동-중위),- 구성비(%): 0-14세,1969,43.2
중위 추계(기본 추계: 출산율-중위 / 기대수명-중위 / 국제순이동-중위),- 구성비(%): 15-64세,1969,53.8
중위 추계(기본 추계: 출산율-중위 / 기대수명-중위 / 국제순이동-중위),- 구성비(%): 65세 이상,1969,3.0
중위 추계(기본 추계: 출산율-중위 / 기대수명-중위 / 국제순이동-중위),총부양비,1969,86.0
중위 추계(기본 추계: 출산율-중위 / 기대수명-중위 / 국제순이동-중위),유소년부양비,1969,80.4
중위 추계(기본 추계: 출산율-중위 / 기대수명-중위 / 국제순이동-중위),노년부양비,1969,5.6
중위 추계(기본 추계: 출산율-중위 / 기대수명-중위 / 국제순이동-중위),노령화지수,1969,7.0
중위 추계(기본 추계: 출산율-중위 / 기대수명-중위 / 국제순이동-중위),중위연령(세),1969,18.4
중위 추계(기본 추계: 출산율-중위 / 기대수명-중위 / 국제순이동-중위),중위연령(세)-남자,1969,17.7
중위 추계(기본 추계: 출산율-중위 / 기대수명-중위 / 국제순이동-중위),중위연령(세)-여자,1969,19.1
중위 추계(기본 추계: 출산율-중위 / 기대수명-중위 / 국제순이동-중위),평균연령(세),1969,23.4
중위 추계(기본 추계: 출산율-중위 / 기대수명-중위 / 국제순이동-중위),평균연령(세)-남자,1969,22.7
중위 추계(기본 추계: 출산율-중위 / 기대수명-중위 / 국제순이동-중위),평균연령(세)-여자,1969,24.1
중위 추계(기본 추계: 출산율-중위 / 기대수명-중위 / 국제순이동-중위),총인구(명),1970,32240827.0
중위 추계(기본 추계: 출산율-중위 / 기대수명-중위 / 국제순이동-중위),남자(명),1970,16308607.0
중위 추계(기본 추계: 출산율-중위 / 기대수명-중위 / 국제순이동-중위),여자(명),1970,15932220.0
중위 추계(기본 추계: 출산율-중위 / 기대수명-중위 / 국제순이동-중위),성비(여자1백명당),1970,102.4
중위 추계(기본 추계: 출산율-중위 / 기대수명-중위 / 국제순이동-중위),인구성장률,1970,2.18
중위 추계(기본 추계: 출산율-중위 / 기대수명-중위 / 국제순이동-중위),인구(명): 0-14세,1970,13709367.0
중위 추계(기본 추계: 출산율-중위 / 기대수명-중위 / 국제순이동-중위),인구(명): 15-64세,1970,17540152.0
중위 추계(기본 추계: 출산율-중위 / 기대수명-중위 / 국제순이동-중위),인구(명): 65세 이상,1970,991308.0
중위 추계(기본 추계: 출산율-중위 / 기대수명-중위 / 국제순이동-중위),- 구성비(%): 0-14세,1970,42.5
중위 추계(기본 추계: 출산율-중위 / 기대수명-중위 / 국제순이동-중위),- 구성비(%): 15-64세,1970,54.4
중위 추계(기본 추계: 출산율-중위 / 기대수명-중위 / 국제순이동-중위),- 구성비(%): 65세 이상,1970,3.1
중위 추계(기본 추계: 출산율-중위 / 기대수명-중위 / 국제순이동-중위),총부양비,1970,83.8
중위 추계(기본 추계: 출산율-중위 / 기대수명-중위 / 국제순이동-중위),유소년부양비,1970,78.2
중위 추계(기본 추계: 출산율-중위 / 기대수명-중위 / 국제순이동-중위),노년부양비,1970,5.7
중위 추계(기본 추계: 출산율-중위 / 기대수명-중위 / 국제순이동-중위),노령화지수,1970,7.2
중위 추계(기본 추계: 출산율-중위 / 기대수명-중위 / 국제순이동-중위),중위연령(세),1970,18.5
중위 추계(기본 추계: 출산율-중위 / 기대수명-중위 / 국제순이동-중위),중위연령(세)-남자,1970,17.9
중위 추계(기본 추계: 출산율-중위 / 기대수명-중위 / 국제순이동-중위),중위연령(세)-여자,1970,19.2
중위 추계(기본 추계: 출산율-중위 / 기대수명-중위 / 국제순이동-중위),평균연령(세),1970,23.6
중위 추계(기본 추계: 출산율-중위 / 기대수명-중위 / 국제순이동-중위),평균연령(세)-남자,1970,22.8
중위 추계(기본 추계: 출산율-중위 / 기대수명-중위 / 국제순이동-중위),평균연령(세)-여자,1970,24.3
중위 추계(기본 추계: 출산율-중위 / 기대수명-중위 / 국제순이동-중위),총인구(명),1971,32882704.0
중위 추계(기본 추계: 출산율-중위 / 기대수명-중위 / 국제순이동-중위),남자(명),1971,16648884.0
중위 추계(기본 추계: 출산율-중위 / 기대수명-중위 / 국제순이동-중위),여자(명),1971,16233820.0
중위 추계(기본 추계: 출산율-중위 / 기대수명-중위 / 국제순이동-중위),성비(여자1백명당),1971,102.6
중위 추계(기본 추계: 출산율-중위 / 기대수명-중위 / 국제순이동-중위),인구성장률,1971,1.97
중위 추계(기본 추계: 출산율-중위 / 기대수명-중위 / 국제순이동-중위),인구(명): 0-14세,1971,13764089.0
중위 추계(기본 추계: 출산율-중위 / 기대수명-중위 / 국제순이동-중위),인구(명): 15-64세,1971,18064092.0
중위 추계(기본 추계: 출산율-중위 / 기대수명-중위 / 국제순이동-중위),인구(명): 65세 이상,1971,1054523.0
중위 추계(기본 추계: 출산율-중위 / 기대수명-중위 / 국제순이동-중위),- 구성비(%): 0-14세,1971,41.9
중위 추계(기본 추계: 출산율-중위 / 기대수명-중위 / 국제순이동-중위),- 구성비(%): 15-64세,1971,54.9
중위 추계(기본 추계: 출산율-중위 / 기대수명-중위 / 국제순이동-중위),- 구성비(%): 65세 이상,1971,3.2
중위 추계(기본 추계: 출산율-중위 / 기대수명-중위 / 국제순이동-중위),총부양비,1971,82.0
중위 추계(기본 추계: 출산율-중위 / 기대수명-중위 / 국제순이동-중위),유소년부양비,1971,76.2
중위 추계(기본 추계: 출산율-중위 / 기대수명-중위 / 국제순이동-중위),노년부양비,1971,5.8
중위 추계(기본 추계: 출산율-중위 / 기대수명-중위 / 국제순이동-중위),노령화지수,1971,7.7
중위 추계(기본 추계: 출산율-중위 / 기대수명-중위 / 국제순이동-중위),중위연령(세),1971,18.6
중위 추계(기본 추계: 출산율-중위 / 기대수명-중위 / 국제순이동-중위),중위연령(세)-남자,1971,18.0
중위 추계(기본 추계: 출산율-중위 / 기대수명-중위 / 국제순이동-중위),중위연령(세)-여자,1971,19.4
중위 추계(기본 추계: 출산율-중위 / 기대수명-중위 / 국제순이동-중위),평균연령(세),1971,23.8
중위 추계(기본 추계: 출산율-중위 / 기대수명-중위 / 국제순이동-중위),평균연령(세)-남자,1971,23.0
중위 추계(기본 추계: 출산율-중위 / 기대수명-중위 / 국제순이동-중위),평균연령(세)-여자,1971,24.6
중위 추계(기본 추계: 출산율-중위 / 기대수명-중위 / 국제순이동-중위),총인구(명),1972,33505406.0
중위 추계(기본 추계: 출산율-중위 / 기대수명-중위 / 국제순이동-중위),남자(명),1972,16955438.0
중위 추계(기본 추계: 출산율-중위 / 기대수명-중위 / 국제순이동-중위),여자(명),1972,16549968.0
중위 추계(기본 추계: 출산율-중위 / 기대수명-중위 / 국제순이동-중위),성비(여자1백명당),1972,102.4
중위 추계(기본 추계: 출산율-중위 / 기대수명-중위 / 국제순이동-중위),인구성장률,1972,1.88
중위 추계(기본 추계: 출산율-중위 / 기대수명-중위 / 국제순이동-중위),인구(명): 0-14세,1972,13858472.0
중위 추계(기본 추계: 출산율-중위 / 기대수명-중위 / 국제순이동-중위),인구(명): 15-64세,1972,18602276.0
중위 추계(기본 추계: 출산율-중위 / 기대수명-중위 / 국제순이동-중위),인구(명): 65세 이상,1972,1044658.0
중위 추계(기본 추계: 출산율-중위 / 기대수명-중위 / 국제순이동-중위),- 구성비(%): 0-14세,1972,41.4
중위 추계(기본 추계: 출산율-중위 / 기대수명-중위 / 국제순이동-중위),- 구성비(%): 15-64세,1972,55.5
중위 추계(기본 추계: 출산율-중위 / 기대수명-중위 / 국제순이동-중위),- 구성비(%): 65세 이상,1972,3.1
중위 추계(기본 추계: 출산율-중위 / 기대수명-중위 / 국제순이동-중위),총부양비,1972,80.1
중위 추계(기본 추계: 출산율-중위 / 기대수명-중위 / 국제순이동-중위),유소년부양비,1972,74.5
중위 추계(기본 추계: 출산율-중위 / 기대수명-중위 / 국제순이동-중위),노년부양비,1972,5.6
중위 추계(기본 추계: 출산율-중위 / 기대수명-중위 / 국제순이동-중위),노령화지수,1972,7.5
중위 추계(기본 추계: 출산율-중위 / 기대수명-중위 / 국제순이동-중위),중위연령(세),1972,18.7
중위 추계(기본 추계: 출산율-중위 / 기대수명-중위 / 국제순이동-중위),중위연령(세)-남자,1972,18.0
중위 추계(기본 추계: 출산율-중위 / 기대수명-중위 / 국제순이동-중위),중위연령(세)-여자,1972,19.4
중위 추계(기본 추계: 출산율-중위 / 기대수명-중위 / 국제순이동-중위),평균연령(세),1972,23.8
중위 추계(기본 추계: 출산율-중위 / 기대수명-중위 / 국제순이동-중위),평균연령(세)-남자,1972,23.0
중위 추계(기본 추계: 출산율-중위 / 기대수명-중위 / 국제순이동-중위),평균연령(세)-여자,1972,24.6
중위 추계(기본 추계: 출산율-중위 / 기대수명-중위 / 국제순이동-중위),총인구(명),1973,34103149.0
중위 추계(기본 추계: 출산율-중위 / 기대수명-중위 / 국제순이동-중위),남자(명),1973,17234877.0
중위 추계(기본 추계: 출산율-중위 / 기대수명-중위 / 국제순이동-중위),여자(명),1973,16868272.0
중위 추계(기본 추계: 출산율-중위 / 기대수명-중위 / 국제순이동-중위),성비(여자1백명당),1973,102.2
중위 추계(기본 추계: 출산율-중위 / 기대수명-중위 / 국제순이동-중위),인구성장률,1973,1.77
중위 추계(기본 추계: 출산율-중위 / 기대수명-중위 / 국제순이동-중위),인구(명): 0-14세,1973,13849385.0
중위 추계(기본 추계: 출산율-중위 / 기대수명-중위 / 국제순이동-중위),인구(명): 15-64세,1973,19176510.0
중위 추계(기본 추계: 출산율-중위 / 기대수명-중위 / 국제순이동-중위),인구(명): 65세 이상,1973,1077254.0
중위 추계(기본 추계: 출산율-중위 / 기대수명-중위 / 국제순이동-중위),- 구성비(%): 0-14세,1973,40.6
중위 추계(기본 추계: 출산율-중위 / 기대수명-중위 / 국제순이동-중위),- 구성비(%): 15-64세,1973,56.2
중위 추계(기본 추계: 출산율-중위 / 기대수명-중위 / 국제순이동-중위),- 구성비(%): 65세 이상,1973,3.2
중위 추계(기본 추계: 출산율-중위 / 기대수명-중위 / 국제순이동-중위),총부양비,1973,77.8
중위 추계(기본 추계: 출산율-중위 / 기대수명-중위 / 국제순이동-중위),유소년부양비,1973,72.2
중위 추계(기본 추계: 출산율-중위 / 기대수명-중위 / 국제순이동-중위),노년부양비,1973,5.6
중위 추계(기본 추계: 출산율-중위 / 기대수명-중위 / 국제순이동-중위),노령화지수,1973,7.8
중위 추계(기본 추계: 출산율-중위 / 기대수명-중위 / 국제순이동-중위),중위연령(세),1973,18.9
중위 추계(기본 추계: 출산율-중위 / 기대수명-중위 / 국제순이동-중위),중위연령(세)-남자,1973,18.3
중위 추계(기본 추계: 출산율-중위 / 기대수명-중위 / 국제순이동-중위),중위연령(세)-여자,1973,19.6
중위 추계(기본 추계: 출산율-중위 / 기대수명-중위 / 국제순이동-중위),평균연령(세),1973,23.9
중위 추계(기본 추계: 출산율-중위 / 기대수명-중위 / 국제순이동-중위),평균연령(세)-남자,1973,23.1
중위 추계(기본 추계: 출산율-중위 / 기대수명-중위 / 국제순이동-중위),평균연령(세)-여자,1973,24.8
중위 추계(기본 추계: 출산율-중위 / 기대수명-중위 / 국제순이동-중위),총인구(명),1974,34692266.0
중위 추계(기본 추계: 출산율-중위 / 기대수명-중위 / 국제순이동-중위),남자(명),1974,17514223.0
중위 추계(기본 추계: 출산율-중위 / 기대수명-중위 / 국제순이동-중위),여자(명),1974,17178043.0
중위 추계(기본 추계: 출산율-중위 / 기대수명-중위 / 국제순이동-중위),성비(여자1백명당),1974,102.0
중위 추계(기본 추계: 출산율-중위 / 기대수명-중위 / 국제순이동-중위),인구성장률,1974,1.71
중위 추계(기본 추계: 출산율-중위 / 기대수명-중위 / 국제순이동-중위),인구(명): 0-14세,1974,13790071.0
중위 추계(기본 추계: 출산율-중위 / 기대수명-중위 / 국제순이동-중위),인구(명): 15-64세,1974,19781685.0
중위 추계(기본 추계: 출산율-중위 / 기대수명-중위 / 국제순이동-중위),인구(명): 65세 이상,1974,1120510.0
중위 추계(기본 추계: 출산율-중위 / 기대수명-중위 / 국제순이동-중위),- 구성비(%): 0-14세,1974,39.7
중위 추계(기본 추계: 출산율-중위 / 기대수명-중위 / 국제순이동-중위),- 구성비(%): 15-64세,1974,57.0
중위 추계(기본 추계: 출산율-중위 / 기대수명-중위 / 국제순이동-중위),- 구성비(%): 65세 이상,1974,3.2
중위 추계(기본 추계: 출산율-중위 / 기대수명-중위 / 국제순이동-중위),총부양비,1974,75.4
중위 추계(기본 추계: 출산율-중위 / 기대수명-중위 / 국제순이동-중위),유소년부양비,1974,69.7
중위 추계(기본 추계: 출산율-중위 / 기대수명-중위 / 국제순이동-중위),노년부양비,1974,5.7
중위 추계(기본 추계: 출산율-중위 / 기대수명-중위 / 국제순이동-중위),노령화지수,1974,8.1
중위 추계(기본 추계: 출산율-중위 / 기대수명-중위 / 국제순이동-중위),중위연령(세),1974,19.2
중위 추계(기본 추계: 출산율-중위 / 기대수명-중위 / 국제순이동-중위),중위연령(세)-남자,1974,18.5
중위 추계(기본 추계: 출산율-중위 / 기대수명-중위 / 국제순이동-중위),중위연령(세)-여자,1974,19.9
중위 추계(기본 추계: 출산율-중위 / 기대수명-중위 / 국제순이동-중위),평균연령(세),1974,24.1
중위 추계(기본 추계: 출산율-중위 / 기대수명-중위 / 국제순이동-중위),평균연령(세)-남자,1974,23.2
중위 추계(기본 추계: 출산율-중위 / 기대수명-중위 / 국제순이동-중위),평균연령(세)-여자,1974,25.0
중위 추계(기본 추계: 출산율-중위 / 기대수명-중위 / 국제순이동-중위),총인구(명),1975,35280725.0
중위 추계(기본 추계: 출산율-중위 / 기대수명-중위 / 국제순이동-중위),남자(명),1975,17765828.0
중위 추계(기본 추계: 출산율-중위 / 기대수명-중위 / 국제순이동-중위),여자(명),1975,17514897.0
중위 추계(기본 추계: 출산율-중위 / 기대수명-중위 / 국제순이동-중위),성비(여자1백명당),1975,101.4
중위 추계(기본 추계: 출산율-중위 / 기대수명-중위 / 국제순이동-중위),인구성장률,1975,1.68
중위 추계(기본 추계: 출산율-중위 / 기대수명-중위 / 국제순이동-중위),인구(명): 0-14세,1975,13614403.0
중위 추계(기본 추계: 출산율-중위 / 기대수명-중위 / 국제순이동-중위),인구(명): 15-64세,1975,20448875.0
중위 추계(기본 추계: 출산율-중위 / 기대수명-중위 / 국제순이동-중위),인구(명): 65세 이상,1975,1217447.0
중위 추계(기본 추계: 출산율-중위 / 기대수명-중위 / 국제순이동-중위),- 구성비(%): 0-14세,1975,38.6
중위 추계(기본 추계: 출산율-중위 / 기대수명-중위 / 국제순이동-중위),- 구성비(%): 15-64세,1975,58.0
중위 추계(기본 추계: 출산율-중위 / 기대수명-중위 / 국제순이동-중위),- 구성비(%): 65세 이상,1975,3.5
중위 추계(기본 추계: 출산율-중위 / 기대수명-중위 / 국제순이동-중위),총부양비,1975,72.5
중위 추계(기본 추계: 출산율-중위 / 기대수명-중위 / 국제순이동-중위),유소년부양비,1975,66.6
중위 추계(기본 추계: 출산율-중위 / 기대수명-중위 / 국제순이동-중위),노년부양비,1975,6.0
중위 추계(기본 추계: 출산율-중위 / 기대수명-중위 / 국제순이동-중위),노령화지수,1975,8.9
중위 추계(기본 추계: 출산율-중위 / 기대수명-중위 / 국제순이동-중위),중위연령(세),1975,19.6
중위 추계(기본 추계: 출산율-중위 / 기대수명-중위 / 국제순이동-중위),중위연령(세)-남자,1975,18.9
중위 추계(기본 추계: 출산율-중위 / 기대수명-중위 / 국제순이동-중위),중위연령(세)-여자,1975,20.3
중위 추계(기본 추계: 출산율-중위 / 기대수명-중위 / 국제순이동-중위),평균연령(세),1975,24.5
중위 추계(기본 추계: 출산율-중위 / 기대수명-중위 / 국제순이동-중위),평균연령(세)-남자,1975,23.5
중위 추계(기본 추계: 출산율-중위 / 기대수명-중위 / 국제순이동-중위),평균연령(세)-여자,1975,25.4
중위 추계(기본 추계: 출산율-중위 / 기대수명-중위 / 국제순이동-중위),총인구(명),1976,35848523.0
중위 추계(기본 추계: 출산율-중위 / 기대수명-중위 / 국제순이동-중위),남자(명),1976,18058503.0
중위 추계(기본 추계: 출산율-중위 / 기대수명-중위 / 국제순이동-중위),여자(명),1976,17790020.0
중위 추계(기본 추계: 출산율-중위 / 기대수명-중위 / 국제순이동-중위),성비(여자1백명당),1976,101.5
중위 추계(기본 추계: 출산율-중위 / 기대수명-중위 / 국제순이동-중위),인구성장률,1976,1.6
중위 추계(기본 추계: 출산율-중위 / 기대수명-중위 / 국제순이동-중위),인구(명): 0-14세,1976,13434830.0
중위 추계(기본 추계: 출산율-중위 / 기대수명-중위 / 국제순이동-중위),인구(명): 15-64세,1976,21151580.0
중위 추계(기본 추계: 출산율-중위 / 기대수명-중위 / 국제순이동-중위),인구(명): 65세 이상,1976,1262113.0
중위 추계(기본 추계: 출산율-중위 / 기대수명-중위 / 국제순이동-중위),- 구성비(%): 0-14세,1976,37.5
중위 추계(기본 추계: 출산율-중위 / 기대수명-중위 / 국제순이동-중위),- 구성비(%): 15-64세,1976,59.0
중위 추계(기본 추계: 출산율-중위 / 기대수명-중위 / 국제순이동-중위),- 구성비(%): 65세 이상,1976,3.5
중위 추계(기본 추계: 출산율-중위 / 기대수명-중위 / 국제순이동-중위),총부양비,1976,69.5
중위 추계(기본 추계: 출산율-중위 / 기대수명-중위 / 국제순이동-중위),유소년부양비,1976,63.5
중위 추계(기본 추계: 출산율-중위 / 기대수명-중위 / 국제순이동-중위),노년부양비,1976,6.0
중위 추계(기본 추계: 출산율-중위 / 기대수명-중위 / 국제순이동-중위),노령화지수,1976,9.4
중위 추계(기본 추계: 출산율-중위 / 기대수명-중위 / 국제순이동-중위),중위연령(세),1976,20.0
중위 추계(기본 추계: 출산율-중위 / 기대수명-중위 / 국제순이동-중위),중위연령(세)-남자,1976,19.4
중위 추계(기본 추계: 출산율-중위 / 기대수명-중위 / 국제순이동-중위),중위연령(세)-여자,1976,20.8
중위 추계(기본 추계: 출산율-중위 / 기대수명-중위 / 국제순이동-중위),평균연령(세),1976,24.8
중위 추계(기본 추계: 출산율-중위 / 기대수명-중위 / 국제순이동-중위),평균연령(세)-남자,1976,23.8
중위 추계(기본 추계: 출산율-중위 / 기대수명-중위 / 국제순이동-중위),평균연령(세)-여자,1976,25.7
중위 추계(기본 추계: 출산율-중위 / 기대수명-중위 / 국제순이동-중위),총인구(명),1977,36411795.0
중위 추계(기본 추계: 출산율-중위 / 기대수명-중위 / 국제순이동-중위),남자(명),1977,18349416.0
중위 추계(기본 추계: 출산율-중위 / 기대수명-중위 / 국제순이동-중위),여자(명),1977,18062379.0
중위 추계(기본 추계: 출산율-중위 / 기대수명-중위 / 국제순이동-중위),성비(여자1백명당),1977,101.6
중위 추계(기본 추계: 출산율-중위 / 기대수명-중위 / 국제순이동-중위),인구성장률,1977,1.56
중위 추계(기본 추계: 출산율-중위 / 기대수명-중위 / 국제순이동-중위),인구(명): 0-14세,1977,13273107.0
중위 추계(기본 추계: 출산율-중위 / 기대수명-중위 / 국제순이동-중위),인구(명): 15-64세,1977,21829330.0
중위 추계(기본 추계: 출산율-중위 / 기대수명-중위 / 국제순이동-중위),인구(명): 65세 이상,1977,1309358.0
중위 추계(기본 추계: 출산율-중위 / 기대수명-중위 / 국제순이동-중위),- 구성비(%): 0-14세,1977,36.5
중위 추계(기본 추계: 출산율-중위 / 기대수명-중위 / 국제순이동-중위),- 구성비(%): 15-64세,1977,60.0
중위 추계(기본 추계: 출산율-중위 / 기대수명-중위 / 국제순이동-중위),- 구성비(%): 65세 이상,1977,3.6
중위 추계(기본 추계: 출산율-중위 / 기대수명-중위 / 국제순이동-중위),총부양비,1977,66.8
중위 추계(기본 추계: 출산율-중위 / 기대수명-중위 / 국제순이동-중위),유소년부양비,1977,60.8
중위 추계(기본 추계: 출산율-중위 / 기대수명-중위 / 국제순이동-중위),노년부양비,1977,6.0
중위 추계(기본 추계: 출산율-중위 / 기대수명-중위 / 국제순이동-중위),노령화지수,1977,9.9
중위 추계(기본 추계: 출산율-중위 / 기대수명-중위 / 국제순이동-중위),중위연령(세),1977,20.5
중위 추계(기본 추계: 출산율-중위 / 기대수명-중위 / 국제순이동-중위),중위연령(세)-남자,1977,19.9
중위 추계(기본 추계: 출산율-중위 / 기대수명-중위 / 국제순이동-중위),중위연령(세)-여자,1977,21.2
중위 추계(기본 추계: 출산율-중위 / 기대수명-중위 / 국제순이동-중위),평균연령(세),1977,25.1
중위 추계(기본 추계: 출산율-중위 / 기대수명-중위 / 국제순이동-중위),평균연령(세)-남자,1977,24.2
중위 추계(기본 추계: 출산율-중위 / 기대수명-중위 / 국제순이동-중위),평균연령(세)-여자,1977,26.0
중위 추계(기본 추계: 출산율-중위 / 기대수명-중위 / 국제순이동-중위),총인구(명),1978,36969185.0
중위 추계(기본 추계: 출산율-중위 / 기대수명-중위 / 국제순이동-중위),남자(명),1978,18637254.0
중위 추계(기본 추계: 출산율-중위 / 기대수명-중위 / 국제순이동-중위),여자(명),1978,18331931.0
중위 추계(기본 추계: 출산율-중위 / 기대수명-중위 / 국제순이동-중위),성비(여자1백명당),1978,101.7
중위 추계(기본 추계: 출산율-중위 / 기대수명-중위 / 국제순이동-중위),인구성장률,1978,1.52
중위 추계(기본 추계: 출산율-중위 / 기대수명-중위 / 국제순이동-중위),인구(명): 0-14세,1978,13116029.0
중위 추계(기본 추계: 출산율-중위 / 기대수명-중위 / 국제순이동-중위),인구(명): 15-64세,1978,22495994.0
중위 추계(기본 추계: 출산율-중위 / 기대수명-중위 / 국제순이동-중위),인구(명): 65세 이상,1978,1357162.0
중위 추계(기본 추계: 출산율-중위 / 기대수명-중위 / 국제순이동-중위),- 구성비(%): 0-14세,1978,35.5
중위 추계(기본 추계: 출산율-중위 / 기대수명-중위 / 국제순이동-중위),- 구성비(%): 15-64세,1978,60.9
중위 추계(기본 추계: 출산율-중위 / 기대수명-중위 / 국제순이동-중위),- 구성비(%): 65세 이상,1978,3.7
중위 추계(기본 추계: 출산율-중위 / 기대수명-중위 / 국제순이동-중위),총부양비,1978,64.3
중위 추계(기본 추계: 출산율-중위 / 기대수명-중위 / 국제순이동-중위),유소년부양비,1978,58.3
중위 추계(기본 추계: 출산율-중위 / 기대수명-중위 / 국제순이동-중위),노년부양비,1978,6.0
중위 추계(기본 추계: 출산율-중위 / 기대수명-중위 / 국제순이동-중위),노령화지수,1978,10.3
중위 추계(기본 추계: 출산율-중위 / 기대수명-중위 / 국제순이동-중위),중위연령(세),1978,20.9
중위 추계(기본 추계: 출산율-중위 / 기대수명-중위 / 국제순이동-중위),중위연령(세)-남자,1978,20.3
중위 추계(기본 추계: 출산율-중위 / 기대수명-중위 / 국제순이동-중위),중위연령(세)-여자,1978,21.6
중위 추계(기본 추계: 출산율-중위 / 기대수명-중위 / 국제순이동-중위),평균연령(세),1978,25.4
중위 추계(기본 추계: 출산율-중위 / 기대수명-중위 / 국제순이동-중위),평균연령(세)-남자,1978,24.5
중위 추계(기본 추계: 출산율-중위 / 기대수명-중위 / 국제순이동-중위),평균연령(세)-여자,1978,26.3
중위 추계(기본 추계: 출산율-중위 / 기대수명-중위 / 국제순이동-중위),총인구(명),1979,37534236.0
중위 추계(기본 추계: 출산율-중위 / 기대수명-중위 / 국제순이동-중위),남자(명),1979,18929361.0
중위 추계(기본 추계: 출산율-중위 / 기대수명-중위 / 국제순이동-중위),여자(명),1979,18604875.0
중위 추계(기본 추계: 출산율-중위 / 기대수명-중위 / 국제순이동-중위),성비(여자1백명당),1979,101.7
중위 추계(기본 추계: 출산율-중위 / 기대수명-중위 / 국제순이동-중위),인구성장률,1979,1.52
중위 추계(기본 추계: 출산율-중위 / 기대수명-중위 / 국제순이동-중위),인구(명): 0-14세,1979,13005315.0
중위 추계(기본 추계: 출산율-중위 / 기대수명-중위 / 국제순이동-중위),인구(명): 15-64세,1979,23123979.0
중위 추계(기본 추계: 출산율-중위 / 기대수명-중위 / 국제순이동-중위),인구(명): 65세 이상,1979,1404942.0
중위 추계(기본 추계: 출산율-중위 / 기대수명-중위 / 국제순이동-중위),- 구성비(%): 0-14세,1979,34.6
중위 추계(기본 추계: 출산율-중위 / 기대수명-중위 / 국제순이동-중위),- 구성비(%): 15-64세,1979,61.6
중위 추계(기본 추계: 출산율-중위 / 기대수명-중위 / 국제순이동-중위),- 구성비(%): 65세 이상,1979,3.7
중위 추계(기본 추계: 출산율-중위 / 기대수명-중위 / 국제순이동-중위),총부양비,1979,62.3
중위 추계(기본 추계: 출산율-중위 / 기대수명-중위 / 국제순이동-중위),유소년부양비,1979,56.2
중위 추계(기본 추계: 출산율-중위 / 기대수명-중위 / 국제순이동-중위),노년부양비,1979,6.1
중위 추계(기본 추계: 출산율-중위 / 기대수명-중위 / 국제순이동-중위),노령화지수,1979,10.8
중위 추계(기본 추계: 출산율-중위 / 기대수명-중위 / 국제순이동-중위),중위연령(세),1979,21.4
중위 추계(기본 추계: 출산율-중위 / 기대수명-중위 / 국제순이동-중위),중위연령(세)-남자,1979,20.8
중위 추계(기본 추계: 출산율-중위 / 기대수명-중위 / 국제순이동-중위),중위연령(세)-여자,1979,22.0
중위 추계(기본 추계: 출산율-중위 / 기대수명-중위 / 국제순이동-중위),평균연령(세),1979,25.7
중위 추계(기본 추계: 출산율-중위 / 기대수명-중위 / 국제순이동-중위),평균연령(세)-남자,1979,24.8
중위 추계(기본 추계: 출산율-중위 / 기대수명-중위 / 국제순이동-중위),평균연령(세)-여자,1979,26.6
중위 추계(기본 추계: 출산율-중위 / 기대수명-중위 / 국제순이동-중위),총인구(명),1980,38123775.0
중위 추계(기본 추계: 출산율-중위 / 기대수명-중위 / 국제순이동-중위),남자(명),1980,19235736.0
중위 추계(기본 추계: 출산율-중위 / 기대수명-중위 / 국제순이동-중위),여자(명),1980,18888039.0
중위 추계(기본 추계: 출산율-중위 / 기대수명-중위 / 국제순이동-중위),성비(여자1백명당),1980,101.8
중위 추계(기본 추계: 출산율-중위 / 기대수명-중위 / 국제순이동-중위),인구성장률,1980,1.56
중위 추계(기본 추계: 출산율-중위 / 기대수명-중위 / 국제순이동-중위),인구(명): 0-14세,1980,12950775.0
중위 추계(기본 추계: 출산율-중위 / 기대수명-중위 / 국제순이동-중위),인구(명): 15-64세,1980,23716967.0
중위 추계(기본 추계: 출산율-중위 / 기대수명-중위 / 국제순이동-중위),인구(명): 65세 이상,1980,1456033.0
중위 추계(기본 추계: 출산율-중위 / 기대수명-중위 / 국제순이동-중위),- 구성비(%): 0-14세,1980,34.0
중위 추계(기본 추계: 출산율-중위 / 기대수명-중위 / 국제순이동-중위),- 구성비(%): 15-64세,1980,62.2
중위 추계(기본 추계: 출산율-중위 / 기대수명-중위 / 국제순이동-중위),- 구성비(%): 65세 이상,1980,3.8
중위 추계(기본 추계: 출산율-중위 / 기대수명-중위 / 국제순이동-중위),총부양비,1980,60.7
중위 추계(기본 추계: 출산율-중위 / 기대수명-중위 / 국제순이동-중위),유소년부양비,1980,54.6
중위 추계(기본 추계: 출산율-중위 / 기대수명-중위 / 국제순이동-중위),노년부양비,1980,6.1
중위 추계(기본 추계: 출산율-중위 / 기대수명-중위 / 국제순이동-중위),노령화지수,1980,11.2
중위 추계(기본 추계: 출산율-중위 / 기대수명-중위 / 국제순이동-중위),중위연령(세),1980,21.8
중위 추계(기본 추계: 출산율-중위 / 기대수명-중위 / 국제순이동-중위),중위연령(세)-남자,1980,21.2
중위 추계(기본 추계: 출산율-중위 / 기대수명-중위 / 국제순이동-중위),중위연령(세)-여자,1980,22.4
중위 추계(기본 추계: 출산율-중위 / 기대수명-중위 / 국제순이동-중위),평균연령(세),1980,25.9
중위 추계(기본 추계: 출산율-중위 / 기대수명-중위 / 국제순이동-중위),평균연령(세)-남자,1980,25.0
중위 추계(기본 추계: 출산율-중위 / 기대수명-중위 / 국제순이동-중위),평균연령(세)-여자,1980,26.8
중위 추계(기본 추계: 출산율-중위 / 기대수명-중위 / 국제순이동-중위),총인구(명),1981,38723248.0
중위 추계(기본 추계: 출산율-중위 / 기대수명-중위 / 국제순이동-중위),남자(명),1981,19535680.0
중위 추계(기본 추계: 출산율-중위 / 기대수명-중위 / 국제순이동-중위),여자(명),1981,19187568.0
중위 추계(기본 추계: 출산율-중위 / 기대수명-중위 / 국제순이동-중위),성비(여자1백명당),1981,101.8
중위 추계(기본 추계: 출산율-중위 / 기대수명-중위 / 국제순이동-중위),인구성장률,1981,1.56
중위 추계(기본 추계: 출산율-중위 / 기대수명-중위 / 국제순이동-중위),인구(명): 0-14세,1981,12925036.0
중위 추계(기본 추계: 출산율-중위 / 기대수명-중위 / 국제순이동-중위),인구(명): 15-64세,1981,24300033.0
중위 추계(기본 추계: 출산율-중위 / 기대수명-중위 / 국제순이동-중위),인구(명): 65세 이상,1981,1498179.0
중위 추계(기본 추계: 출산율-중위 / 기대수명-중위 / 국제순이동-중위),- 구성비(%): 0-14세,1981,33.4
중위 추계(기본 추계: 출산율-중위 / 기대수명-중위 / 국제순이동-중위),- 구성비(%): 15-64세,1981,62.8
중위 추계(기본 추계: 출산율-중위 / 기대수명-중위 / 국제순이동-중위),- 구성비(%): 65세 이상,1981,3.9
중위 추계(기본 추계: 출산율-중위 / 기대수명-중위 / 국제순이동-중위),총부양비,1981,59.4
중위 추계(기본 추계: 출산율-중위 / 기대수명-중위 / 국제순이동-중위),유소년부양비,1981,53.2
중위 추계(기본 추계: 출산율-중위 / 기대수명-중위 / 국제순이동-중위),노년부양비,1981,6.2
중위 추계(기본 추계: 출산율-중위 / 기대수명-중위 / 국제순이동-중위),노령화지수,1981,11.6
중위 추계(기본 추계: 출산율-중위 / 기대수명-중위 / 국제순이동-중위),중위연령(세),1981,22.2
중위 추계(기본 추계: 출산율-중위 / 기대수명-중위 / 국제순이동-중위),중위연령(세)-남자,1981,21.7
중위 추계(기본 추계: 출산율-중위 / 기대수명-중위 / 국제순이동-중위),중위연령(세)-여자,1981,22.8
중위 추계(기본 추계: 출산율-중위 / 기대수명-중위 / 국제순이동-중위),평균연령(세),1981,26.2
중위 추계(기본 추계: 출산율-중위 / 기대수명-중위 / 국제순이동-중위),평균연령(세)-남자,1981,25.3
중위 추계(기본 추계: 출산율-중위 / 기대수명-중위 / 국제순이동-중위),평균연령(세)-여자,1981,27.1
중위 추계(기본 추계: 출산율-중위 / 기대수명-중위 / 국제순이동-중위),총인구(명),1982,39326352.0
중위 추계(기본 추계: 출산율-중위 / 기대수명-중위 / 국제순이동-중위),남자(명),1982,19837392.0
중위 추계(기본 추계: 출산율-중위 / 기대수명-중위 / 국제순이동-중위),여자(명),1982,19488960.0
중위 추계(기본 추계: 출산율-중위 / 기대수명-중위 / 국제순이동-중위),성비(여자1백명당),1982,101.8
중위 추계(기본 추계: 출산율-중위 / 기대수명-중위 / 국제순이동-중위),인구성장률,1982,1.55
중위 추계(기본 추계: 출산율-중위 / 기대수명-중위 / 국제순이동-중위),인구(명): 0-14세,1982,12886600.0
중위 추계(기본 추계: 출산율-중위 / 기대수명-중위 / 국제순이동-중위),인구(명): 15-64세,1982,24880337.0
중위 추계(기본 추계: 출산율-중위 / 기대수명-중위 / 국제순이동-중위),인구(명): 65세 이상,1982,1559415.0
중위 추계(기본 추계: 출산율-중위 / 기대수명-중위 / 국제순이동-중위),- 구성비(%): 0-14세,1982,32.8
중위 추계(기본 추계: 출산율-중위 / 기대수명-중위 / 국제순이동-중위),- 구성비(%): 15-64세,1982,63.3
중위 추계(기본 추계: 출산율-중위 / 기대수명-중위 / 국제순이동-중위),- 구성비(%): 65세 이상,1982,4.0
중위 추계(기본 추계: 출산율-중위 / 기대수명-중위 / 국제순이동-중위),총부양비,1982,58.1
중위 추계(기본 추계: 출산율-중위 / 기대수명-중위 / 국제순이동-중위),유소년부양비,1982,51.8
중위 추계(기본 추계: 출산율-중위 / 기대수명-중위 / 국제순이동-중위),노년부양비,1982,6.3
중위 추계(기본 추계: 출산율-중위 / 기대수명-중위 / 국제순이동-중위),노령화지수,1982,12.1
중위 추계(기본 추계: 출산율-중위 / 기대수명-중위 / 국제순이동-중위),중위연령(세),1982,22.7
중위 추계(기본 추계: 출산율-중위 / 기대수명-중위 / 국제순이동-중위),중위연령(세)-남자,1982,22.2
중위 추계(기본 추계: 출산율-중위 / 기대수명-중위 / 국제순이동-중위),중위연령(세)-여자,1982,23.3
중위 추계(기본 추계: 출산율-중위 / 기대수명-중위 / 국제순이동-중위),평균연령(세),1982,26.5
중위 추계(기본 추계: 출산율-중위 / 기대수명-중위 / 국제순이동-중위),평균연령(세)-남자,1982,25.6
중위 추계(기본 추계: 출산율-중위 / 기대수명-중위 / 국제순이동-중위),평균연령(세)-여자,1982,27.3
중위 추계(기본 추계: 출산율-중위 / 기대수명-중위 / 국제순이동-중위),총인구(명),1983,39910403.0
중위 추계(기본 추계: 출산율-중위 / 기대수명-중위 / 국제순이동-중위),남자(명),1983,20129120.0
중위 추계(기본 추계: 출산율-중위 / 기대수명-중위 / 국제순이동-중위),여자(명),1983,19781283.0
중위 추계(기본 추계: 출산율-중위 / 기대수명-중위 / 국제순이동-중위),성비(여자1백명당),1983,101.8
중위 추계(기본 추계: 출산율-중위 / 기대수명-중위 / 국제순이동-중위),인구성장률,1983,1.47
중위 추계(기본 추계: 출산율-중위 / 기대수명-중위 / 국제순이동-중위),인구(명): 0-14세,1983,12800968.0
중위 추계(기본 추계: 출산율-중위 / 기대수명-중위 / 국제순이동-중위),인구(명): 15-64세,1983,25494901.0
중위 추계(기본 추계: 출산율-중위 / 기대수명-중위 / 국제순이동-중위),인구(명): 65세 이상,1983,1614534.0
중위 추계(기본 추계: 출산율-중위 / 기대수명-중위 / 국제순이동-중위),- 구성비(%): 0-14세,1983,32.1
중위 추계(기본 추계: 출산율-중위 / 기대수명-중위 / 국제순이동-중위),- 구성비(%): 15-64세,1983,63.9
중위 추계(기본 추계: 출산율-중위 / 기대수명-중위 / 국제순이동-중위),- 구성비(%): 65세 이상,1983,4.0
중위 추계(기본 추계: 출산율-중위 / 기대수명-중위 / 국제순이동-중위),총부양비,1983,56.5
중위 추계(기본 추계: 출산율-중위 / 기대수명-중위 / 국제순이동-중위),유소년부양비,1983,50.2
중위 추계(기본 추계: 출산율-중위 / 기대수명-중위 / 국제순이동-중위),노년부양비,1983,6.3
중위 추계(기본 추계: 출산율-중위 / 기대수명-중위 / 국제순이동-중위),노령화지수,1983,12.6
중위 추계(기본 추계: 출산율-중위 / 기대수명-중위 / 국제순이동-중위),중위연령(세),1983,23.2
중위 추계(기본 추계: 출산율-중위 / 기대수명-중위 / 국제순이동-중위),중위연령(세)-남자,1983,22.7
중위 추계(기본 추계: 출산율-중위 / 기대수명-중위 / 국제순이동-중위),중위연령(세)-여자,1983,23.8
중위 추계(기본 추계: 출산율-중위 / 기대수명-중위 / 국제순이동-중위),평균연령(세),1983,26.8
중위 추계(기본 추계: 출산율-중위 / 기대수명-중위 / 국제순이동-중위),평균연령(세)-남자,1983,25.9
중위 추계(기본 추계: 출산율-중위 / 기대수명-중위 / 국제순이동-중위),평균연령(세)-여자,1983,27.7
중위 추계(기본 추계: 출산율-중위 / 기대수명-중위 / 국제순이동-중위),총인구(명),1984,40405956.0
중위 추계(기본 추계: 출산율-중위 / 기대수명-중위 / 국제순이동-중위),남자(명),1984,20375175.0
중위 추계(기본 추계: 출산율-중위 / 기대수명-중위 / 국제순이동-중위),여자(명),1984,20030781.0
중위 추계(기본 추계: 출산율-중위 / 기대수명-중위 / 국제순이동-중위),성비(여자1백명당),1984,101.7
중위 추계(기본 추계: 출산율-중위 / 기대수명-중위 / 국제순이동-중위),인구성장률,1984,1.23
중위 추계(기본 추계: 출산율-중위 / 기대수명-중위 / 국제순이동-중위),인구(명): 0-14세,1984,12591760.0
중위 추계(기본 추계: 출산율-중위 / 기대수명-중위 / 국제순이동-중위),인구(명): 15-64세,1984,26140581.0
중위 추계(기본 추계: 출산율-중위 / 기대수명-중위 / 국제순이동-중위),인구(명): 65세 이상,1984,1673615.0
중위 추계(기본 추계: 출산율-중위 / 기대수명-중위 / 국제순이동-중위),- 구성비(%): 0-14세,1984,31.2
중위 추계(기본 추계: 출산율-중위 / 기대수명-중위 / 국제순이동-중위),- 구성비(%): 15-64세,1984,64.7
중위 추계(기본 추계: 출산율-중위 / 기대수명-중위 / 국제순이동-중위),- 구성비(%): 65세 이상,1984,4.1
중위 추계(기본 추계: 출산율-중위 / 기대수명-중위 / 국제순이동-중위),총부양비,1984,54.6
중위 추계(기본 추계: 출산율-중위 / 기대수명-중위 / 국제순이동-중위),유소년부양비,1984,48.2
중위 추계(기본 추계: 출산율-중위 / 기대수명-중위 / 국제순이동-중위),노년부양비,1984,6.4
중위 추계(기본 추계: 출산율-중위 / 기대수명-중위 / 국제순이동-중위),노령화지수,1984,13.3
중위 추계(기본 추계: 출산율-중위 / 기대수명-중위 / 국제순이동-중위),중위연령(세),1984,23.8
중위 추계(기본 추계: 출산율-중위 / 기대수명-중위 / 국제순이동-중위),중위연령(세)-남자,1984,23.2
중위 추계(기본 추계: 출산율-중위 / 기대수명-중위 / 국제순이동-중위),중위연령(세)-여자,1984,24.3
중위 추계(기본 추계: 출산율-중위 / 기대수명-중위 / 국제순이동-중위),평균연령(세),1984,27.1
중위 추계(기본 추계: 출산율-중위 / 기대수명-중위 / 국제순이동-중위),평균연령(세)-남자,1984,26.2
중위 추계(기본 추계: 출산율-중위 / 기대수명-중위 / 국제순이동-중위),평균연령(세)-여자,1984,28.0
중위 추계(기본 추계: 출산율-중위 / 기대수명-중위 / 국제순이동-중위),총인구(명),1985,40805744.0
중위 추계(기본 추계: 출산율-중위 / 기대수명-중위 / 국제순이동-중위),남자(명),1985,20575600.0
중위 추계(기본 추계: 출산율-중위 / 기대수명-중위 / 국제순이동-중위),여자(명),1985,20230144.0
중위 추계(기본 추계: 출산율-중위 / 기대수명-중위 / 국제순이동-중위),성비(여자1백명당),1985,101.7
중위 추계(기본 추계: 출산율-중위 / 기대수명-중위 / 국제순이동-중위),인구성장률,1985,0.98
중위 추계(기본 추계: 출산율-중위 / 기대수명-중위 / 국제순이동-중위),인구(명): 0-14세,1985,12304542.0
중위 추계(기본 추계: 출산율-중위 / 기대수명-중위 / 국제순이동-중위),인구(명): 15-64세,1985,26759353.0
중위 추계(기본 추계: 출산율-중위 / 기대수명-중위 / 국제순이동-중위),인구(명): 65세 이상,1985,1741849.0
중위 추계(기본 추계: 출산율-중위 / 기대수명-중위 / 국제순이동-중위),- 구성비(%): 0-14세,1985,30.2
중위 추계(기본 추계: 출산율-중위 / 기대수명-중위 / 국제순이동-중위),- 구성비(%): 15-64세,1985,65.6
중위 추계(기본 추계: 출산율-중위 / 기대수명-중위 / 국제순이동-중위),- 구성비(%): 65세 이상,1985,4.3
중위 추계(기본 추계: 출산율-중위 / 기대수명-중위 / 국제순이동-중위),총부양비,1985,52.5
중위 추계(기본 추계: 출산율-중위 / 기대수명-중위 / 국제순이동-중위),유소년부양비,1985,46.0
중위 추계(기본 추계: 출산율-중위 / 기대수명-중위 / 국제순이동-중위),노년부양비,1985,6.5
중위 추계(기본 추계: 출산율-중위 / 기대수명-중위 / 국제순이동-중위),노령화지수,1985,14.2
중위 추계(기본 추계: 출산율-중위 / 기대수명-중위 / 국제순이동-중위),중위연령(세),1985,24.3
중위 추계(기본 추계: 출산율-중위 / 기대수명-중위 / 국제순이동-중위),중위연령(세)-남자,1985,23.8
중위 추계(기본 추계: 출산율-중위 / 기대수명-중위 / 국제순이동-중위),중위연령(세)-여자,1985,24.9
중위 추계(기본 추계: 출산율-중위 / 기대수명-중위 / 국제순이동-중위),평균연령(세),1985,27.5
중위 추계(기본 추계: 출산율-중위 / 기대수명-중위 / 국제순이동-중위),평균연령(세)-남자,1985,26.6
중위 추계(기본 추계: 출산율-중위 / 기대수명-중위 / 국제순이동-중위),평균연령(세)-여자,1985,28.4
중위 추계(기본 추계: 출산율-중위 / 기대수명-중위 / 국제순이동-중위),총인구(명),1986,41213674.0
중위 추계(기본 추계: 출산율-중위 / 기대수명-중위 / 국제순이동-중위),남자(명),1986,20771997.0
중위 추계(기본 추계: 출산율-중위 / 기대수명-중위 / 국제순이동-중위),여자(명),1986,20441677.0
중위 추계(기본 추계: 출산율-중위 / 기대수명-중위 / 국제순이동-중위),성비(여자1백명당),1986,101.6
중위 추계(기본 추계: 출산율-중위 / 기대수명-중위 / 국제순이동-중위),인구성장률,1986,0.99
중위 추계(기본 추계: 출산율-중위 / 기대수명-중위 / 국제순이동-중위),인구(명): 0-14세,1986,12029833.0
중위 추계(기본 추계: 출산율-중위 / 기대수명-중위 / 국제순이동-중위),인구(명): 15-64세,1986,27383105.0
중위 추계(기본 추계: 출산율-중위 / 기대수명-중위 / 국제순이동-중위),인구(명): 65세 이상,1986,1800736.0
중위 추계(기본 추계: 출산율-중위 / 기대수명-중위 / 국제순이동-중위),- 구성비(%): 0-14세,1986,29.2
중위 추계(기본 추계: 출산율-중위 / 기대수명-중위 / 국제순이동-중위),- 구성비(%): 15-64세,1986,66.4
중위 추계(기본 추계: 출산율-중위 / 기대수명-중위 / 국제순이동-중위),- 구성비(%): 65세 이상,1986,4.4
중위 추계(기본 추계: 출산율-중위 / 기대수명-중위 / 국제순이동-중위),총부양비,1986,50.5
중위 추계(기본 추계: 출산율-중위 / 기대수명-중위 / 국제순이동-중위),유소년부양비,1986,43.9
중위 추계(기본 추계: 출산율-중위 / 기대수명-중위 / 국제순이동-중위),노년부양비,1986,6.6
중위 추계(기본 추계: 출산율-중위 / 기대수명-중위 / 국제순이동-중위),노령화지수,1986,15.0
중위 추계(기본 추계: 출산율-중위 / 기대수명-중위 / 국제순이동-중위),중위연령(세),1986,24.8
중위 추계(기본 추계: 출산율-중위 / 기대수명-중위 / 국제순이동-중위),중위연령(세)-남자,1986,24.3
중위 추계(기본 추계: 출산율-중위 / 기대수명-중위 / 국제순이동-중위),중위연령(세)-여자,1986,25.4
중위 추계(기본 추계: 출산율-중위 / 기대수명-중위 / 국제순이동-중위),평균연령(세),1986,27.9
중위 추계(기본 추계: 출산율-중위 / 기대수명-중위 / 국제순이동-중위),평균연령(세)-남자,1986,27.0
중위 추계(기본 추계: 출산율-중위 / 기대수명-중위 / 국제순이동-중위),평균연령(세)-여자,1986,28.8
중위 추계(기본 추계: 출산율-중위 / 기대수명-중위 / 국제순이동-중위),총인구(명),1987,41621690.0
중위 추계(기본 추계: 출산율-중위 / 기대수명-중위 / 국제순이동-중위),남자(명),1987,20959980.0
중위 추계(기본 추계: 출산율-중위 / 기대수명-중위 / 국제순이동-중위),여자(명),1987,20661710.0
중위 추계(기본 추계: 출산율-중위 / 기대수명-중위 / 국제순이동-중위),성비(여자1백명당),1987,101.4
중위 추계(기본 추계: 출산율-중위 / 기대수명-중위 / 국제순이동-중위),인구성장률,1987,0.99
중위 추계(기본 추계: 출산율-중위 / 기대수명-중위 / 국제순이동-중위),인구(명): 0-14세,1987,11746377.0
중위 추계(기본 추계: 출산율-중위 / 기대수명-중위 / 국제순이동-중위),인구(명): 15-64세,1987,27998885.0
중위 추계(기본 추계: 출산율-중위 / 기대수명-중위 / 국제순이동-중위),인구(명): 65세 이상,1987,1876428.0
중위 추계(기본 추계: 출산율-중위 / 기대수명-중위 / 국제순이동-중위),- 구성비(%): 0-14세,1987,28.2
중위 추계(기본 추계: 출산율-중위 / 기대수명-중위 / 국제순이동-중위),- 구성비(%): 15-64세,1987,67.3
중위 추계(기본 추계: 출산율-중위 / 기대수명-중위 / 국제순이동-중위),- 구성비(%): 65세 이상,1987,4.5
중위 추계(기본 추계: 출산율-중위 / 기대수명-중위 / 국제순이동-중위),총부양비,1987,48.7
중위 추계(기본 추계: 출산율-중위 / 기대수명-중위 / 국제순이동-중위),유소년부양비,1987,42.0
중위 추계(기본 추계: 출산율-중위 / 기대수명-중위 / 국제순이동-중위),노년부양비,1987,6.7
중위 추계(기본 추계: 출산율-중위 / 기대수명-중위 / 국제순이동-중위),노령화지수,1987,16.0
중위 추계(기본 추계: 출산율-중위 / 기대수명-중위 / 국제순이동-중위),중위연령(세),1987,25.4
중위 추계(기본 추계: 출산율-중위 / 기대수명-중위 / 국제순이동-중위),중위연령(세)-남자,1987,24.8
중위 추계(기본 추계: 출산율-중위 / 기대수명-중위 / 국제순이동-중위),중위연령(세)-여자,1987,26.0
중위 추계(기본 추계: 출산율-중위 / 기대수명-중위 / 국제순이동-중위),평균연령(세),1987,28.3
중위 추계(기본 추계: 출산율-중위 / 기대수명-중위 / 국제순이동-중위),평균연령(세)-남자,1987,27.4
중위 추계(기본 추계: 출산율-중위 / 기대수명-중위 / 국제순이동-중위),평균연령(세)-여자,1987,29.2
중위 추계(기본 추계: 출산율-중위 / 기대수명-중위 / 국제순이동-중위),총인구(명),1988,42031247.0
중위 추계(기본 추계: 출산율-중위 / 기대수명-중위 / 국제순이동-중위),남자(명),1988,21155226.0
중위 추계(기본 추계: 출산율-중위 / 기대수명-중위 / 국제순이동-중위),여자(명),1988,20876021.0
중위 추계(기본 추계: 출산율-중위 / 기대수명-중위 / 국제순이동-중위),성비(여자1백명당),1988,101.3
중위 추계(기본 추계: 출산율-중위 / 기대수명-중위 / 국제순이동-중위),인구성장률,1988,0.98
중위 추계(기본 추계: 출산율-중위 / 기대수명-중위 / 국제순이동-중위),인구(명): 0-14세,1988,11487445.0
중위 추계(기본 추계: 출산율-중위 / 기대수명-중위 / 국제순이동-중위),인구(명): 15-64세,1988,28581942.0
중위 추계(기본 추계: 출산율-중위 / 기대수명-중위 / 국제순이동-중위),인구(명): 65세 이상,1988,1961860.0
중위 추계(기본 추계: 출산율-중위 / 기대수명-중위 / 국제순이동-중위),- 구성비(%): 0-14세,1988,27.3
중위 추계(기본 추계: 출산율-중위 / 기대수명-중위 / 국제순이동-중위),- 구성비(%): 15-64세,1988,68.0
중위 추계(기본 추계: 출산율-중위 / 기대수명-중위 / 국제순이동-중위),- 구성비(%): 65세 이상,1988,4.7
중위 추계(기본 추계: 출산율-중위 / 기대수명-중위 / 국제순이동-중위),총부양비,1988,47.1
중위 추계(기본 추계: 출산율-중위 / 기대수명-중위 / 국제순이동-중위),유소년부양비,1988,40.2
중위 추계(기본 추계: 출산율-중위 / 기대수명-중위 / 국제순이동-중위),노년부양비,1988,6.9
중위 추계(기본 추계: 출산율-중위 / 기대수명-중위 / 국제순이동-중위),노령화지수,1988,17.1
중위 추계(기본 추계: 출산율-중위 / 기대수명-중위 / 국제순이동-중위),중위연령(세),1988,25.9
중위 추계(기본 추계: 출산율-중위 / 기대수명-중위 / 국제순이동-중위),중위연령(세)-남자,1988,25.3
중위 추계(기본 추계: 출산율-중위 / 기대수명-중위 / 국제순이동-중위),중위연령(세)-여자,1988,26.5
중위 추계(기본 추계: 출산율-중위 / 기대수명-중위 / 국제순이동-중위),평균연령(세),1988,28.7
중위 추계(기본 추계: 출산율-중위 / 기대수명-중위 / 국제순이동-중위),평균연령(세)-남자,1988,27.7
중위 추계(기본 추계: 출산율-중위 / 기대수명-중위 / 국제순이동-중위),평균연령(세)-여자,1988,29.6
중위 추계(기본 추계: 출산율-중위 / 기대수명-중위 / 국제순이동-중위),총인구(명),1989,42449038.0
중위 추계(기본 추계: 출산율-중위 / 기대수명-중위 / 국제순이동-중위),남자(명),1989,21357389.0
중위 추계(기본 추계: 출산율-중위 / 기대수명-중위 / 국제순이동-중위),여자(명),1989,21091649.0
중위 추계(기본 추계: 출산율-중위 / 기대수명-중위 / 국제순이동-중위),성비(여자1백명당),1989,101.3
중위 추계(기본 추계: 출산율-중위 / 기대수명-중위 / 국제순이동-중위),인구성장률,1989,0.99
중위 추계(기본 추계: 출산율-중위 / 기대수명-중위 / 국제순이동-중위),인구(명): 0-14세,1989,11261131.0
중위 추계(기본 추계: 출산율-중위 / 기대수명-중위 / 국제순이동-중위),인구(명): 15-64세,1989,29134922.0
중위 추계(기본 추계: 출산율-중위 / 기대수명-중위 / 국제순이동-중위),인구(명): 65세 이상,1989,2052985.0
중위 추계(기본 추계: 출산율-중위 / 기대수명-중위 / 국제순이동-중위),- 구성비(%): 0-14세,1989,26.5
중위 추계(기본 추계: 출산율-중위 / 기대수명-중위 / 국제순이동-중위),- 구성비(%): 15-64세,1989,68.6
중위 추계(기본 추계: 출산율-중위 / 기대수명-중위 / 국제순이동-중위),- 구성비(%): 65세 이상,1989,4.8
중위 추계(기본 추계: 출산율-중위 / 기대수명-중위 / 국제순이동-중위),총부양비,1989,45.7
중위 추계(기본 추계: 출산율-중위 / 기대수명-중위 / 국제순이동-중위),유소년부양비,1989,38.7
중위 추계(기본 추계: 출산율-중위 / 기대수명-중위 / 국제순이동-중위),노년부양비,1989,7.0
중위 추계(기본 추계: 출산율-중위 / 기대수명-중위 / 국제순이동-중위),노령화지수,1989,18.2
중위 추계(기본 추계: 출산율-중위 / 기대수명-중위 / 국제순이동-중위),중위연령(세),1989,26.4
중위 추계(기본 추계: 출산율-중위 / 기대수명-중위 / 국제순이동-중위),중위연령(세)-남자,1989,25.8
중위 추계(기본 추계: 출산율-중위 / 기대수명-중위 / 국제순이동-중위),중위연령(세)-여자,1989,27.1
중위 추계(기본 추계: 출산율-중위 / 기대수명-중위 / 국제순이동-중위),평균연령(세),1989,29.0
중위 추계(기본 추계: 출산율-중위 / 기대수명-중위 / 국제순이동-중위),평균연령(세)-남자,1989,28.1
중위 추계(기본 추계: 출산율-중위 / 기대수명-중위 / 국제순이동-중위),평균연령(세)-여자,1989,30.0
중위 추계(기본 추계: 출산율-중위 / 기대수명-중위 / 국제순이동-중위),총인구(명),1990,42869283.0
중위 추계(기본 추계: 출산율-중위 / 기대수명-중위 / 국제순이동-중위),남자(명),1990,21568181.0
중위 추계(기본 추계: 출산율-중위 / 기대수명-중위 / 국제순이동-중위),여자(명),1990,21301102.0
중위 추계(기본 추계: 출산율-중위 / 기대수명-중위 / 국제순이동-중위),성비(여자1백명당),1990,101.3
중위 추계(기본 추계: 출산율-중위 / 기대수명-중위 / 국제순이동-중위),인구성장률,1990,0.99
중위 추계(기본 추계: 출산율-중위 / 기대수명-중위 / 국제순이동-중위),인구(명): 0-14세,1990,10973592.0
중위 추계(기본 추계: 출산율-중위 / 기대수명-중위 / 국제순이동-중위),인구(명): 15-64세,1990,29700607.0
중위 추계(기본 추계: 출산율-중위 / 기대수명-중위 / 국제순이동-중위),인구(명): 65세 이상,1990,2195084.0
중위 추계(기본 추계: 출산율-중위 / 기대수명-중위 / 국제순이동-중위),- 구성비(%): 0-14세,1990,25.6
중위 추계(기본 추계: 출산율-중위 / 기대수명-중위 / 국제순이동-중위),- 구성비(%): 15-64세,1990,69.3
중위 추계(기본 추계: 출산율-중위 / 기대수명-중위 / 국제순이동-중위),- 구성비(%): 65세 이상,1990,5.1
중위 추계(기본 추계: 출산율-중위 / 기대수명-중위 / 국제순이동-중위),총부양비,1990,44.3
중위 추계(기본 추계: 출산율-중위 / 기대수명-중위 / 국제순이동-중위),유소년부양비,1990,36.9
중위 추계(기본 추계: 출산율-중위 / 기대수명-중위 / 국제순이동-중위),노년부양비,1990,7.4
중위 추계(기본 추계: 출산율-중위 / 기대수명-중위 / 국제순이동-중위),노령화지수,1990,20.0
중위 추계(기본 추계: 출산율-중위 / 기대수명-중위 / 국제순이동-중위),중위연령(세),1990,27.0
중위 추계(기본 추계: 출산율-중위 / 기대수명-중위 / 국제순이동-중위),중위연령(세)-남자,1990,26.3
중위 추계(기본 추계: 출산율-중위 / 기대수명-중위 / 국제순이동-중위),중위연령(세)-여자,1990,27.7
중위 추계(기본 추계: 출산율-중위 / 기대수명-중위 / 국제순이동-중위),평균연령(세),1990,29.5
중위 추계(기본 추계: 출산율-중위 / 기대수명-중위 / 국제순이동-중위),평균연령(세)-남자,1990,28.5
중위 추계(기본 추계: 출산율-중위 / 기대수명-중위 / 국제순이동-중위),평균연령(세)-여자,1990,30.5
중위 추계(기본 추계: 출산율-중위 / 기대수명-중위 / 국제순이동-중위),총인구(명),1991,43295704.0
중위 추계(기본 추계: 출산율-중위 / 기대수명-중위 / 국제순이동-중위),남자(명),1991,21783914.0
중위 추계(기본 추계: 출산율-중위 / 기대수명-중위 / 국제순이동-중위),여자(명),1991,21511790.0
중위 추계(기본 추계: 출산율-중위 / 기대수명-중위 / 국제순이동-중위),성비(여자1백명당),1991,101.3
중위 추계(기본 추계: 출산율-중위 / 기대수명-중위 / 국제순이동-중위),인구성장률,1991,0.99
중위 추계(기본 추계: 출산율-중위 / 기대수명-중위 / 국제순이동-중위),인구(명): 0-14세,1991,10858720.0
중위 추계(기본 추계: 출산율-중위 / 기대수명-중위 / 국제순이동-중위),인구(명): 15-64세,1991,30170543.0
중위 추계(기본 추계: 출산율-중위 / 기대수명-중위 / 국제순이동-중위),인구(명): 65세 이상,1991,2266441.0
중위 추계(기본 추계: 출산율-중위 / 기대수명-중위 / 국제순이동-중위),- 구성비(%): 0-14세,1991,25.1
중위 추계(기본 추계: 출산율-중위 / 기대수명-중위 / 국제순이동-중위),- 구성비(%): 15-64세,1991,69.7
중위 추계(기본 추계: 출산율-중위 / 기대수명-중위 / 국제순이동-중위),- 구성비(%): 65세 이상,1991,5.2
중위 추계(기본 추계: 출산율-중위 / 기대수명-중위 / 국제순이동-중위),총부양비,1991,43.5
중위 추계(기본 추계: 출산율-중위 / 기대수명-중위 / 국제순이동-중위),유소년부양비,1991,36.0
중위 추계(기본 추계: 출산율-중위 / 기대수명-중위 / 국제순이동-중위),노년부양비,1991,7.5
중위 추계(기본 추계: 출산율-중위 / 기대수명-중위 / 국제순이동-중위),노령화지수,1991,20.9
중위 추계(기본 추계: 출산율-중위 / 기대수명-중위 / 국제순이동-중위),중위연령(세),1991,27.5
중위 추계(기본 추계: 출산율-중위 / 기대수명-중위 / 국제순이동-중위),중위연령(세)-남자,1991,26.7
중위 추계(기본 추계: 출산율-중위 / 기대수명-중위 / 국제순이동-중위),중위연령(세)-여자,1991,28.2
중위 추계(기본 추계: 출산율-중위 / 기대수명-중위 / 국제순이동-중위),평균연령(세),1991,29.8
중위 추계(기본 추계: 출산율-중위 / 기대수명-중위 / 국제순이동-중위),평균연령(세)-남자,1991,28.8
중위 추계(기본 추계: 출산율-중위 / 기대수명-중위 / 국제순이동-중위),평균연령(세)-여자,1991,30.9
중위 추계(기본 추계: 출산율-중위 / 기대수명-중위 / 국제순이동-중위),총인구(명),1992,43747962.0
중위 추계(기본 추계: 출산율-중위 / 기대수명-중위 / 국제순이동-중위),남자(명),1992,22013655.0
중위 추계(기본 추계: 출산율-중위 / 기대수명-중위 / 국제순이동-중위),여자(명),1992,21734307.0
중위 추계(기본 추계: 출산율-중위 / 기대수명-중위 / 국제순이동-중위),성비(여자1백명당),1992,101.3
중위 추계(기본 추계: 출산율-중위 / 기대수명-중위 / 국제순이동-중위),인구성장률,1992,1.04
중위 추계(기본 추계: 출산율-중위 / 기대수명-중위 / 국제순이동-중위),인구(명): 0-14세,1992,10791426.0
중위 추계(기본 추계: 출산율-중위 / 기대수명-중위 / 국제순이동-중위),인구(명): 15-64세,1992,30610680.0
중위 추계(기본 추계: 출산율-중위 / 기대수명-중위 / 국제순이동-중위),인구(명): 65세 이상,1992,2345856.0
중위 추계(기본 추계: 출산율-중위 / 기대수명-중위 / 국제순이동-중위),- 구성비(%): 0-14세,1992,24.7
중위 추계(기본 추계: 출산율-중위 / 기대수명-중위 / 국제순이동-중위),- 구성비(%): 15-64세,1992,70.0
중위 추계(기본 추계: 출산율-중위 / 기대수명-중위 / 국제순이동-중위),- 구성비(%): 65세 이상,1992,5.4
중위 추계(기본 추계: 출산율-중위 / 기대수명-중위 / 국제순이동-중위),총부양비,1992,42.9
중위 추계(기본 추계: 출산율-중위 / 기대수명-중위 / 국제순이동-중위),유소년부양비,1992,35.3
중위 추계(기본 추계: 출산율-중위 / 기대수명-중위 / 국제순이동-중위),노년부양비,1992,7.7
중위 추계(기본 추계: 출산율-중위 / 기대수명-중위 / 국제순이동-중위),노령화지수,1992,21.7
중위 추계(기본 추계: 출산율-중위 / 기대수명-중위 / 국제순이동-중위),중위연령(세),1992,27.9
중위 추계(기본 추계: 출산율-중위 / 기대수명-중위 / 국제순이동-중위),중위연령(세)-남자,1992,27.1
중위 추계(기본 추계: 출산율-중위 / 기대수명-중위 / 국제순이동-중위),중위연령(세)-여자,1992,28.7
중위 추계(기본 추계: 출산율-중위 / 기대수명-중위 / 국제순이동-중위),평균연령(세),1992,30.2
중위 추계(기본 추계: 출산율-중위 / 기대수명-중위 / 국제순이동-중위),평균연령(세)-남자,1992,29.1
중위 추계(기본 추계: 출산율-중위 / 기대수명-중위 / 국제순이동-중위),평균연령(세)-여자,1992,31.3
중위 추계(기본 추계: 출산율-중위 / 기대수명-중위 / 국제순이동-중위),총인구(명),1993,44194628.0
중위 추계(기본 추계: 출산율-중위 / 기대수명-중위 / 국제순이동-중위),남자(명),1993,22242554.0
중위 추계(기본 추계: 출산율-중위 / 기대수명-중위 / 국제순이동-중위),여자(명),1993,21952074.0
중위 추계(기본 추계: 출산율-중위 / 기대수명-중위 / 국제순이동-중위),성비(여자1백명당),1993,101.3
중위 추계(기본 추계: 출산율-중위 / 기대수명-중위 / 국제순이동-중위),인구성장률,1993,1.02
중위 추계(기본 추계: 출산율-중위 / 기대수명-중위 / 국제순이동-중위),인구(명): 0-14세,1993,10734528.0
중위 추계(기본 추계: 출산율-중위 / 기대수명-중위 / 국제순이동-중위),인구(명): 15-64세,1993,31023107.0
중위 추계(기본 추계: 출산율-중위 / 기대수명-중위 / 국제순이동-중위),인구(명): 65세 이상,1993,2436993.0
중위 추계(기본 추계: 출산율-중위 / 기대수명-중위 / 국제순이동-중위),- 구성비(%): 0-14세,1993,24.3
중위 추계(기본 추계: 출산율-중위 / 기대수명-중위 / 국제순이동-중위),- 구성비(%): 15-64세,1993,70.2
중위 추계(기본 추계: 출산율-중위 / 기대수명-중위 / 국제순이동-중위),- 구성비(%): 65세 이상,1993,5.5
중위 추계(기본 추계: 출산율-중위 / 기대수명-중위 / 국제순이동-중위),총부양비,1993,42.5
중위 추계(기본 추계: 출산율-중위 / 기대수명-중위 / 국제순이동-중위),유소년부양비,1993,34.6
중위 추계(기본 추계: 출산율-중위 / 기대수명-중위 / 국제순이동-중위),노년부양비,1993,7.9
중위 추계(기본 추계: 출산율-중위 / 기대수명-중위 / 국제순이동-중위),노령화지수,1993,22.7
중위 추계(기본 추계: 출산율-중위 / 기대수명-중위 / 국제순이동-중위),중위연령(세),1993,28.4
중위 추계(기본 추계: 출산율-중위 / 기대수명-중위 / 국제순이동-중위),중위연령(세)-남자,1993,27.6
중위 추계(기본 추계: 출산율-중위 / 기대수명-중위 / 국제순이동-중위),중위연령(세)-여자,1993,29.2
중위 추계(기본 추계: 출산율-중위 / 기대수명-중위 / 국제순이동-중위),평균연령(세),1993,30.5
중위 추계(기본 추계: 출산율-중위 / 기대수명-중위 / 국제순이동-중위),평균연령(세)-남자,1993,29.4
중위 추계(기본 추계: 출산율-중위 / 기대수명-중위 / 국제순이동-중위),평균연령(세)-여자,1993,31.6
중위 추계(기본 추계: 출산율-중위 / 기대수명-중위 / 국제순이동-중위),총인구(명),1994,44641540.0
중위 추계(기본 추계: 출산율-중위 / 기대수명-중위 / 국제순이동-중위),남자(명),1994,22472496.0
중위 추계(기본 추계: 출산율-중위 / 기대수명-중위 / 국제순이동-중위),여자(명),1994,22169044.0
중위 추계(기본 추계: 출산율-중위 / 기대수명-중위 / 국제순이동-중위),성비(여자1백명당),1994,101.4
중위 추계(기본 추계: 출산율-중위 / 기대수명-중위 / 국제순이동-중위),인구성장률,1994,1.01
중위 추계(기본 추계: 출산율-중위 / 기대수명-중위 / 국제순이동-중위),인구(명): 0-14세,1994,10653446.0
중위 추계(기본 추계: 출산율-중위 / 기대수명-중위 / 국제순이동-중위),인구(명): 15-64세,1994,31445602.0
중위 추계(기본 추계: 출산율-중위 / 기대수명-중위 / 국제순이동-중위),인구(명): 65세 이상,1994,2542492.0
중위 추계(기본 추계: 출산율-중위 / 기대수명-중위 / 국제순이동-중위),- 구성비(%): 0-14세,1994,23.9
중위 추계(기본 추계: 출산율-중위 / 기대수명-중위 / 국제순이동-중위),- 구성비(%): 15-64세,1994,70.4
중위 추계(기본 추계: 출산율-중위 / 기대수명-중위 / 국제순이동-중위),- 구성비(%): 65세 이상,1994,5.7
중위 추계(기본 추계: 출산율-중위 / 기대수명-중위 / 국제순이동-중위),총부양비,1994,42.0
중위 추계(기본 추계: 출산율-중위 / 기대수명-중위 / 국제순이동-중위),유소년부양비,1994,33.9
중위 추계(기본 추계: 출산율-중위 / 기대수명-중위 / 국제순이동-중위),노년부양비,1994,8.1
중위 추계(기본 추계: 출산율-중위 / 기대수명-중위 / 국제순이동-중위),노령화지수,1994,23.9
중위 추계(기본 추계: 출산율-중위 / 기대수명-중위 / 국제순이동-중위),중위연령(세),1994,28.8
중위 추계(기본 추계: 출산율-중위 / 기대수명-중위 / 국제순이동-중위),중위연령(세)-남자,1994,28.0
중위 추계(기본 추계: 출산율-중위 / 기대수명-중위 / 국제순이동-중위),중위연령(세)-여자,1994,29.7
중위 추계(기본 추계: 출산율-중위 / 기대수명-중위 / 국제순이동-중위),평균연령(세),1994,30.8
중위 추계(기본 추계: 출산율-중위 / 기대수명-중위 / 국제순이동-중위),평균연령(세)-남자,1994,29.7
중위 추계(기본 추계: 출산율-중위 / 기대수명-중위 / 국제순이동-중위),평균연령(세)-여자,1994,32.0
중위 추계(기본 추계: 출산율-중위 / 기대수명-중위 / 국제순이동-중위),총인구(명),1995,45092991.0
중위 추계(기본 추계: 출산율-중위 / 기대수명-중위 / 국제순이동-중위),남자(명),1995,22705329.0
중위 추계(기본 추계: 출산율-중위 / 기대수명-중위 / 국제순이동-중위),여자(명),1995,22387662.0
중위 추계(기본 추계: 출산율-중위 / 기대수명-중위 / 국제순이동-중위),성비(여자1백명당),1995,101.4
중위 추계(기본 추계: 출산율-중위 / 기대수명-중위 / 국제순이동-중위),인구성장률,1995,1.01
중위 추계(기본 추계: 출산율-중위 / 기대수명-중위 / 국제순이동-중위),인구(명): 0-14세,1995,10536828.0
중위 추계(기본 추계: 출산율-중위 / 기대수명-중위 / 국제순이동-중위),인구(명): 15-64세,1995,31899511.0
중위 추계(기본 추계: 출산율-중위 / 기대수명-중위 / 국제순이동-중위),인구(명): 65세 이상,1995,2656652.0
중위 추계(기본 추계: 출산율-중위 / 기대수명-중위 / 국제순이동-중위),- 구성비(%): 0-14세,1995,23.4
중위 추계(기본 추계: 출산율-중위 / 기대수명-중위 / 국제순이동-중위),- 구성비(%): 15-64세,1995,70.7
중위 추계(기본 추계: 출산율-중위 / 기대수명-중위 / 국제순이동-중위),- 구성비(%): 65세 이상,1995,5.9
중위 추계(기본 추계: 출산율-중위 / 기대수명-중위 / 국제순이동-중위),총부양비,1995,41.4
중위 추계(기본 추계: 출산율-중위 / 기대수명-중위 / 국제순이동-중위),유소년부양비,1995,33.0
중위 추계(기본 추계: 출산율-중위 / 기대수명-중위 / 국제순이동-중위),노년부양비,1995,8.3
중위 추계(기본 추계: 출산율-중위 / 기대수명-중위 / 국제순이동-중위),노령화지수,1995,25.2
중위 추계(기본 추계: 출산율-중위 / 기대수명-중위 / 국제순이동-중위),중위연령(세),1995,29.3
중위 추계(기본 추계: 출산율-중위 / 기대수명-중위 / 국제순이동-중위),중위연령(세)-남자,1995,28.4
중위 추계(기본 추계: 출산율-중위 / 기대수명-중위 / 국제순이동-중위),중위연령(세)-여자,1995,30.2
중위 추계(기본 추계: 출산율-중위 / 기대수명-중위 / 국제순이동-중위),평균연령(세),1995,31.2
중위 추계(기본 추계: 출산율-중위 / 기대수명-중위 / 국제순이동-중위),평균연령(세)-남자,1995,30.1
중위 추계(기본 추계: 출산율-중위 / 기대수명-중위 / 국제순이동-중위),평균연령(세)-여자,1995,32.3
중위 추계(기본 추계: 출산율-중위 / 기대수명-중위 / 국제순이동-중위),총인구(명),1996,45524681.0
중위 추계(기본 추계: 출산율-중위 / 기대수명-중위 / 국제순이동-중위),남자(명),1996,22924512.0
중위 추계(기본 추계: 출산율-중위 / 기대수명-중위 / 국제순이동-중위),여자(명),1996,22600169.0
중위 추계(기본 추계: 출산율-중위 / 기대수명-중위 / 국제순이동-중위),성비(여자1백명당),1996,101.4
중위 추계(기본 추계: 출산율-중위 / 기대수명-중위 / 국제순이동-중위),인구성장률,1996,0.95
중위 추계(기본 추계: 출산율-중위 / 기대수명-중위 / 국제순이동-중위),인구(명): 0-14세,1996,10403277.0
중위 추계(기본 추계: 출산율-중위 / 기대수명-중위 / 국제순이동-중위),인구(명): 15-64세,1996,32326522.0
중위 추계(기본 추계: 출산율-중위 / 기대수명-중위 / 국제순이동-중위),인구(명): 65세 이상,1996,2794882.0
중위 추계(기본 추계: 출산율-중위 / 기대수명-중위 / 국제순이동-중위),- 구성비(%): 0-14세,1996,22.9
중위 추계(기본 추계: 출산율-중위 / 기대수명-중위 / 국제순이동-중위),- 구성비(%): 15-64세,1996,71.0
중위 추계(기본 추계: 출산율-중위 / 기대수명-중위 / 국제순이동-중위),- 구성비(%): 65세 이상,1996,6.1
중위 추계(기본 추계: 출산율-중위 / 기대수명-중위 / 국제순이동-중위),총부양비,1996,40.8
중위 추계(기본 추계: 출산율-중위 / 기대수명-중위 / 국제순이동-중위),유소년부양비,1996,32.2
중위 추계(기본 추계: 출산율-중위 / 기대수명-중위 / 국제순이동-중위),노년부양비,1996,8.6
중위 추계(기본 추계: 출산율-중위 / 기대수명-중위 / 국제순이동-중위),노령화지수,1996,26.9
중위 추계(기본 추계: 출산율-중위 / 기대수명-중위 / 국제순이동-중위),중위연령(세),1996,29.8
중위 추계(기본 추계: 출산율-중위 / 기대수명-중위 / 국제순이동-중위),중위연령(세)-남자,1996,28.9
중위 추계(기본 추계: 출산율-중위 / 기대수명-중위 / 국제순이동-중위),중위연령(세)-여자,1996,30.7
중위 추계(기본 추계: 출산율-중위 / 기대수명-중위 / 국제순이동-중위),평균연령(세),1996,31.5
중위 추계(기본 추계: 출산율-중위 / 기대수명-중위 / 국제순이동-중위),평균연령(세)-남자,1996,30.4
중위 추계(기본 추계: 출산율-중위 / 기대수명-중위 / 국제순이동-중위),평균연령(세)-여자,1996,32.7
중위 추계(기본 추계: 출산율-중위 / 기대수명-중위 / 국제순이동-중위),총인구(명),1997,45953580.0
중위 추계(기본 추계: 출산율-중위 / 기대수명-중위 / 국제순이동-중위),남자(명),1997,23148092.0
중위 추계(기본 추계: 출산율-중위 / 기대수명-중위 / 국제순이동-중위),여자(명),1997,22805488.0
중위 추계(기본 추계: 출산율-중위 / 기대수명-중위 / 국제순이동-중위),성비(여자1백명당),1997,101.5
중위 추계(기본 추계: 출산율-중위 / 기대수명-중위 / 국제순이동-중위),인구성장률,1997,0.94
중위 추계(기본 추계: 출산율-중위 / 기대수명-중위 / 국제순이동-중위),인구(명): 0-14세,1997,10233102.0
중위 추계(기본 추계: 출산율-중위 / 기대수명-중위 / 국제순이동-중위),인구(명): 15-64세,1997,32791167.0
중위 추계(기본 추계: 출산율-중위 / 기대수명-중위 / 국제순이동-중위),인구(명): 65세 이상,1997,2929311.0
중위 추계(기본 추계: 출산율-중위 / 기대수명-중위 / 국제순이동-중위),- 구성비(%): 0-14세,1997,22.3
중위 추계(기본 추계: 출산율-중위 / 기대수명-중위 / 국제순이동-중위),- 구성비(%): 15-64세,1997,71.4
중위 추계(기본 추계: 출산율-중위 / 기대수명-중위 / 국제순이동-중위),- 구성비(%): 65세 이상,1997,6.4
중위 추계(기본 추계: 출산율-중위 / 기대수명-중위 / 국제순이동-중위),총부양비,1997,40.1
중위 추계(기본 추계: 출산율-중위 / 기대수명-중위 / 국제순이동-중위),유소년부양비,1997,31.2
중위 추계(기본 추계: 출산율-중위 / 기대수명-중위 / 국제순이동-중위),노년부양비,1997,8.9
중위 추계(기본 추계: 출산율-중위 / 기대수명-중위 / 국제순이동-중위),노령화지수,1997,28.6
중위 추계(기본 추계: 출산율-중위 / 기대수명-중위 / 국제순이동-중위),중위연령(세),1997,30.3
중위 추계(기본 추계: 출산율-중위 / 기대수명-중위 / 국제순이동-중위),중위연령(세)-남자,1997,29.4
중위 추계(기본 추계: 출산율-중위 / 기대수명-중위 / 국제순이동-중위),중위연령(세)-여자,1997,31.2
중위 추계(기본 추계: 출산율-중위 / 기대수명-중위 / 국제순이동-중위),평균연령(세),1997,31.9
중위 추계(기본 추계: 출산율-중위 / 기대수명-중위 / 국제순이동-중위),평균연령(세)-남자,1997,30.8
중위 추계(기본 추계: 출산율-중위 / 기대수명-중위 / 국제순이동-중위),평균연령(세)-여자,1997,33.1
중위 추계(기본 추계: 출산율-중위 / 기대수명-중위 / 국제순이동-중위),총인구(명),1998,46286503.0
중위 추계(기본 추계: 출산율-중위 / 기대수명-중위 / 국제순이동-중위),남자(명),1998,23295727.0
중위 추계(기본 추계: 출산율-중위 / 기대수명-중위 / 국제순이동-중위),여자(명),1998,22990776.0
중위 추계(기본 추계: 출산율-중위 / 기대수명-중위 / 국제순이동-중위),성비(여자1백명당),1998,101.3
중위 추계(기본 추계: 출산율-중위 / 기대수명-중위 / 국제순이동-중위),인구성장률,1998,0.72
중위 추계(기본 추계: 출산율-중위 / 기대수명-중위 / 국제순이동-중위),인구(명): 0-14세,1998,10091517.0
중위 추계(기본 추계: 출산율-중위 / 기대수명-중위 / 국제순이동-중위),인구(명): 15-64세,1998,33125933.0
중위 추계(기본 추계: 출산율-중위 / 기대수명-중위 / 국제순이동-중위),인구(명): 65세 이상,1998,3069053.0
중위 추계(기본 추계: 출산율-중위 / 기대수명-중위 / 국제순이동-중위),- 구성비(%): 0-14세,1998,21.8
중위 추계(기본 추계: 출산율-중위 / 기대수명-중위 / 국제순이동-중위),- 구성비(%): 15-64세,1998,71.6
중위 추계(기본 추계: 출산율-중위 / 기대수명-중위 / 국제순이동-중위),- 구성비(%): 65세 이상,1998,6.6
중위 추계(기본 추계: 출산율-중위 / 기대수명-중위 / 국제순이동-중위),총부양비,1998,39.7
중위 추계(기본 추계: 출산율-중위 / 기대수명-중위 / 국제순이동-중위),유소년부양비,1998,30.5
중위 추계(기본 추계: 출산율-중위 / 기대수명-중위 / 국제순이동-중위),노년부양비,1998,9.3
중위 추계(기본 추계: 출산율-중위 / 기대수명-중위 / 국제순이동-중위),노령화지수,1998,30.4
중위 추계(기본 추계: 출산율-중위 / 기대수명-중위 / 국제순이동-중위),중위연령(세),1998,30.7
중위 추계(기본 추계: 출산율-중위 / 기대수명-중위 / 국제순이동-중위),중위연령(세)-남자,1998,29.8
중위 추계(기본 추계: 출산율-중위 / 기대수명-중위 / 국제순이동-중위),중위연령(세)-여자,1998,31.7
중위 추계(기본 추계: 출산율-중위 / 기대수명-중위 / 국제순이동-중위),평균연령(세),1998,32.3
중위 추계(기본 추계: 출산율-중위 / 기대수명-중위 / 국제순이동-중위),평균연령(세)-남자,1998,31.1
중위 추계(기본 추계: 출산율-중위 / 기대수명-중위 / 국제순이동-중위),평균연령(세)-여자,1998,33.4
중위 추계(기본 추계: 출산율-중위 / 기대수명-중위 / 국제순이동-중위),총인구(명),1999,46616677.0
중위 추계(기본 추계: 출산율-중위 / 기대수명-중위 / 국제순이동-중위),남자(명),1999,23457837.0
중위 추계(기본 추계: 출산율-중위 / 기대수명-중위 / 국제순이동-중위),여자(명),1999,23158840.0
중위 추계(기본 추계: 출산율-중위 / 기대수명-중위 / 국제순이동-중위),성비(여자1백명당),1999,101.3
중위 추계(기본 추계: 출산율-중위 / 기대수명-중위 / 국제순이동-중위),인구성장률,1999,0.71
중위 추계(기본 추계: 출산율-중위 / 기대수명-중위 / 국제순이동-중위),인구(명): 0-14세,1999,9972894.0
중위 추계(기본 추계: 출산율-중위 / 기대수명-중위 / 국제순이동-중위),인구(명): 15-64세,1999,33420207.0
중위 추계(기본 추계: 출산율-중위 / 기대수명-중위 / 국제순이동-중위),인구(명): 65세 이상,1999,3223576.0
중위 추계(기본 추계: 출산율-중위 / 기대수명-중위 / 국제순이동-중위),- 구성비(%): 0-14세,1999,21.4
중위 추계(기본 추계: 출산율-중위 / 기대수명-중위 / 국제순이동-중위),- 구성비(%): 15-64세,1999,71.7
중위 추계(기본 추계: 출산율-중위 / 기대수명-중위 / 국제순이동-중위),- 구성비(%): 65세 이상,1999,6.9
중위 추계(기본 추계: 출산율-중위 / 기대수명-중위 / 국제순이동-중위),총부양비,1999,39.5
중위 추계(기본 추계: 출산율-중위 / 기대수명-중위 / 국제순이동-중위),유소년부양비,1999,29.8
중위 추계(기본 추계: 출산율-중위 / 기대수명-중위 / 국제순이동-중위),노년부양비,1999,9.6
중위 추계(기본 추계: 출산율-중위 / 기대수명-중위 / 국제순이동-중위),노령화지수,1999,32.3
중위 추계(기본 추계: 출산율-중위 / 기대수명-중위 / 국제순이동-중위),중위연령(세),1999,31.2
중위 추계(기본 추계: 출산율-중위 / 기대수명-중위 / 국제순이동-중위),중위연령(세)-남자,1999,30.3
중위 추계(기본 추계: 출산율-중위 / 기대수명-중위 / 국제순이동-중위),중위연령(세)-여자,1999,32.2
중위 추계(기본 추계: 출산율-중위 / 기대수명-중위 / 국제순이동-중위),평균연령(세),1999,32.7
중위 추계(기본 추계: 출산율-중위 / 기대수명-중위 / 국제순이동-중위),평균연령(세)-남자,1999,31.5
중위 추계(기본 추계: 출산율-중위 / 기대수명-중위 / 국제순이동-중위),평균연령(세)-여자,1999,33.8
중위 추계(기본 추계: 출산율-중위 / 기대수명-중위 / 국제순이동-중위),총인구(명),2000,47008111.0
중위 추계(기본 추계: 출산율-중위 / 기대수명-중위 / 국제순이동-중위),남자(명),2000,23666769.0
중위 추계(기본 추계: 출산율-중위 / 기대수명-중위 / 국제순이동-중위),여자(명),2000,23341342.0
중위 추계(기본 추계: 출산율-중위 / 기대수명-중위 / 국제순이동-중위),성비(여자1백명당),2000,101.4
중위 추계(기본 추계: 출산율-중위 / 기대수명-중위 / 국제순이동-중위),인구성장률,2000,0.84
중위 추계(기본 추계: 출산율-중위 / 기대수명-중위 / 국제순이동-중위),인구(명): 0-14세,2000,9911229.0
중위 추계(기본 추계: 출산율-중위 / 기대수명-중위 / 국제순이동-중위),인구(명): 15-64세,2000,33701986.0
중위 추계(기본 추계: 출산율-중위 / 기대수명-중위 / 국제순이동-중위),인구(명): 65세 이상,2000,3394896.0
중위 추계(기본 추계: 출산율-중위 / 기대수명-중위 / 국제순이동-중위),- 구성비(%): 0-14세,2000,21.1
중위 추계(기본 추계: 출산율-중위 / 기대수명-중위 / 국제순이동-중위),- 구성비(%): 15-64세,2000,71.7
중위 추계(기본 추계: 출산율-중위 / 기대수명-중위 / 국제순이동-중위),- 구성비(%): 65세 이상,2000,7.2
중위 추계(기본 추계: 출산율-중위 / 기대수명-중위 / 국제순이동-중위),총부양비,2000,39.5
중위 추계(기본 추계: 출산율-중위 / 기대수명-중위 / 국제순이동-중위),유소년부양비,2000,29.4
중위 추계(기본 추계: 출산율-중위 / 기대수명-중위 / 국제순이동-중위),노년부양비,2000,10.1
중위 추계(기본 추계: 출산율-중위 / 기대수명-중위 / 국제순이동-중위),노령화지수,2000,34.3
중위 추계(기본 추계: 출산율-중위 / 기대수명-중위 / 국제순이동-중위),중위연령(세),2000,31.8
중위 추계(기본 추계: 출산율-중위 / 기대수명-중위 / 국제순이동-중위),중위연령(세)-남자,2000,30.8
중위 추계(기본 추계: 출산율-중위 / 기대수명-중위 / 국제순이동-중위),중위연령(세)-여자,2000,32.7
중위 추계(기본 추계: 출산율-중위 / 기대수명-중위 / 국제순이동-중위),평균연령(세),2000,33.1
중위 추계(기본 추계: 출산율-중위 / 기대수명-중위 / 국제순이동-중위),평균연령(세)-남자,2000,31.9
중위 추계(기본 추계: 출산율-중위 / 기대수명-중위 / 국제순이동-중위),평균연령(세)-여자,2000,34.3
중위 추계(기본 추계: 출산율-중위 / 기대수명-중위 / 국제순이동-중위),총인구(명),2001,47370164.0
중위 추계(기본 추계: 출산율-중위 / 기대수명-중위 / 국제순이동-중위),남자(명),2001,23854971.0
중위 추계(기본 추계: 출산율-중위 / 기대수명-중위 / 국제순이동-중위),여자(명),2001,23515193.0
중위 추계(기본 추계: 출산율-중위 / 기대수명-중위 / 국제순이동-중위),성비(여자1백명당),2001,101.4
중위 추계(기본 추계: 출산율-중위 / 기대수명-중위 / 국제순이동-중위),인구성장률,2001,0.77
중위 추계(기본 추계: 출산율-중위 / 기대수명-중위 / 국제순이동-중위),인구(명): 0-14세,2001,9852452.0
중위 추계(기본 추계: 출산율-중위 / 기대수명-중위 / 국제순이동-중위),인구(명): 15-64세,2001,33946787.0
중위 추계(기본 추계: 출산율-중위 / 기대수명-중위 / 국제순이동-중위),인구(명): 65세 이상,2001,3570925.0
중위 추계(기본 추계: 출산율-중위 / 기대수명-중위 / 국제순이동-중위),- 구성비(%): 0-14세,2001,20.8
중위 추계(기본 추계: 출산율-중위 / 기대수명-중위 / 국제순이동-중위),- 구성비(%): 15-64세,2001,71.7
중위 추계(기본 추계: 출산율-중위 / 기대수명-중위 / 국제순이동-중위),- 구성비(%): 65세 이상,2001,7.5
중위 추계(기본 추계: 출산율-중위 / 기대수명-중위 / 국제순이동-중위),총부양비,2001,39.5
중위 추계(기본 추계: 출산율-중위 / 기대수명-중위 / 국제순이동-중위),유소년부양비,2001,29.0
중위 추계(기본 추계: 출산율-중위 / 기대수명-중위 / 국제순이동-중위),노년부양비,2001,10.5
중위 추계(기본 추계: 출산율-중위 / 기대수명-중위 / 국제순이동-중위),노령화지수,2001,36.2
중위 추계(기본 추계: 출산율-중위 / 기대수명-중위 / 국제순이동-중위),중위연령(세),2001,32.3
중위 추계(기본 추계: 출산율-중위 / 기대수명-중위 / 국제순이동-중위),중위연령(세)-남자,2001,31.4
중위 추계(기본 추계: 출산율-중위 / 기대수명-중위 / 국제순이동-중위),중위연령(세)-여자,2001,33.3
중위 추계(기본 추계: 출산율-중위 / 기대수명-중위 / 국제순이동-중위),평균연령(세),2001,33.5
중위 추계(기본 추계: 출산율-중위 / 기대수명-중위 / 국제순이동-중위),평균연령(세)-남자,2001,32.3
중위 추계(기본 추계: 출산율-중위 / 기대수명-중위 / 국제순이동-중위),평균연령(세)-여자,2001,34.7
중위 추계(기본 추계: 출산율-중위 / 기대수명-중위 / 국제순이동-중위),총인구(명),2002,47644736.0
중위 추계(기본 추계: 출산율-중위 / 기대수명-중위 / 국제순이동-중위),남자(명),2002,23991377.0
중위 추계(기본 추계: 출산율-중위 / 기대수명-중위 / 국제순이동-중위),여자(명),2002,23653359.0
중위 추계(기본 추계: 출산율-중위 / 기대수명-중위 / 국제순이동-중위),성비(여자1백명당),2002,101.4
중위 추계(기본 추계: 출산율-중위 / 기대수명-중위 / 국제순이동-중위),인구성장률,2002,0.58
중위 추계(기본 추계: 출산율-중위 / 기대수명-중위 / 국제순이동-중위),인구(명): 0-14세,2002,9732348.0
중위 추계(기본 추계: 출산율-중위 / 기대수명-중위 / 국제순이동-중위),인구(명): 15-64세,2002,34155443.0
중위 추계(기본 추계: 출산율-중위 / 기대수명-중위 / 국제순이동-중위),인구(명): 65세 이상,2002,3756945.0
중위 추계(기본 추계: 출산율-중위 / 기대수명-중위 / 국제순이동-중위),- 구성비(%): 0-14세,2002,20.4
중위 추계(기본 추계: 출산율-중위 / 기대수명-중위 / 국제순이동-중위),- 구성비(%): 15-64세,2002,71.7
중위 추계(기본 추계: 출산율-중위 / 기대수명-중위 / 국제순이동-중위),- 구성비(%): 65세 이상,2002,7.9
중위 추계(기본 추계: 출산율-중위 / 기대수명-중위 / 국제순이동-중위),총부양비,2002,39.5
중위 추계(기본 추계: 출산율-중위 / 기대수명-중위 / 국제순이동-중위),유소년부양비,2002,28.5
중위 추계(기본 추계: 출산율-중위 / 기대수명-중위 / 국제순이동-중위),노년부양비,2002,11.0
중위 추계(기본 추계: 출산율-중위 / 기대수명-중위 / 국제순이동-중위),노령화지수,2002,38.6
중위 추계(기본 추계: 출산율-중위 / 기대수명-중위 / 국제순이동-중위),중위연령(세),2002,32.9
중위 추계(기본 추계: 출산율-중위 / 기대수명-중위 / 국제순이동-중위),중위연령(세)-남자,2002,32.0
중위 추계(기본 추계: 출산율-중위 / 기대수명-중위 / 국제순이동-중위),중위연령(세)-여자,2002,33.9
중위 추계(기본 추계: 출산율-중위 / 기대수명-중위 / 국제순이동-중위),평균연령(세),2002,34.0
중위 추계(기본 추계: 출산율-중위 / 기대수명-중위 / 국제순이동-중위),평균연령(세)-남자,2002,32.8
중위 추계(기본 추계: 출산율-중위 / 기대수명-중위 / 국제순이동-중위),평균연령(세)-여자,2002,35.2
중위 추계(기본 추계: 출산율-중위 / 기대수명-중위 / 국제순이동-중위),총인구(명),2003,47892330.0
중위 추계(기본 추계: 출산율-중위 / 기대수명-중위 / 국제순이동-중위),남자(명),2003,24120872.0
중위 추계(기본 추계: 출산율-중위 / 기대수명-중위 / 국제순이동-중위),여자(명),2003,23771458.0
중위 추계(기본 추계: 출산율-중위 / 기대수명-중위 / 국제순이동-중위),성비(여자1백명당),2003,101.5
중위 추계(기본 추계: 출산율-중위 / 기대수명-중위 / 국제순이동-중위),인구성장률,2003,0.52
중위 추계(기본 추계: 출산율-중위 / 기대수명-중위 / 국제순이동-중위),인구(명): 0-14세,2003,9584906.0
중위 추계(기본 추계: 출산율-중위 / 기대수명-중위 / 국제순이동-중위),인구(명): 15-64세,2003,34367560.0
중위 추계(기본 추계: 출산율-중위 / 기대수명-중위 / 국제순이동-중위),인구(명): 65세 이상,2003,3939864.0
중위 추계(기본 추계: 출산율-중위 / 기대수명-중위 / 국제순이동-중위),- 구성비(%): 0-14세,2003,20.0
중위 추계(기본 추계: 출산율-중위 / 기대수명-중위 / 국제순이동-중위),- 구성비(%): 15-64세,2003,71.8
중위 추계(기본 추계: 출산율-중위 / 기대수명-중위 / 국제순이동-중위),- 구성비(%): 65세 이상,2003,8.2
중위 추계(기본 추계: 출산율-중위 / 기대수명-중위 / 국제순이동-중위),총부양비,2003,39.4
중위 추계(기본 추계: 출산율-중위 / 기대수명-중위 / 국제순이동-중위),유소년부양비,2003,27.9
중위 추계(기본 추계: 출산율-중위 / 기대수명-중위 / 국제순이동-중위),노년부양비,2003,11.5
중위 추계(기본 추계: 출산율-중위 / 기대수명-중위 / 국제순이동-중위),노령화지수,2003,41.1
중위 추계(기본 추계: 출산율-중위 / 기대수명-중위 / 국제순이동-중위),중위연령(세),2003,33.5
중위 추계(기본 추계: 출산율-중위 / 기대수명-중위 / 국제순이동-중위),중위연령(세)-남자,2003,32.6
중위 추계(기본 추계: 출산율-중위 / 기대수명-중위 / 국제순이동-중위),중위연령(세)-여자,2003,34.5
중위 추계(기본 추계: 출산율-중위 / 기대수명-중위 / 국제순이동-중위),평균연령(세),2003,34.5
중위 추계(기본 추계: 출산율-중위 / 기대수명-중위 / 국제순이동-중위),평균연령(세)-남자,2003,33.3
중위 추계(기본 추계: 출산율-중위 / 기대수명-중위 / 국제순이동-중위),평균연령(세)-여자,2003,35.6
중위 추계(기본 추계: 출산율-중위 / 기대수명-중위 / 국제순이동-중위),총인구(명),2004,48082519.0
중위 추계(기본 추계: 출산율-중위 / 기대수명-중위 / 국제순이동-중위),남자(명),2004,24210740.0
중위 추계(기본 추계: 출산율-중위 / 기대수명-중위 / 국제순이동-중위),여자(명),2004,23871779.0
중위 추계(기본 추계: 출산율-중위 / 기대수명-중위 / 국제순이동-중위),성비(여자1백명당),2004,101.4
중위 추계(기본 추계: 출산율-중위 / 기대수명-중위 / 국제순이동-중위),인구성장률,2004,0.4
중위 추계(기본 추계: 출산율-중위 / 기대수명-중위 / 국제순이동-중위),인구(명): 0-14세,2004,9430513.0
중위 추계(기본 추계: 출산율-중위 / 기대수명-중위 / 국제순이동-중위),인구(명): 15-64세,2004,34521703.0
중위 추계(기본 추계: 출산율-중위 / 기대수명-중위 / 국제순이동-중위),인구(명): 65세 이상,2004,4130303.0
중위 추계(기본 추계: 출산율-중위 / 기대수명-중위 / 국제순이동-중위),- 구성비(%): 0-14세,2004,19.6
중위 추계(기본 추계: 출산율-중위 / 기대수명-중위 / 국제순이동-중위),- 구성비(%): 15-64세,2004,71.8
중위 추계(기본 추계: 출산율-중위 / 기대수명-중위 / 국제순이동-중위),- 구성비(%): 65세 이상,2004,8.6
중위 추계(기본 추계: 출산율-중위 / 기대수명-중위 / 국제순이동-중위),총부양비,2004,39.3
중위 추계(기본 추계: 출산율-중위 / 기대수명-중위 / 국제순이동-중위),유소년부양비,2004,27.3
중위 추계(기본 추계: 출산율-중위 / 기대수명-중위 / 국제순이동-중위),노년부양비,2004,12.0
중위 추계(기본 추계: 출산율-중위 / 기대수명-중위 / 국제순이동-중위),노령화지수,2004,43.8
중위 추계(기본 추계: 출산율-중위 / 기대수명-중위 / 국제순이동-중위),중위연령(세),2004,34.1
중위 추계(기본 추계: 출산율-중위 / 기대수명-중위 / 국제순이동-중위),중위연령(세)-남자,2004,33.2
중위 추계(기본 추계: 출산율-중위 / 기대수명-중위 / 국제순이동-중위),중위연령(세)-여자,2004,35.1
중위 추계(기본 추계: 출산율-중위 / 기대수명-중위 / 국제순이동-중위),평균연령(세),2004,34.9
중위 추계(기본 추계: 출산율-중위 / 기대수명-중위 / 국제순이동-중위),평균연령(세)-남자,2004,33.8
중위 추계(기본 추계: 출산율-중위 / 기대수명-중위 / 국제순이동-중위),평균연령(세)-여자,2004,36.1
중위 추계(기본 추계: 출산율-중위 / 기대수명-중위 / 국제순이동-중위),총인구(명),2005,48184561.0
중위 추계(기본 추계: 출산율-중위 / 기대수명-중위 / 국제순이동-중위),남자(명),2005,24243234.0
중위 추계(기본 추계: 출산율-중위 / 기대수명-중위 / 국제순이동-중위),여자(명),2005,23941327.0
중위 추계(기본 추계: 출산율-중위 / 기대수명-중위 / 국제순이동-중위),성비(여자1백명당),2005,101.3
중위 추계(기본 추계: 출산율-중위 / 기대수명-중위 / 국제순이동-중위),인구성장률,2005,0.21
중위 추계(기본 추계: 출산율-중위 / 기대수명-중위 / 국제순이동-중위),인구(명): 0-14세,2005,9223260.0
중위 추계(기본 추계: 출산율-중위 / 기대수명-중위 / 국제순이동-중위),인구(명): 15-64세,2005,34640514.0
중위 추계(기본 추계: 출산율-중위 / 기대수명-중위 / 국제순이동-중위),인구(명): 65세 이상,2005,4320787.0
중위 추계(기본 추계: 출산율-중위 / 기대수명-중위 / 국제순이동-중위),- 구성비(%): 0-14세,2005,19.1
중위 추계(기본 추계: 출산율-중위 / 기대수명-중위 / 국제순이동-중위),- 구성비(%): 15-64세,2005,71.9
중위 추계(기본 추계: 출산율-중위 / 기대수명-중위 / 국제순이동-중위),- 구성비(%): 65세 이상,2005,9.0
중위 추계(기본 추계: 출산율-중위 / 기대수명-중위 / 국제순이동-중위),총부양비,2005,39.1
중위 추계(기본 추계: 출산율-중위 / 기대수명-중위 / 국제순이동-중위),유소년부양비,2005,26.6
중위 추계(기본 추계: 출산율-중위 / 기대수명-중위 / 국제순이동-중위),노년부양비,2005,12.5
중위 추계(기본 추계: 출산율-중위 / 기대수명-중위 / 국제순이동-중위),노령화지수,2005,46.8
중위 추계(기본 추계: 출산율-중위 / 기대수명-중위 / 국제순이동-중위),중위연령(세),2005,34.8
중위 추계(기본 추계: 출산율-중위 / 기대수명-중위 / 국제순이동-중위),중위연령(세)-남자,2005,33.8
중위 추계(기본 추계: 출산율-중위 / 기대수명-중위 / 국제순이동-중위),중위연령(세)-여자,2005,35.8
중위 추계(기본 추계: 출산율-중위 / 기대수명-중위 / 국제순이동-중위),평균연령(세),2005,35.5
중위 추계(기본 추계: 출산율-중위 / 기대수명-중위 / 국제순이동-중위),평균연령(세)-남자,2005,34.3
중위 추계(기본 추계: 출산율-중위 / 기대수명-중위 / 국제순이동-중위),평균연령(세)-여자,2005,36.6
중위 추계(기본 추계: 출산율-중위 / 기대수명-중위 / 국제순이동-중위),총인구(명),2006,48438292.0
중위 추계(기본 추계: 출산율-중위 / 기대수명-중위 / 국제순이동-중위),남자(명),2006,24369561.0
중위 추계(기본 추계: 출산율-중위 / 기대수명-중위 / 국제순이동-중위),여자(명),2006,24068731.0
중위 추계(기본 추계: 출산율-중위 / 기대수명-중위 / 국제순이동-중위),성비(여자1백명당),2006,101.2
중위 추계(기본 추계: 출산율-중위 / 기대수명-중위 / 국제순이동-중위),인구성장률,2006,0.53
중위 추계(기본 추계: 출산율-중위 / 기대수명-중위 / 국제순이동-중위),인구(명): 0-14세,2006,8979585.0
중위 추계(기본 추계: 출산율-중위 / 기대수명-중위 / 국제순이동-중위),인구(명): 15-64세,2006,34932893.0
중위 추계(기본 추계: 출산율-중위 / 기대수명-중위 / 국제순이동-중위),인구(명): 65세 이상,2006,4525814.0
중위 추계(기본 추계: 출산율-중위 / 기대수명-중위 / 국제순이동-중위),- 구성비(%): 0-14세,2006,18.5
중위 추계(기본 추계: 출산율-중위 / 기대수명-중위 / 국제순이동-중위),- 구성비(%): 15-64세,2006,72.1
중위 추계(기본 추계: 출산율-중위 / 기대수명-중위 / 국제순이동-중위),- 구성비(%): 65세 이상,2006,9.3
중위 추계(기본 추계: 출산율-중위 / 기대수명-중위 / 국제순이동-중위),총부양비,2006,38.7
중위 추계(기본 추계: 출산율-중위 / 기대수명-중위 / 국제순이동-중위),유소년부양비,2006,25.7
중위 추계(기본 추계: 출산율-중위 / 기대수명-중위 / 국제순이동-중위),노년부양비,2006,13.0
중위 추계(기본 추계: 출산율-중위 / 기대수명-중위 / 국제순이동-중위),노령화지수,2006,50.4
중위 추계(기본 추계: 출산율-중위 / 기대수명-중위 / 국제순이동-중위),중위연령(세),2006,35.4
중위 추계(기본 추계: 출산율-중위 / 기대수명-중위 / 국제순이동-중위),중위연령(세)-남자,2006,34.4
중위 추계(기본 추계: 출산율-중위 / 기대수명-중위 / 국제순이동-중위),중위연령(세)-여자,2006,36.5
중위 추계(기본 추계: 출산율-중위 / 기대수명-중위 / 국제순이동-중위),평균연령(세),2006,36.0
중위 추계(기본 추계: 출산율-중위 / 기대수명-중위 / 국제순이동-중위),평균연령(세)-남자,2006,34.8
중위 추계(기본 추계: 출산율-중위 / 기대수명-중위 / 국제순이동-중위),평균연령(세)-여자,2006,37.2
중위 추계(기본 추계: 출산율-중위 / 기대수명-중위 / 국제순이동-중위),총인구(명),2007,48683638.0
중위 추계(기본 추계: 출산율-중위 / 기대수명-중위 / 국제순이동-중위),남자(명),2007,24491190.0
중위 추계(기본 추계: 출산율-중위 / 기대수명-중위 / 국제순이동-중위),여자(명),2007,24192448.0
중위 추계(기본 추계: 출산율-중위 / 기대수명-중위 / 국제순이동-중위),성비(여자1백명당),2007,101.2
중위 추계(기본 추계: 출산율-중위 / 기대수명-중위 / 국제순이동-중위),인구성장률,2007,0.51
중위 추계(기본 추계: 출산율-중위 / 기대수명-중위 / 국제순이동-중위),인구(명): 0-14세,2007,8714382.0
중위 추계(기본 추계: 출산율-중위 / 기대수명-중위 / 국제순이동-중위),인구(명): 15-64세,2007,35208580.0
중위 추계(기본 추계: 출산율-중위 / 기대수명-중위 / 국제순이동-중위),인구(명): 65세 이상,2007,4760676.0
중위 추계(기본 추계: 출산율-중위 / 기대수명-중위 / 국제순이동-중위),- 구성비(%): 0-14세,2007,17.9
중위 추계(기본 추계: 출산율-중위 / 기대수명-중위 / 국제순이동-중위),- 구성비(%): 15-64세,2007,72.3
중위 추계(기본 추계: 출산율-중위 / 기대수명-중위 / 국제순이동-중위),- 구성비(%): 65세 이상,2007,9.8
중위 추계(기본 추계: 출산율-중위 / 기대수명-중위 / 국제순이동-중위),총부양비,2007,38.3
중위 추계(기본 추계: 출산율-중위 / 기대수명-중위 / 국제순이동-중위),유소년부양비,2007,24.8
중위 추계(기본 추계: 출산율-중위 / 기대수명-중위 / 국제순이동-중위),노년부양비,2007,13.5
중위 추계(기본 추계: 출산율-중위 / 기대수명-중위 / 국제순이동-중위),노령화지수,2007,54.6
중위 추계(기본 추계: 출산율-중위 / 기대수명-중위 / 국제순이동-중위),중위연령(세),2007,36.1
중위 추계(기본 추계: 출산율-중위 / 기대수명-중위 / 국제순이동-중위),중위연령(세)-남자,2007,35.1
중위 추계(기본 추계: 출산율-중위 / 기대수명-중위 / 국제순이동-중위),중위연령(세)-여자,2007,37.1
중위 추계(기본 추계: 출산율-중위 / 기대수명-중위 / 국제순이동-중위),평균연령(세),2007,36.5
중위 추계(기본 추계: 출산율-중위 / 기대수명-중위 / 국제순이동-중위),평균연령(세)-남자,2007,35.3
중위 추계(기본 추계: 출산율-중위 / 기대수명-중위 / 국제순이동-중위),평균연령(세)-여자,2007,37.7
중위 추계(기본 추계: 출산율-중위 / 기대수명-중위 / 국제순이동-중위),총인구(명),2008,49054708.0
중위 추계(기본 추계: 출산율-중위 / 기대수명-중위 / 국제순이동-중위),남자(명),2008,24671648.0
중위 추계(기본 추계: 출산율-중위 / 기대수명-중위 / 국제순이동-중위),여자(명),2008,24383060.0
중위 추계(기본 추계: 출산율-중위 / 기대수명-중위 / 국제순이동-중위),성비(여자1백명당),2008,101.2
중위 추계(기본 추계: 출산율-중위 / 기대수명-중위 / 국제순이동-중위),인구성장률,2008,0.76
중위 추계(기본 추계: 출산율-중위 / 기대수명-중위 / 국제순이동-중위),인구(명): 0-14세,2008,8478823.0
중위 추계(기본 추계: 출산율-중위 / 기대수명-중위 / 국제순이동-중위),인구(명): 15-64세,2008,35587293.0
중위 추계(기본 추계: 출산율-중위 / 기대수명-중위 / 국제순이동-중위),인구(명): 65세 이상,2008,4988592.0
중위 추계(기본 추계: 출산율-중위 / 기대수명-중위 / 국제순이동-중위),- 구성비(%): 0-14세,2008,17.3
중위 추계(기본 추계: 출산율-중위 / 기대수명-중위 / 국제순이동-중위),- 구성비(%): 15-64세,2008,72.5
중위 추계(기본 추계: 출산율-중위 / 기대수명-중위 / 국제순이동-중위),- 구성비(%): 65세 이상,2008,10.2
중위 추계(기본 추계: 출산율-중위 / 기대수명-중위 / 국제순이동-중위),총부양비,2008,37.8
중위 추계(기본 추계: 출산율-중위 / 기대수명-중위 / 국제순이동-중위),유소년부양비,2008,23.8
중위 추계(기본 추계: 출산율-중위 / 기대수명-중위 / 국제순이동-중위),노년부양비,2008,14.0
중위 추계(기본 추계: 출산율-중위 / 기대수명-중위 / 국제순이동-중위),노령화지수,2008,58.8
중위 추계(기본 추계: 출산율-중위 / 기대수명-중위 / 국제순이동-중위),중위연령(세),2008,36.7
중위 추계(기본 추계: 출산율-중위 / 기대수명-중위 / 국제순이동-중위),중위연령(세)-남자,2008,35.7
중위 추계(기본 추계: 출산율-중위 / 기대수명-중위 / 국제순이동-중위),중위연령(세)-여자,2008,37.8
중위 추계(기본 추계: 출산율-중위 / 기대수명-중위 / 국제순이동-중위),평균연령(세),2008,37.0
중위 추계(기본 추계: 출산율-중위 / 기대수명-중위 / 국제순이동-중위),평균연령(세)-남자,2008,35.8
중위 추계(기본 추계: 출산율-중위 / 기대수명-중위 / 국제순이동-중위),평균연령(세)-여자,2008,38.1
중위 추계(기본 추계: 출산율-중위 / 기대수명-중위 / 국제순이동-중위),총인구(명),2009,49307835.0
중위 추계(기본 추계: 출산율-중위 / 기대수명-중위 / 국제순이동-중위),남자(명),2009,24774341.0
중위 추계(기본 추계: 출산율-중위 / 기대수명-중위 / 국제순이동-중위),여자(명),2009,24533494.0
중위 추계(기본 추계: 출산율-중위 / 기대수명-중위 / 국제순이동-중위),성비(여자1백명당),2009,101.0
중위 추계(기본 추계: 출산율-중위 / 기대수명-중위 / 국제순이동-중위),인구성장률,2009,0.51
중위 추계(기본 추계: 출산율-중위 / 기대수명-중위 / 국제순이동-중위),인구(명): 0-14세,2009,8229264.0
중위 추계(기본 추계: 출산율-중위 / 기대수명-중위 / 국제순이동-중위),인구(명): 15-64세,2009,35901685.0
중위 추계(기본 추계: 출산율-중위 / 기대수명-중위 / 국제순이동-중위),인구(명): 65세 이상,2009,5176886.0
중위 추계(기본 추계: 출산율-중위 / 기대수명-중위 / 국제순이동-중위),- 구성비(%): 0-14세,2009,16.7
중위 추계(기본 추계: 출산율-중위 / 기대수명-중위 / 국제순이동-중위),- 구성비(%): 15-64세,2009,72.8
중위 추계(기본 추계: 출산율-중위 / 기대수명-중위 / 국제순이동-중위),- 구성비(%): 65세 이상,2009,10.5
중위 추계(기본 추계: 출산율-중위 / 기대수명-중위 / 국제순이동-중위),총부양비,2009,37.3
중위 추계(기본 추계: 출산율-중위 / 기대수명-중위 / 국제순이동-중위),유소년부양비,2009,22.9
중위 추계(기본 추계: 출산율-중위 / 기대수명-중위 / 국제순이동-중위),노년부양비,2009,14.4
중위 추계(기본 추계: 출산율-중위 / 기대수명-중위 / 국제순이동-중위),노령화지수,2009,62.9
중위 추계(기본 추계: 출산율-중위 / 기대수명-중위 / 국제순이동-중위),중위연령(세),2009,37.3
중위 추계(기본 추계: 출산율-중위 / 기대수명-중위 / 국제순이동-중위),중위연령(세)-남자,2009,36.3
중위 추계(기본 추계: 출산율-중위 / 기대수명-중위 / 국제순이동-중위),중위연령(세)-여자,2009,38.4
중위 추계(기본 추계: 출산율-중위 / 기대수명-중위 / 국제순이동-중위),평균연령(세),2009,37.4
중위 추계(기본 추계: 출산율-중위 / 기대수명-중위 / 국제순이동-중위),평균연령(세)-남자,2009,36.3
중위 추계(기본 추계: 출산율-중위 / 기대수명-중위 / 국제순이동-중위),평균연령(세)-여자,2009,38.6
중위 추계(기본 추계: 출산율-중위 / 기대수명-중위 / 국제순이동-중위),총인구(명),2010,49554112.0
중위 추계(기본 추계: 출산율-중위 / 기대수명-중위 / 국제순이동-중위),남자(명),2010,24881114.0
중위 추계(기본 추계: 출산율-중위 / 기대수명-중위 / 국제순이동-중위),여자(명),2010,24672998.0
중위 추계(기본 추계: 출산율-중위 / 기대수명-중위 / 국제순이동-중위),성비(여자1백명당),2010,100.8
중위 추계(기본 추계: 출산율-중위 / 기대수명-중위 / 국제순이동-중위),인구성장률,2010,0.5
중위 추계(기본 추계: 출산율-중위 / 기대수명-중위 / 국제순이동-중위),인구(명): 0-14세,2010,7979439.0
중위 추계(기본 추계: 출산율-중위 / 기대수명-중위 / 국제순이동-중위),인구(명): 15-64세,2010,36208564.0
중위 추계(기본 추계: 출산율-중위 / 기대수명-중위 / 국제순이동-중위),인구(명): 65세 이상,2010,5366109.0
중위 추계(기본 추계: 출산율-중위 / 기대수명-중위 / 국제순이동-중위),- 구성비(%): 0-14세,2010,16.1
중위 추계(기본 추계: 출산율-중위 / 기대수명-중위 / 국제순이동-중위),- 구성비(%): 15-64세,2010,73.1
중위 추계(기본 추계: 출산율-중위 / 기대수명-중위 / 국제순이동-중위),- 구성비(%): 65세 이상,2010,10.8
중위 추계(기본 추계: 출산율-중위 / 기대수명-중위 / 국제순이동-중위),총부양비,2010,36.9
중위 추계(기본 추계: 출산율-중위 / 기대수명-중위 / 국제순이동-중위),유소년부양비,2010,22.0
중위 추계(기본 추계: 출산율-중위 / 기대수명-중위 / 국제순이동-중위),노년부양비,2010,14.8
중위 추계(기본 추계: 출산율-중위 / 기대수명-중위 / 국제순이동-중위),노령화지수,2010,67.2
중위 추계(기본 추계: 출산율-중위 / 기대수명-중위 / 국제순이동-중위),중위연령(세),2010,37.9
중위 추계(기본 추계: 출산율-중위 / 기대수명-중위 / 국제순이동-중위),중위연령(세)-남자,2010,36.9
중위 추계(기본 추계: 출산율-중위 / 기대수명-중위 / 국제순이동-중위),중위연령(세)-여자,2010,39.0
중위 추계(기본 추계: 출산율-중위 / 기대수명-중위 / 국제순이동-중위),평균연령(세),2010,37.9
중위 추계(기본 추계: 출산율-중위 / 기대수명-중위 / 국제순이동-중위),평균연령(세)-남자,2010,36.7
중위 추계(기본 추계: 출산율-중위 / 기대수명-중위 / 국제순이동-중위),평균연령(세)-여자,2010,39.1
중위 추계(기본 추계: 출산율-중위 / 기대수명-중위 / 국제순이동-중위),총인구(명),2011,49936638.0
중위 추계(기본 추계: 출산율-중위 / 기대수명-중위 / 국제순이동-중위),남자(명),2011,25069867.0
중위 추계(기본 추계: 출산율-중위 / 기대수명-중위 / 국제순이동-중위),여자(명),2011,24866771.0
중위 추계(기본 추계: 출산율-중위 / 기대수명-중위 / 국제순이동-중위),성비(여자1백명당),2011,100.8
중위 추계(기본 추계: 출산율-중위 / 기대수명-중위 / 국제순이동-중위),인구성장률,2011,0.77
중위 추계(기본 추계: 출산율-중위 / 기대수명-중위 / 국제순이동-중위),인구(명): 0-14세,2011,7771460.0
중위 추계(기본 추계: 출산율-중위 / 기대수명-중위 / 국제순이동-중위),인구(명): 15-64세,2011,36649999.0
중위 추계(기본 추계: 출산율-중위 / 기대수명-중위 / 국제순이동-중위),인구(명): 65세 이상,2011,5515179.0
중위 추계(기본 추계: 출산율-중위 / 기대수명-중위 / 국제순이동-중위),- 구성비(%): 0-14세,2011,15.6
중위 추계(기본 추계: 출산율-중위 / 기대수명-중위 / 국제순이동-중위),- 구성비(%): 15-64세,2011,73.4
중위 추계(기본 추계: 출산율-중위 / 기대수명-중위 / 국제순이동-중위),- 구성비(%): 65세 이상,2011,11.0
중위 추계(기본 추계: 출산율-중위 / 기대수명-중위 / 국제순이동-중위),총부양비,2011,36.3
중위 추계(기본 추계: 출산율-중위 / 기대수명-중위 / 국제순이동-중위),유소년부양비,2011,21.2
중위 추계(기본 추계: 출산율-중위 / 기대수명-중위 / 국제순이동-중위),노년부양비,2011,15.0
중위 추계(기본 추계: 출산율-중위 / 기대수명-중위 / 국제순이동-중위),노령화지수,2011,71.0
중위 추계(기본 추계: 출산율-중위 / 기대수명-중위 / 국제순이동-중위),중위연령(세),2011,38.5
중위 추계(기본 추계: 출산율-중위 / 기대수명-중위 / 국제순이동-중위),중위연령(세)-남자,2011,37.5
중위 추계(기본 추계: 출산율-중위 / 기대수명-중위 / 국제순이동-중위),중위연령(세)-여자,2011,39.6
중위 추계(기본 추계: 출산율-중위 / 기대수명-중위 / 국제순이동-중위),평균연령(세),2011,38.4
중위 추계(기본 추계: 출산율-중위 / 기대수명-중위 / 국제순이동-중위),평균연령(세)-남자,2011,37.2
중위 추계(기본 추계: 출산율-중위 / 기대수명-중위 / 국제순이동-중위),평균연령(세)-여자,2011,39.6
중위 추계(기본 추계: 출산율-중위 / 기대수명-중위 / 국제순이동-중위),총인구(명),2012,50199853.0
중위 추계(기본 추계: 출산율-중위 / 기대수명-중위 / 국제순이동-중위),남자(명),2012,25187380.0
중위 추계(기본 추계: 출산율-중위 / 기대수명-중위 / 국제순이동-중위),여자(명),2012,25012473.0
중위 추계(기본 추계: 출산율-중위 / 기대수명-중위 / 국제순이동-중위),성비(여자1백명당),2012,100.7
중위 추계(기본 추계: 출산율-중위 / 기대수명-중위 / 국제순이동-중위),인구성장률,2012,0.53
중위 추계(기본 추계: 출산율-중위 / 기대수명-중위 / 국제순이동-중위),인구(명): 0-14세,2012,7577231.0
중위 추계(기본 추계: 출산율-중위 / 기대수명-중위 / 국제순이동-중위),인구(명): 15-64세,2012,36855893.0
중위 추계(기본 추계: 출산율-중위 / 기대수명-중위 / 국제순이동-중위),인구(명): 65세 이상,2012,5766729.0
중위 추계(기본 추계: 출산율-중위 / 기대수명-중위 / 국제순이동-중위),- 구성비(%): 0-14세,2012,15.1
중위 추계(기본 추계: 출산율-중위 / 기대수명-중위 / 국제순이동-중위),- 구성비(%): 15-64세,2012,73.4
중위 추계(기본 추계: 출산율-중위 / 기대수명-중위 / 국제순이동-중위),- 구성비(%): 65세 이상,2012,11.5
중위 추계(기본 추계: 출산율-중위 / 기대수명-중위 / 국제순이동-중위),총부양비,2012,36.2
중위 추계(기본 추계: 출산율-중위 / 기대수명-중위 / 국제순이동-중위),유소년부양비,2012,20.6
중위 추계(기본 추계: 출산율-중위 / 기대수명-중위 / 국제순이동-중위),노년부양비,2012,15.6
중위 추계(기본 추계: 출산율-중위 / 기대수명-중위 / 국제순이동-중위),노령화지수,2012,76.1
중위 추계(기본 추계: 출산율-중위 / 기대수명-중위 / 국제순이동-중위),중위연령(세),2012,39.1
중위 추계(기본 추계: 출산율-중위 / 기대수명-중위 / 국제순이동-중위),중위연령(세)-남자,2012,38.0
중위 추계(기본 추계: 출산율-중위 / 기대수명-중위 / 국제순이동-중위),중위연령(세)-여자,2012,40.2
중위 추계(기본 추계: 출산율-중위 / 기대수명-중위 / 국제순이동-중위),평균연령(세),2012,38.8
중위 추계(기본 추계: 출산율-중위 / 기대수명-중위 / 국제순이동-중위),평균연령(세)-남자,2012,37.6
중위 추계(기본 추계: 출산율-중위 / 기대수명-중위 / 국제순이동-중위),평균연령(세)-여자,2012,40.0
중위 추계(기본 추계: 출산율-중위 / 기대수명-중위 / 국제순이동-중위),총인구(명),2013,50428893.0
중위 추계(기본 추계: 출산율-중위 / 기대수명-중위 / 국제순이동-중위),남자(명),2013,25285319.0
중위 추계(기본 추계: 출산율-중위 / 기대수명-중위 / 국제순이동-중위),여자(명),2013,25143574.0
중위 추계(기본 추계: 출산율-중위 / 기대수명-중위 / 국제순이동-중위),성비(여자1백명당),2013,100.6
중위 추계(기본 추계: 출산율-중위 / 기대수명-중위 / 국제순이동-중위),인구성장률,2013,0.46
중위 추계(기본 추계: 출산율-중위 / 기대수명-중위 / 국제순이동-중위),인구(명): 0-14세,2013,7392237.0
중위 추계(기본 추계: 출산율-중위 / 기대수명-중위 / 국제순이동-중위),인구(명): 15-64세,2013,37013997.0
중위 추계(기본 추계: 출산율-중위 / 기대수명-중위 / 국제순이동-중위),인구(명): 65세 이상,2013,6022659.0
중위 추계(기본 추계: 출산율-중위 / 기대수명-중위 / 국제순이동-중위),- 구성비(%): 0-14세,2013,14.7
중위 추계(기본 추계: 출산율-중위 / 기대수명-중위 / 국제순이동-중위),- 구성비(%): 15-64세,2013,73.4
중위 추계(기본 추계: 출산율-중위 / 기대수명-중위 / 국제순이동-중위),- 구성비(%): 65세 이상,2013,11.9
중위 추계(기본 추계: 출산율-중위 / 기대수명-중위 / 국제순이동-중위),총부양비,2013,36.2
중위 추계(기본 추계: 출산율-중위 / 기대수명-중위 / 국제순이동-중위),유소년부양비,2013,20.0
중위 추계(기본 추계: 출산율-중위 / 기대수명-중위 / 국제순이동-중위),노년부양비,2013,16.3
중위 추계(기본 추계: 출산율-중위 / 기대수명-중위 / 국제순이동-중위),노령화지수,2013,81.5
중위 추계(기본 추계: 출산율-중위 / 기대수명-중위 / 국제순이동-중위),중위연령(세),2013,39.7
중위 추계(기본 추계: 출산율-중위 / 기대수명-중위 / 국제순이동-중위),중위연령(세)-남자,2013,38.5
중위 추계(기본 추계: 출산율-중위 / 기대수명-중위 / 국제순이동-중위),중위연령(세)-여자,2013,40.8
중위 추계(기본 추계: 출산율-중위 / 기대수명-중위 / 국제순이동-중위),평균연령(세),2013,39.3
중위 추계(기본 추계: 출산율-중위 / 기대수명-중위 / 국제순이동-중위),평균연령(세)-남자,2013,38.1
중위 추계(기본 추계: 출산율-중위 / 기대수명-중위 / 국제순이동-중위),평균연령(세)-여자,2013,40.5
중위 추계(기본 추계: 출산율-중위 / 기대수명-중위 / 국제순이동-중위),총인구(명),2014,50746659.0
중위 추계(기본 추계: 출산율-중위 / 기대수명-중위 / 국제순이동-중위),남자(명),2014,25445077.0
중위 추계(기본 추계: 출산율-중위 / 기대수명-중위 / 국제순이동-중위),여자(명),2014,25301582.0
중위 추계(기본 추계: 출산율-중위 / 기대수명-중위 / 국제순이동-중위),성비(여자1백명당),2014,100.6
중위 추계(기본 추계: 출산율-중위 / 기대수명-중위 / 국제순이동-중위),인구성장률,2014,0.63
중위 추계(기본 추계: 출산율-중위 / 기대수명-중위 / 국제순이동-중위),인구(명): 0-14세,2014,7213693.0
중위 추계(기본 추계: 출산율-중위 / 기대수명-중위 / 국제순이동-중위),인구(명): 15-64세,2014,37255840.0
중위 추계(기본 추계: 출산율-중위 / 기대수명-중위 / 국제순이동-중위),인구(명): 65세 이상,2014,6277126.0
중위 추계(기본 추계: 출산율-중위 / 기대수명-중위 / 국제순이동-중위),- 구성비(%): 0-14세,2014,14.2
중위 추계(기본 추계: 출산율-중위 / 기대수명-중위 / 국제순이동-중위),- 구성비(%): 15-64세,2014,73.4
중위 추계(기본 추계: 출산율-중위 / 기대수명-중위 / 국제순이동-중위),- 구성비(%): 65세 이상,2014,12.4
중위 추계(기본 추계: 출산율-중위 / 기대수명-중위 / 국제순이동-중위),총부양비,2014,36.2
중위 추계(기본 추계: 출산율-중위 / 기대수명-중위 / 국제순이동-중위),유소년부양비,2014,19.4
중위 추계(기본 추계: 출산율-중위 / 기대수명-중위 / 국제순이동-중위),노년부양비,2014,16.8
중위 추계(기본 추계: 출산율-중위 / 기대수명-중위 / 국제순이동-중위),노령화지수,2014,87.0
중위 추계(기본 추계: 출산율-중위 / 기대수명-중위 / 국제순이동-중위),중위연령(세),2014,40.3
중위 추계(기본 추계: 출산율-중위 / 기대수명-중위 / 국제순이동-중위),중위연령(세)-남자,2014,39.1
중위 추계(기본 추계: 출산율-중위 / 기대수명-중위 / 국제순이동-중위),중위연령(세)-여자,2014,41.5
중위 추계(기본 추계: 출산율-중위 / 기대수명-중위 / 국제순이동-중위),평균연령(세),2014,39.7
중위 추계(기본 추계: 출산율-중위 / 기대수명-중위 / 국제순이동-중위),평균연령(세)-남자,2014,38.5
중위 추계(기본 추계: 출산율-중위 / 기대수명-중위 / 국제순이동-중위),평균연령(세)-여자,2014,40.9
중위 추계(기본 추계: 출산율-중위 / 기대수명-중위 / 국제순이동-중위),총인구(명),2015,51014947.0
중위 추계(기본 추계: 출산율-중위 / 기대수명-중위 / 국제순이동-중위),남자(명),2015,25585894.0
중위 추계(기본 추계: 출산율-중위 / 기대수명-중위 / 국제순이동-중위),여자(명),2015,25429053.0
중위 추계(기본 추계: 출산율-중위 / 기대수명-중위 / 국제순이동-중위),성비(여자1백명당),2015,100.6
중위 추계(기본 추계: 출산율-중위 / 기대수명-중위 / 국제순이동-중위),인구성장률,2015,0.53
중위 추계(기본 추계: 출산율-중위 / 기대수명-중위 / 국제순이동-중위),인구(명): 0-14세,2015,7029883.0
중위 추계(기본 추계: 출산율-중위 / 기대수명-중위 / 국제순이동-중위),인구(명): 15-64세,2015,37443896.0
중위 추계(기본 추계: 출산율-중위 / 기대수명-중위 / 국제순이동-중위),인구(명): 65세 이상,2015,6541168.0
중위 추계(기본 추계: 출산율-중위 / 기대수명-중위 / 국제순이동-중위),- 구성비(%): 0-14세,2015,13.8
중위 추계(기본 추계: 출산율-중위 / 기대수명-중위 / 국제순이동-중위),- 구성비(%): 15-64세,2015,73.4
중위 추계(기본 추계: 출산율-중위 / 기대수명-중위 / 국제순이동-중위),- 구성비(%): 65세 이상,2015,12.8
중위 추계(기본 추계: 출산율-중위 / 기대수명-중위 / 국제순이동-중위),총부양비,2015,36.2
중위 추계(기본 추계: 출산율-중위 / 기대수명-중위 / 국제순이동-중위),유소년부양비,2015,18.8
중위 추계(기본 추계: 출산율-중위 / 기대수명-중위 / 국제순이동-중위),노년부양비,2015,17.5
중위 추계(기본 추계: 출산율-중위 / 기대수명-중위 / 국제순이동-중위),노령화지수,2015,93.0
중위 추계(기본 추계: 출산율-중위 / 기대수명-중위 / 국제순이동-중위),중위연령(세),2015,40.9
중위 추계(기본 추계: 출산율-중위 / 기대수명-중위 / 국제순이동-중위),중위연령(세)-남자,2015,39.6
중위 추계(기본 추계: 출산율-중위 / 기대수명-중위 / 국제순이동-중위),중위연령(세)-여자,2015,42.1
중위 추계(기본 추계: 출산율-중위 / 기대수명-중위 / 국제순이동-중위),평균연령(세),2015,40.2
중위 추계(기본 추계: 출산율-중위 / 기대수명-중위 / 국제순이동-중위),평균연령(세)-남자,2015,39.0
중위 추계(기본 추계: 출산율-중위 / 기대수명-중위 / 국제순이동-중위),평균연령(세)-여자,2015,41.4
중위 추계(기본 추계: 출산율-중위 / 기대수명-중위 / 국제순이동-중위),총인구(명),2016,51217803.0
중위 추계(기본 추계: 출산율-중위 / 기대수명-중위 / 국제순이동-중위),남자(명),2016,25670949.0
중위 추계(기본 추계: 출산율-중위 / 기대수명-중위 / 국제순이동-중위),여자(명),2016,25546854.0
중위 추계(기본 추계: 출산율-중위 / 기대수명-중위 / 국제순이동-중위),성비(여자1백명당),2016,100.5
중위 추계(기본 추계: 출산율-중위 / 기대수명-중위 / 국제순이동-중위),인구성장률,2016,0.4
중위 추계(기본 추계: 출산율-중위 / 기대수명-중위 / 국제순이동-중위),인구(명): 0-14세,2016,6864563.0
중위 추계(기본 추계: 출산율-중위 / 기대수명-중위 / 국제순이동-중위),인구(명): 15-64세,2016,37596157.0
중위 추계(기본 추계: 출산율-중위 / 기대수명-중위 / 국제순이동-중위),인구(명): 65세 이상,2016,6757083.0
중위 추계(기본 추계: 출산율-중위 / 기대수명-중위 / 국제순이동-중위),- 구성비(%): 0-14세,2016,13.4
중위 추계(기본 추계: 출산율-중위 / 기대수명-중위 / 국제순이동-중위),- 구성비(%): 15-64세,2016,73.4
중위 추계(기본 추계: 출산율-중위 / 기대수명-중위 / 국제순이동-중위),- 구성비(%): 65세 이상,2016,13.2
중위 추계(기본 추계: 출산율-중위 / 기대수명-중위 / 국제순이동-중위),총부양비,2016,36.2
중위 추계(기본 추계: 출산율-중위 / 기대수명-중위 / 국제순이동-중위),유소년부양비,2016,18.3
중위 추계(기본 추계: 출산율-중위 / 기대수명-중위 / 국제순이동-중위),노년부양비,2016,18.0
중위 추계(기본 추계: 출산율-중위 / 기대수명-중위 / 국제순이동-중위),노령화지수,2016,98.4
중위 추계(기본 추계: 출산율-중위 / 기대수명-중위 / 국제순이동-중위),중위연령(세),2016,41.4
중위 추계(기본 추계: 출산율-중위 / 기대수명-중위 / 국제순이동-중위),중위연령(세)-남자,2016,40.1
중위 추계(기본 추계: 출산율-중위 / 기대수명-중위 / 국제순이동-중위),중위연령(세)-여자,2016,42.7
중위 추계(기본 추계: 출산율-중위 / 기대수명-중위 / 국제순이동-중위),평균연령(세),2016,40.7
중위 추계(기본 추계: 출산율-중위 / 기대수명-중위 / 국제순이동-중위),평균연령(세)-남자,2016,39.5
중위 추계(기본 추계: 출산율-중위 / 기대수명-중위 / 국제순이동-중위),평균연령(세)-여자,2016,41.9
중위 추계(기본 추계: 출산율-중위 / 기대수명-중위 / 국제순이동-중위),총인구(명),2017,51361911.0
중위 추계(기본 추계: 출산율-중위 / 기대수명-중위 / 국제순이동-중위),남자(명),2017,25736793.0
중위 추계(기본 추계: 출산율-중위 / 기대수명-중위 / 국제순이동-중위),여자(명),2017,25625118.0
중위 추계(기본 추계: 출산율-중위 / 기대수명-중위 / 국제순이동-중위),성비(여자1백명당),2017,100.4
중위 추계(기본 추계: 출산율-중위 / 기대수명-중위 / 국제순이동-중위),인구성장률,2017,0.28
중위 추계(기본 추계: 출산율-중위 / 기대수명-중위 / 국제순이동-중위),인구(명): 0-14세,2017,6724283.0
중위 추계(기본 추계: 출산율-중위 / 기대수명-중위 / 국제순이동-중위),인구(명): 15-64세,2017,37571568.0
중위 추계(기본 추계: 출산율-중위 / 기대수명-중위 / 국제순이동-중위),인구(명): 65세 이상,2017,7066060.0
중위 추계(기본 추계: 출산율-중위 / 기대수명-중위 / 국제순이동-중위),- 구성비(%): 0-14세,2017,13.1
중위 추계(기본 추계: 출산율-중위 / 기대수명-중위 / 국제순이동-중위),- 구성비(%): 15-64세,2017,73.2
중위 추계(기본 추계: 출산율-중위 / 기대수명-중위 / 국제순이동-중위),- 구성비(%): 65세 이상,2017,13.8
중위 추계(기본 추계: 출산율-중위 / 기대수명-중위 / 국제순이동-중위),총부양비,2017,36.7
중위 추계(기본 추계: 출산율-중위 / 기대수명-중위 / 국제순이동-중위),유소년부양비,2017,17.9
중위 추계(기본 추계: 출산율-중위 / 기대수명-중위 / 국제순이동-중위),노년부양비,2017,18.8
중위 추계(기본 추계: 출산율-중위 / 기대수명-중위 / 국제순이동-중위),노령화지수,2017,105.1
중위 추계(기본 추계: 출산율-중위 / 기대수명-중위 / 국제순이동-중위),중위연령(세),2017,42.0
중위 추계(기본 추계: 출산율-중위 / 기대수명-중위 / 국제순이동-중위),중위연령(세)-남자,2017,40.7
중위 추계(기본 추계: 출산율-중위 / 기대수명-중위 / 국제순이동-중위),중위연령(세)-여자,2017,43.3
중위 추계(기본 추계: 출산율-중위 / 기대수명-중위 / 국제순이동-중위),평균연령(세),2017,41.2
중위 추계(기본 추계: 출산율-중위 / 기대수명-중위 / 국제순이동-중위),평균연령(세)-남자,2017,40.0
중위 추계(기본 추계: 출산율-중위 / 기대수명-중위 / 국제순이동-중위),평균연령(세)-여자,2017,42.4
중위 추계(기본 추계: 출산율-중위 / 기대수명-중위 / 국제순이동-중위),총인구(명),2018,51585058.0
중위 추계(기본 추계: 출산율-중위 / 기대수명-중위 / 국제순이동-중위),남자(명),2018,25857689.0
중위 추계(기본 추계: 출산율-중위 / 기대수명-중위 / 국제순이동-중위),여자(명),2018,25727369.0
중위 추계(기본 추계: 출산율-중위 / 기대수명-중위 / 국제순이동-중위),성비(여자1백명당),2018,100.5
중위 추계(기본 추계: 출산율-중위 / 기대수명-중위 / 국제순이동-중위),인구성장률,2018,0.43
중위 추계(기본 추계: 출산율-중위 / 기대수명-중위 / 국제순이동-중위),인구(명): 0-14세,2018,6595054.0
중위 추계(기본 추계: 출산율-중위 / 기대수명-중위 / 국제순이동-중위),인구(명): 15-64세,2018,37623919.0
중위 추계(기본 추계: 출산율-중위 / 기대수명-중위 / 국제순이동-중위),인구(명): 65세 이상,2018,7366085.0
중위 추계(기본 추계: 출산율-중위 / 기대수명-중위 / 국제순이동-중위),- 구성비(%): 0-14세,2018,12.8
중위 추계(기본 추계: 출산율-중위 / 기대수명-중위 / 국제순이동-중위),- 구성비(%): 15-64세,2018,72.9
중위 추계(기본 추계: 출산율-중위 / 기대수명-중위 / 국제순이동-중위),- 구성비(%): 65세 이상,2018,14.3
중위 추계(기본 추계: 출산율-중위 / 기대수명-중위 / 국제순이동-중위),총부양비,2018,37.1
중위 추계(기본 추계: 출산율-중위 / 기대수명-중위 / 국제순이동-중위),유소년부양비,2018,17.5
중위 추계(기본 추계: 출산율-중위 / 기대수명-중위 / 국제순이동-중위),노년부양비,2018,19.6
중위 추계(기본 추계: 출산율-중위 / 기대수명-중위 / 국제순이동-중위),노령화지수,2018,111.7
중위 추계(기본 추계: 출산율-중위 / 기대수명-중위 / 국제순이동-중위),중위연령(세),2018,42.6
중위 추계(기본 추계: 출산율-중위 / 기대수명-중위 / 국제순이동-중위),중위연령(세)-남자,2018,41.2
중위 추계(기본 추계: 출산율-중위 / 기대수명-중위 / 국제순이동-중위),중위연령(세)-여자,2018,43.9
중위 추계(기본 추계: 출산율-중위 / 기대수명-중위 / 국제순이동-중위),평균연령(세),2018,41.7
중위 추계(기본 추계: 출산율-중위 / 기대수명-중위 / 국제순이동-중위),평균연령(세)-남자,2018,40.5
중위 추계(기본 추계: 출산율-중위 / 기대수명-중위 / 국제순이동-중위),평균연령(세)-여자,2018,42.9
중위 추계(기본 추계: 출산율-중위 / 기대수명-중위 / 국제순이동-중위),총인구(명),2019,51764822.0
중위 추계(기본 추계: 출산율-중위 / 기대수명-중위 / 국제순이동-중위),남자(명),2019,25948706.0
중위 추계(기본 추계: 출산율-중위 / 기대수명-중위 / 국제순이동-중위),여자(명),2019,25816116.0
중위 추계(기본 추계: 출산율-중위 / 기대수명-중위 / 국제순이동-중위),성비(여자1백명당),2019,100.5
중위 추계(기본 추계: 출산율-중위 / 기대수명-중위 / 국제순이동-중위),인구성장률,2019,0.35
중위 추계(기본 추계: 출산율-중위 / 기대수명-중위 / 국제순이동-중위),인구(명): 0-14세,2019,6448080.0
중위 추계(기본 추계: 출산율-중위 / 기대수명-중위 / 국제순이동-중위),인구(명): 15-64세,2019,37627748.0
중위 추계(기본 추계: 출산율-중위 / 기대수명-중위 / 국제순이동-중위),인구(명): 65세 이상,2019,7688994.0
중위 추계(기본 추계: 출산율-중위 / 기대수명-중위 / 국제순이동-중위),- 구성비(%): 0-14세,2019,12.5
중위 추계(기본 추계: 출산율-중위 / 기대수명-중위 / 국제순이동-중위),- 구성비(%): 15-64세,2019,72.7
중위 추계(기본 추계: 출산율-중위 / 기대수명-중위 / 국제순이동-중위),- 구성비(%): 65세 이상,2019,14.9
중위 추계(기본 추계: 출산율-중위 / 기대수명-중위 / 국제순이동-중위),총부양비,2019,37.6
중위 추계(기본 추계: 출산율-중위 / 기대수명-중위 / 국제순이동-중위),유소년부양비,2019,17.1
중위 추계(기본 추계: 출산율-중위 / 기대수명-중위 / 국제순이동-중위),노년부양비,2019,20.4
중위 추계(기본 추계: 출산율-중위 / 기대수명-중위 / 국제순이동-중위),노령화지수,2019,119.2
중위 추계(기본 추계: 출산율-중위 / 기대수명-중위 / 국제순이동-중위),중위연령(세),2019,43.1
중위 추계(기본 추계: 출산율-중위 / 기대수명-중위 / 국제순이동-중위),중위연령(세)-남자,2019,41.7
중위 추계(기본 추계: 출산율-중위 / 기대수명-중위 / 국제순이동-중위),중위연령(세)-여자,2019,44.5
중위 추계(기본 추계: 출산율-중위 / 기대수명-중위 / 국제순이동-중위),평균연령(세),2019,42.2
중위 추계(기본 추계: 출산율-중위 / 기대수명-중위 / 국제순이동-중위),평균연령(세)-남자,2019,41.0
중위 추계(기본 추계: 출산율-중위 / 기대수명-중위 / 국제순이동-중위),평균연령(세)-여자,2019,43.4
중위 추계(기본 추계: 출산율-중위 / 기대수명-중위 / 국제순이동-중위),총인구(명),2020,51836239.0
중위 추계(기본 추계: 출산율-중위 / 기대수명-중위 / 국제순이동-중위),남자(명),2020,25925697.0
중위 추계(기본 추계: 출산율-중위 / 기대수명-중위 / 국제순이동-중위),여자(명),2020,25910542.0
중위 추계(기본 추계: 출산율-중위 / 기대수명-중위 / 국제순이동-중위),성비(여자1백명당),2020,100.1
중위 추계(기본 추계: 출산율-중위 / 기대수명-중위 / 국제순이동-중위),인구성장률,2020,0.14
중위 추계(기본 추계: 출산율-중위 / 기대수명-중위 / 국제순이동-중위),인구(명): 0-14세,2020,6305870.0
중위 추계(기본 추계: 출산율-중위 / 기대수명-중위 / 국제순이동-중위),인구(명): 15-64세,2020,37378502.0
중위 추계(기본 추계: 출산율-중위 / 기대수명-중위 / 국제순이동-중위),인구(명): 65세 이상,2020,8151867.0
중위 추계(기본 추계: 출산율-중위 / 기대수명-중위 / 국제순이동-중위),- 구성비(%): 0-14세,2020,12.2
중위 추계(기본 추계: 출산율-중위 / 기대수명-중위 / 국제순이동-중위),- 구성비(%): 15-64세,2020,72.1
중위 추계(기본 추계: 출산율-중위 / 기대수명-중위 / 국제순이동-중위),- 구성비(%): 65세 이상,2020,15.7
중위 추계(기본 추계: 출산율-중위 / 기대수명-중위 / 국제순이동-중위),총부양비,2020,38.7
중위 추계(기본 추계: 출산율-중위 / 기대수명-중위 / 국제순이동-중위),유소년부양비,2020,16.9
중위 추계(기본 추계: 출산율-중위 / 기대수명-중위 / 국제순이동-중위),노년부양비,2020,21.8
중위 추계(기본 추계: 출산율-중위 / 기대수명-중위 / 국제순이동-중위),노령화지수,2020,129.3
중위 추계(기본 추계: 출산율-중위 / 기대수명-중위 / 국제순이동-중위),중위연령(세),2020,43.7
중위 추계(기본 추계: 출산율-중위 / 기대수명-중위 / 국제순이동-중위),중위연령(세)-남자,2020,42.3
중위 추계(기본 추계: 출산율-중위 / 기대수명-중위 / 국제순이동-중위),중위연령(세)-여자,2020,45.1
중위 추계(기본 추계: 출산율-중위 / 기대수명-중위 / 국제순이동-중위),평균연령(세),2020,42.7
중위 추계(기본 추계: 출산율-중위 / 기대수명-중위 / 국제순이동-중위),평균연령(세)-남자,2020,41.5
중위 추계(기본 추계: 출산율-중위 / 기대수명-중위 / 국제순이동-중위),평균연령(세)-여자,2020,43.9
중위 추계(기본 추계: 출산율-중위 / 기대수명-중위 / 국제순이동-중위),총인구(명),2021,51769539.0
중위 추계(기본 추계: 출산율-중위 / 기대수명-중위 / 국제순이동-중위),남자(명),2021,25870941.0
중위 추계(기본 추계: 출산율-중위 / 기대수명-중위 / 국제순이동-중위),여자(명),2021,25898598.0
중위 추계(기본 추계: 출산율-중위 / 기대수명-중위 / 국제순이동-중위),성비(여자1백명당),2021,99.9
중위 추계(기본 추계: 출산율-중위 / 기대수명-중위 / 국제순이동-중위),인구성장률,2021,-0.13
중위 추계(기본 추계: 출산율-중위 / 기대수명-중위 / 국제순이동-중위),인구(명): 0-14세,2021,6148341.0
중위 추계(기본 추계: 출산율-중위 / 기대수명-중위 / 국제순이동-중위),인구(명): 15-64세,2021,37051333.0
중위 추계(기본 추계: 출산율-중위 / 기대수명-중위 / 국제순이동-중위),인구(명): 65세 이상,2021,8569865.0
중위 추계(기본 추계: 출산율-중위 / 기대수명-중위 / 국제순이동-중위),- 구성비(%): 0-14세,2021,11.9
중위 추계(기본 추계: 출산율-중위 / 기대수명-중위 / 국제순이동-중위),- 구성비(%): 15-64세,2021,71.6
중위 추계(기본 추계: 출산율-중위 / 기대수명-중위 / 국제순이동-중위),- 구성비(%): 65세 이상,2021,16.6
중위 추계(기본 추계: 출산율-중위 / 기대수명-중위 / 국제순이동-중위),총부양비,2021,39.7
중위 추계(기본 추계: 출산율-중위 / 기대수명-중위 / 국제순이동-중위),유소년부양비,2021,16.6
중위 추계(기본 추계: 출산율-중위 / 기대수명-중위 / 국제순이동-중위),노년부양비,2021,23.1
중위 추계(기본 추계: 출산율-중위 / 기대수명-중위 / 국제순이동-중위),노령화지수,2021,139.4
중위 추계(기본 추계: 출산율-중위 / 기대수명-중위 / 국제순이동-중위),중위연령(세),2021,44.3
중위 추계(기본 추계: 출산율-중위 / 기대수명-중위 / 국제순이동-중위),중위연령(세)-남자,2021,43.0
중위 추계(기본 추계: 출산율-중위 / 기대수명-중위 / 국제순이동-중위),중위연령(세)-여자,2021,45.8
중위 추계(기본 추계: 출산율-중위 / 기대수명-중위 / 국제순이동-중위),평균연령(세),2021,43.3
중위 추계(기본 추계: 출산율-중위 / 기대수명-중위 / 국제순이동-중위),평균연령(세)-남자,2021,42.1
중위 추계(기본 추계: 출산율-중위 / 기대수명-중위 / 국제순이동-중위),평균연령(세)-여자,2021,44.5
중위 추계(기본 추계: 출산율-중위 / 기대수명-중위 / 국제순이동-중위),총인구(명),2022,51672569.0
중위 추계(기본 추계: 출산율-중위 / 기대수명-중위 / 국제순이동-중위),남자(명),2022,25818686.0
중위 추계(기본 추계: 출산율-중위 / 기대수명-중위 / 국제순이동-중위),여자(명),2022,25853883.0
중위 추계(기본 추계: 출산율-중위 / 기대수명-중위 / 국제순이동-중위),성비(여자1백명당),2022,99.9
중위 추계(기본 추계: 출산율-중위 / 기대수명-중위 / 국제순이동-중위),인구성장률,2022,-0.19
중위 추계(기본 추계: 출산율-중위 / 기대수명-중위 / 국제순이동-중위),인구(명): 0-14세,2022,5947964.0
중위 추계(기본 추계: 출산율-중위 / 기대수명-중위 / 국제순이동-중위),인구(명): 15-64세,2022,36743472.0
중위 추계(기본 추계: 출산율-중위 / 기대수명-중위 / 국제순이동-중위),인구(명): 65세 이상,2022,8981133.0
중위 추계(기본 추계: 출산율-중위 / 기대수명-중위 / 국제순이동-중위),- 구성비(%): 0-14세,2022,11.5
중위 추계(기본 추계: 출산율-중위 / 기대수명-중위 / 국제순이동-중위),- 구성비(%): 15-64세,2022,71.1
중위 추계(기본 추계: 출산율-중위 / 기대수명-중위 / 국제순이동-중위),- 구성비(%): 65세 이상,2022,17.4
중위 추계(기본 추계: 출산율-중위 / 기대수명-중위 / 국제순이동-중위),총부양비,2022,40.6
중위 추계(기본 추계: 출산율-중위 / 기대수명-중위 / 국제순이동-중위),유소년부양비,2022,16.2
중위 추계(기본 추계: 출산율-중위 / 기대수명-중위 / 국제순이동-중위),노년부양비,2022,24.4
중위 추계(기본 추계: 출산율-중위 / 기대수명-중위 / 국제순이동-중위),노령화지수,2022,151.0
중위 추계(기본 추계: 출산율-중위 / 기대수명-중위 / 국제순이동-중위),중위연령(세),2022,44.9
중위 추계(기본 추계: 출산율-중위 / 기대수명-중위 / 국제순이동-중위),중위연령(세)-남자,2022,43.6
중위 추계(기본 추계: 출산율-중위 / 기대수명-중위 / 국제순이동-중위),중위연령(세)-여자,2022,46.4
중위 추계(기본 추계: 출산율-중위 / 기대수명-중위 / 국제순이동-중위),평균연령(세),2022,43.9
중위 추계(기본 추계: 출산율-중위 / 기대수명-중위 / 국제순이동-중위),평균연령(세)-남자,2022,42.7
중위 추계(기본 추계: 출산율-중위 / 기대수명-중위 / 국제순이동-중위),평균연령(세)-여자,2022,45.0
중위 추계(기본 추계: 출산율-중위 / 기대수명-중위 / 국제순이동-중위),총인구(명),2023,51712619.0
중위 추계(기본 추계: 출산율-중위 / 기대수명-중위 / 국제순이동-중위),남자(명),2023,25859888.0
중위 추계(기본 추계: 출산율-중위 / 기대수명-중위 / 국제순이동-중위),여자(명),2023,25852731.0
중위 추계(기본 추계: 출산율-중위 / 기대수명-중위 / 국제순이동-중위),성비(여자1백명당),2023,100.0
중위 추계(기본 추계: 출산율-중위 / 기대수명-중위 / 국제순이동-중위),인구성장률,2023,0.08
중위 추계(기본 추계: 출산율-중위 / 기대수명-중위 / 국제순이동-중위),인구(명): 0-14세,2023,5705235.0
중위 추계(기본 추계: 출산율-중위 / 기대수명-중위 / 국제순이동-중위),인구(명): 15-64세,2023,36571568.0
중위 추계(기본 추계: 출산율-중위 / 기대수명-중위 / 국제순이동-중위),인구(명): 65세 이상,2023,9435816.0
중위 추계(기본 추계: 출산율-중위 / 기대수명-중위 / 국제순이동-중위),- 구성비(%): 0-14세,2023,11.0
중위 추계(기본 추계: 출산율-중위 / 기대수명-중위 / 국제순이동-중위),- 구성비(%): 15-64세,2023,70.7
중위 추계(기본 추계: 출산율-중위 / 기대수명-중위 / 국제순이동-중위),- 구성비(%): 65세 이상,2023,18.2
중위 추계(기본 추계: 출산율-중위 / 기대수명-중위 / 국제순이동-중위),총부양비,2023,41.4
중위 추계(기본 추계: 출산율-중위 / 기대수명-중위 / 국제순이동-중위),유소년부양비,2023,15.6
중위 추계(기본 추계: 출산율-중위 / 기대수명-중위 / 국제순이동-중위),노년부양비,2023,25.8
중위 추계(기본 추계: 출산율-중위 / 기대수명-중위 / 국제순이동-중위),노령화지수,2023,165.4
중위 추계(기본 추계: 출산율-중위 / 기대수명-중위 / 국제순이동-중위),중위연령(세),2023,45.5
중위 추계(기본 추계: 출산율-중위 / 기대수명-중위 / 국제순이동-중위),중위연령(세)-남자,2023,44.0
중위 추계(기본 추계: 출산율-중위 / 기대수명-중위 / 국제순이동-중위),중위연령(세)-여자,2023,47.0
중위 추계(기본 추계: 출산율-중위 / 기대수명-중위 / 국제순이동-중위),평균연령(세),2023,44.4
중위 추계(기본 추계: 출산율-중위 / 기대수명-중위 / 국제순이동-중위),평균연령(세)-남자,2023,43.2
중위 추계(기본 추계: 출산율-중위 / 기대수명-중위 / 국제순이동-중위),평균연령(세)-여자,2023,45.6
중위 추계(기본 추계: 출산율-중위 / 기대수명-중위 / 국제순이동-중위),총인구(명),2024,51751065.0
중위 추계(기본 추계: 출산율-중위 / 기대수명-중위 / 국제순이동-중위),남자(명),2024,25876776.0
중위 추계(기본 추계: 출산율-중위 / 기대수명-중위 / 국제순이동-중위),여자(명),2024,25874289.0
중위 추계(기본 추계: 출산율-중위 / 기대수명-중위 / 국제순이동-중위),성비(여자1백명당),2024,100.0
중위 추계(기본 추계: 출산율-중위 / 기대수명-중위 / 국제순이동-중위),인구성장률,2024,0.07
중위 추계(기본 추계: 출산율-중위 / 기대수명-중위 / 국제순이동-중위),인구(명): 0-14세,2024,5485245.0
중위 추계(기본 추계: 출산율-중위 / 기대수명-중위 / 국제순이동-중위),인구(명): 15-64세,2024,36327585.0
중위 추계(기본 추계: 출산율-중위 / 기대수명-중위 / 국제순이동-중위),인구(명): 65세 이상,2024,9938235.0
중위 추계(기본 추계: 출산율-중위 / 기대수명-중위 / 국제순이동-중위),- 구성비(%): 0-14세,2024,10.6
중위 추계(기본 추계: 출산율-중위 / 기대수명-중위 / 국제순이동-중위),- 구성비(%): 15-64세,2024,70.2
중위 추계(기본 추계: 출산율-중위 / 기대수명-중위 / 국제순이동-중위),- 구성비(%): 65세 이상,2024,19.2
중위 추계(기본 추계: 출산율-중위 / 기대수명-중위 / 국제순이동-중위),총부양비,2024,42.5
중위 추계(기본 추계: 출산율-중위 / 기대수명-중위 / 국제순이동-중위),유소년부양비,2024,15.1
중위 추계(기본 추계: 출산율-중위 / 기대수명-중위 / 국제순이동-중위),노년부양비,2024,27.4
중위 추계(기본 추계: 출산율-중위 / 기대수명-중위 / 국제순이동-중위),노령화지수,2024,181.2
중위 추계(기본 추계: 출산율-중위 / 기대수명-중위 / 국제순이동-중위),중위연령(세),2024,46.1
중위 추계(기본 추계: 출산율-중위 / 기대수명-중위 / 국제순이동-중위),중위연령(세)-남자,2024,44.6
중위 추계(기본 추계: 출산율-중위 / 기대수명-중위 / 국제순이동-중위),중위연령(세)-여자,2024,47.6
중위 추계(기본 추계: 출산율-중위 / 기대수명-중위 / 국제순이동-중위),평균연령(세),2024,44.9
중위 추계(기본 추계: 출산율-중위 / 기대수명-중위 / 국제순이동-중위),평균연령(세)-남자,2024,43.7
중위 추계(기본 추계: 출산율-중위 / 기대수명-중위 / 국제순이동-중위),평균연령(세)-여자,2024,46.1
중위 추계(기본 추계: 출산율-중위 / 기대수명-중위 / 국제순이동-중위),총인구(명),2025,51684564.0
중위 추계(기본 추계: 출산율-중위 / 기대수명-중위 / 국제순이동-중위),남자(명),2025,25837903.0
중위 추계(기본 추계: 출산율-중위 / 기대수명-중위 / 국제순이동-중위),여자(명),2025,25846661.0
중위 추계(기본 추계: 출산율-중위 / 기대수명-중위 / 국제순이동-중위),성비(여자1백명당),2025,100.0
중위 추계(기본 추계: 출산율-중위 / 기대수명-중위 / 국제순이동-중위),인구성장률,2025,-0.13
중위 추계(기본 추계: 출산율-중위 / 기대수명-중위 / 국제순이동-중위),인구(명): 0-14세,2025,5258466.0
중위 추계(기본 추계: 출산율-중위 / 기대수명-중위 / 국제순이동-중위),인구(명): 15-64세,2025,35912191.0
중위 추계(기본 추계: 출산율-중위 / 기대수명-중위 / 국제순이동-중위),인구(명): 65세 이상,2025,10513907.0
중위 추계(기본 추계: 출산율-중위 / 기대수명-중위 / 국제순이동-중위),- 구성비(%): 0-14세,2025,10.2
중위 추계(기본 추계: 출산율-중위 / 기대수명-중위 / 국제순이동-중위),- 구성비(%): 15-64세,2025,69.5
중위 추계(기본 추계: 출산율-중위 / 기대수명-중위 / 국제순이동-중위),- 구성비(%): 65세 이상,2025,20.3
중위 추계(기본 추계: 출산율-중위 / 기대수명-중위 / 국제순이동-중위),총부양비,2025,43.9
중위 추계(기본 추계: 출산율-중위 / 기대수명-중위 / 국제순이동-중위),유소년부양비,2025,14.6
중위 추계(기본 추계: 출산율-중위 / 기대수명-중위 / 국제순이동-중위),노년부양비,2025,29.3
중위 추계(기본 추계: 출산율-중위 / 기대수명-중위 / 국제순이동-중위),노령화지수,2025,199.9
중위 추계(기본 추계: 출산율-중위 / 기대수명-중위 / 국제순이동-중위),중위연령(세),2025,46.7
중위 추계(기본 추계: 출산율-중위 / 기대수명-중위 / 국제순이동-중위),중위연령(세)-남자,2025,45.3
중위 추계(기본 추계: 출산율-중위 / 기대수명-중위 / 국제순이동-중위),중위연령(세)-여자,2025,48.2
중위 추계(기본 추계: 출산율-중위 / 기대수명-중위 / 국제순이동-중위),평균연령(세),2025,45.5
중위 추계(기본 추계: 출산율-중위 / 기대수명-중위 / 국제순이동-중위),평균연령(세)-남자,2025,44.3
중위 추계(기본 추계: 출산율-중위 / 기대수명-중위 / 국제순이동-중위),평균연령(세)-여자,2025,46.7
중위 추계(기본 추계: 출산율-중위 / 기대수명-중위 / 국제순이동-중위),총인구(명),2026,51609121.0
중위 추계(기본 추계: 출산율-중위 / 기대수명-중위 / 국제순이동-중위),남자(명),2026,25795052.0
중위 추계(기본 추계: 출산율-중위 / 기대수명-중위 / 국제순이동-중위),여자(명),2026,25814069.0
중위 추계(기본 추계: 출산율-중위 / 기대수명-중위 / 국제순이동-중위),성비(여자1백명당),2026,99.9
중위 추계(기본 추계: 출산율-중위 / 기대수명-중위 / 국제순이동-중위),인구성장률,2026,-0.15
중위 추계(기본 추계: 출산율-중위 / 기대수명-중위 / 국제순이동-중위),인구(명): 0-14세,2026,4996251.0
중위 추계(기본 추계: 출산율-중위 / 기대수명-중위 / 국제순이동-중위),인구(명): 15-64세,2026,35487854.0
중위 추계(기본 추계: 출산율-중위 / 기대수명-중위 / 국제순이동-중위),인구(명): 65세 이상,2026,11125016.0
중위 추계(기본 추계: 출산율-중위 / 기대수명-중위 / 국제순이동-중위),- 구성비(%): 0-14세,2026,9.7
중위 추계(기본 추계: 출산율-중위 / 기대수명-중위 / 국제순이동-중위),- 구성비(%): 15-64세,2026,68.8
중위 추계(기본 추계: 출산율-중위 / 기대수명-중위 / 국제순이동-중위),- 구성비(%): 65세 이상,2026,21.6
중위 추계(기본 추계: 출산율-중위 / 기대수명-중위 / 국제순이동-중위),총부양비,2026,45.4
중위 추계(기본 추계: 출산율-중위 / 기대수명-중위 / 국제순이동-중위),유소년부양비,2026,14.1
중위 추계(기본 추계: 출산율-중위 / 기대수명-중위 / 국제순이동-중위),노년부양비,2026,31.3
중위 추계(기본 추계: 출산율-중위 / 기대수명-중위 / 국제순이동-중위),노령화지수,2026,222.7
중위 추계(기본 추계: 출산율-중위 / 기대수명-중위 / 국제순이동-중위),중위연령(세),2026,47.3
중위 추계(기본 추계: 출산율-중위 / 기대수명-중위 / 국제순이동-중위),중위연령(세)-남자,2026,45.9
중위 추계(기본 추계: 출산율-중위 / 기대수명-중위 / 국제순이동-중위),중위연령(세)-여자,2026,48.8
중위 추계(기본 추계: 출산율-중위 / 기대수명-중위 / 국제순이동-중위),평균연령(세),2026,46.1
중위 추계(기본 추계: 출산율-중위 / 기대수명-중위 / 국제순이동-중위),평균연령(세)-남자,2026,44.9
중위 추계(기본 추계: 출산율-중위 / 기대수명-중위 / 국제순이동-중위),평균연령(세)-여자,2026,47.3
중위 추계(기본 추계: 출산율-중위 / 기대수명-중위 / 국제순이동-중위),총인구(명),2027,51534551.0
중위 추계(기본 추계: 출산율-중위 / 기대수명-중위 / 국제순이동-중위),남자(명),2027,25753184.0
중위 추계(기본 추계: 출산율-중위 / 기대수명-중위 / 국제순이동-중위),여자(명),2027,25781367.0
중위 추계(기본 추계: 출산율-중위 / 기대수명-중위 / 국제순이동-중위),성비(여자1백명당),2027,99.9
중위 추계(기본 추계: 출산율-중위 / 기대수명-중위 / 국제순이동-중위),인구성장률,2027,-0.14
중위 추계(기본 추계: 출산율-중위 / 기대수명-중위 / 국제순이동-중위),인구(명): 0-14세,2027,4753757.0
중위 추계(기본 추계: 출산율-중위 / 기대수명-중위 / 국제순이동-중위),인구(명): 15-64세,2027,35183727.0
중위 추계(기본 추계: 출산율-중위 / 기대수명-중위 / 국제순이동-중위),인구(명): 65세 이상,2027,11597067.0
중위 추계(기본 추계: 출산율-중위 / 기대수명-중위 / 국제순이동-중위),- 구성비(%): 0-14세,2027,9.2
중위 추계(기본 추계: 출산율-중위 / 기대수명-중위 / 국제순이동-중위),- 구성비(%): 15-64세,2027,68.3
중위 추계(기본 추계: 출산율-중위 / 기대수명-중위 / 국제순이동-중위),- 구성비(%): 65세 이상,2027,22.5
중위 추계(기본 추계: 출산율-중위 / 기대수명-중위 / 국제순이동-중위),총부양비,2027,46.5
중위 추계(기본 추계: 출산율-중위 / 기대수명-중위 / 국제순이동-중위),유소년부양비,2027,13.5
중위 추계(기본 추계: 출산율-중위 / 기대수명-중위 / 국제순이동-중위),노년부양비,2027,33.0
중위 추계(기본 추계: 출산율-중위 / 기대수명-중위 / 국제순이동-중위),노령화지수,2027,244.0
중위 추계(기본 추계: 출산율-중위 / 기대수명-중위 / 국제순이동-중위),중위연령(세),2027,47.9
중위 추계(기본 추계: 출산율-중위 / 기대수명-중위 / 국제순이동-중위),중위연령(세)-남자,2027,46.5
중위 추계(기본 추계: 출산율-중위 / 기대수명-중위 / 국제순이동-중위),중위연령(세)-여자,2027,49.4
중위 추계(기본 추계: 출산율-중위 / 기대수명-중위 / 국제순이동-중위),평균연령(세),2027,46.6
중위 추계(기본 추계: 출산율-중위 / 기대수명-중위 / 국제순이동-중위),평균연령(세)-남자,2027,45.4
중위 추계(기본 추계: 출산율-중위 / 기대수명-중위 / 국제순이동-중위),평균연령(세)-여자,2027,47.8
중위 추계(기본 추계: 출산율-중위 / 기대수명-중위 / 국제순이동-중위),총인구(명),2028,51459877.0
중위 추계(기본 추계: 출산율-중위 / 기대수명-중위 / 국제순이동-중위),남자(명),2028,25711849.0
중위 추계(기본 추계: 출산율-중위 / 기대수명-중위 / 국제순이동-중위),여자(명),2028,25748028.0
중위 추계(기본 추계: 출산율-중위 / 기대수명-중위 / 국제순이동-중위),성비(여자1백명당),2028,99.9
중위 추계(기본 추계: 출산율-중위 / 기대수명-중위 / 국제순이동-중위),인구성장률,2028,-0.15
중위 추계(기본 추계: 출산율-중위 / 기대수명-중위 / 국제순이동-중위),인구(명): 0-14세,2028,4530789.0
중위 추계(기본 추계: 출산율-중위 / 기대수명-중위 / 국제순이동-중위),인구(명): 15-64세,2028,34803739.0
중위 추계(기본 추계: 출산율-중위 / 기대수명-중위 / 국제순이동-중위),인구(명): 65세 이상,2028,12125349.0
중위 추계(기본 추계: 출산율-중위 / 기대수명-중위 / 국제순이동-중위),- 구성비(%): 0-14세,2028,8.8
중위 추계(기본 추계: 출산율-중위 / 기대수명-중위 / 국제순이동-중위),- 구성비(%): 15-64세,2028,67.6
중위 추계(기본 추계: 출산율-중위 / 기대수명-중위 / 국제순이동-중위),- 구성비(%): 65세 이상,2028,23.6
중위 추계(기본 추계: 출산율-중위 / 기대수명-중위 / 국제순이동-중위),총부양비,2028,47.9
중위 추계(기본 추계: 출산율-중위 / 기대수명-중위 / 국제순이동-중위),유소년부양비,2028,13.0
중위 추계(기본 추계: 출산율-중위 / 기대수명-중위 / 국제순이동-중위),노년부양비,2028,34.8
중위 추계(기본 추계: 출산율-중위 / 기대수명-중위 / 국제순이동-중위),노령화지수,2028,267.6
중위 추계(기본 추계: 출산율-중위 / 기대수명-중위 / 국제순이동-중위),중위연령(세),2028,48.5
중위 추계(기본 추계: 출산율-중위 / 기대수명-중위 / 국제순이동-중위),중위연령(세)-남자,2028,47.2
중위 추계(기본 추계: 출산율-중위 / 기대수명-중위 / 국제순이동-중위),중위연령(세)-여자,2028,50.0
중위 추계(기본 추계: 출산율-중위 / 기대수명-중위 / 국제순이동-중위),평균연령(세),2028,47.1
중위 추계(기본 추계: 출산율-중위 / 기대수명-중위 / 국제순이동-중위),평균연령(세)-남자,2028,45.9
중위 추계(기본 추계: 출산율-중위 / 기대수명-중위 / 국제순이동-중위),평균연령(세)-여자,2028,48.3
중위 추계(기본 추계: 출산율-중위 / 기대수명-중위 / 국제순이동-중위),총인구(명),2029,51384052.0
중위 추계(기본 추계: 출산율-중위 / 기대수명-중위 / 국제순이동-중위),남자(명),2029,25670259.0
중위 추계(기본 추계: 출산율-중위 / 기대수명-중위 / 국제순이동-중위),여자(명),2029,25713793.0
중위 추계(기본 추계: 출산율-중위 / 기대수명-중위 / 국제순이동-중위),성비(여자1백명당),2029,99.8
중위 추계(기본 추계: 출산율-중위 / 기대수명-중위 / 국제순이동-중위),인구성장률,2029,-0.15
중위 추계(기본 추계: 출산율-중위 / 기대수명-중위 / 국제순이동-중위),인구(명): 0-14세,2029,4345056.0
중위 추계(기본 추계: 출산율-중위 / 기대수명-중위 / 국제순이동-중위),인구(명): 15-64세,2029,34517674.0
중위 추계(기본 추계: 출산율-중위 / 기대수명-중위 / 국제순이동-중위),인구(명): 65세 이상,2029,12521322.0
중위 추계(기본 추계: 출산율-중위 / 기대수명-중위 / 국제순이동-중위),- 구성비(%): 0-14세,2029,8.5
중위 추계(기본 추계: 출산율-중위 / 기대수명-중위 / 국제순이동-중위),- 구성비(%): 15-64세,2029,67.2
중위 추계(기본 추계: 출산율-중위 / 기대수명-중위 / 국제순이동-중위),- 구성비(%): 65세 이상,2029,24.4
중위 추계(기본 추계: 출산율-중위 / 기대수명-중위 / 국제순이동-중위),총부양비,2029,48.9
중위 추계(기본 추계: 출산율-중위 / 기대수명-중위 / 국제순이동-중위),유소년부양비,2029,12.6
중위 추계(기본 추계: 출산율-중위 / 기대수명-중위 / 국제순이동-중위),노년부양비,2029,36.3
중위 추계(기본 추계: 출산율-중위 / 기대수명-중위 / 국제순이동-중위),노령화지수,2029,288.2
중위 추계(기본 추계: 출산율-중위 / 기대수명-중위 / 국제순이동-중위),중위연령(세),2029,49.1
중위 추계(기본 추계: 출산율-중위 / 기대수명-중위 / 국제순이동-중위),중위연령(세)-남자,2029,47.8
중위 추계(기본 추계: 출산율-중위 / 기대수명-중위 / 국제순이동-중위),중위연령(세)-여자,2029,50.6
중위 추계(기본 추계: 출산율-중위 / 기대수명-중위 / 국제순이동-중위),평균연령(세),2029,47.6
중위 추계(기본 추계: 출산율-중위 / 기대수명-중위 / 국제순이동-중위),평균연령(세)-남자,2029,46.4
중위 추계(기본 추계: 출산율-중위 / 기대수명-중위 / 국제순이동-중위),평균연령(세)-여자,2029,48.8
중위 추계(기본 추계: 출산율-중위 / 기대수명-중위 / 국제순이동-중위),총인구(명),2030,51305713.0
중위 추계(기본 추계: 출산율-중위 / 기대수명-중위 / 국제순이동-중위),남자(명),2030,25627273.0
중위 추계(기본 추계: 출산율-중위 / 기대수명-중위 / 국제순이동-중위),여자(명),2030,25678440.0
중위 추계(기본 추계: 출산율-중위 / 기대수명-중위 / 국제순이동-중위),성비(여자1백명당),2030,99.8
중위 추계(기본 추계: 출산율-중위 / 기대수명-중위 / 국제순이동-중위),인구성장률,2030,-0.15
중위 추계(기본 추계: 출산율-중위 / 기대수명-중위 / 국제순이동-중위),인구(명): 0-14세,2030,4159934.0
중위 추계(기본 추계: 출산율-중위 / 기대수명-중위 / 국제순이동-중위),인구(명): 15-64세,2030,34165560.0
중위 추계(기본 추계: 출산율-중위 / 기대수명-중위 / 국제순이동-중위),인구(명): 65세 이상,2030,12980219.0
중위 추계(기본 추계: 출산율-중위 / 기대수명-중위 / 국제순이동-중위),- 구성비(%): 0-14세,2030,8.1
중위 추계(기본 추계: 출산율-중위 / 기대수명-중위 / 국제순이동-중위),- 구성비(%): 15-64세,2030,66.6
중위 추계(기본 추계: 출산율-중위 / 기대수명-중위 / 국제순이동-중위),- 구성비(%): 65세 이상,2030,25.3
중위 추계(기본 추계: 출산율-중위 / 기대수명-중위 / 국제순이동-중위),총부양비,2030,50.2
중위 추계(기본 추계: 출산율-중위 / 기대수명-중위 / 국제순이동-중위),유소년부양비,2030,12.2
중위 추계(기본 추계: 출산율-중위 / 기대수명-중위 / 국제순이동-중위),노년부양비,2030,38.0
중위 추계(기본 추계: 출산율-중위 / 기대수명-중위 / 국제순이동-중위),노령화지수,2030,312.0
중위 추계(기본 추계: 출산율-중위 / 기대수명-중위 / 국제순이동-중위),중위연령(세),2030,49.7
중위 추계(기본 추계: 출산율-중위 / 기대수명-중위 / 국제순이동-중위),중위연령(세)-남자,2030,48.3
중위 추계(기본 추계: 출산율-중위 / 기대수명-중위 / 국제순이동-중위),중위연령(세)-여자,2030,51.1
중위 추계(기본 추계: 출산율-중위 / 기대수명-중위 / 국제순이동-중위),평균연령(세),2030,48.1
중위 추계(기본 추계: 출산율-중위 / 기대수명-중위 / 국제순이동-중위),평균연령(세)-남자,2030,46.9
중위 추계(기본 추계: 출산율-중위 / 기대수명-중위 / 국제순이동-중위),평균연령(세)-여자,2030,49.3
중위 추계(기본 추계: 출산율-중위 / 기대수명-중위 / 국제순이동-중위),총인구(명),2031,51223269.0
중위 추계(기본 추계: 출산율-중위 / 기대수명-중위 / 국제순이동-중위),남자(명),2031,25581979.0
중위 추계(기본 추계: 출산율-중위 / 기대수명-중위 / 국제순이동-중위),여자(명),2031,25641290.0
중위 추계(기본 추계: 출산율-중위 / 기대수명-중위 / 국제순이동-중위),성비(여자1백명당),2031,99.8
중위 추계(기본 추계: 출산율-중위 / 기대수명-중위 / 국제순이동-중위),인구성장률,2031,-0.16
중위 추계(기본 추계: 출산율-중위 / 기대수명-중위 / 국제순이동-중위),인구(명): 0-14세,2031,3993899.0
중위 추계(기본 추계: 출산율-중위 / 기대수명-중위 / 국제순이동-중위),인구(명): 15-64세,2031,33811710.0
중위 추계(기본 추계: 출산율-중위 / 기대수명-중위 / 국제순이동-중위),인구(명): 65세 이상,2031,13417660.0
중위 추계(기본 추계: 출산율-중위 / 기대수명-중위 / 국제순이동-중위),- 구성비(%): 0-14세,2031,7.8
중위 추계(기본 추계: 출산율-중위 / 기대수명-중위 / 국제순이동-중위),- 구성비(%): 15-64세,2031,66.0
중위 추계(기본 추계: 출산율-중위 / 기대수명-중위 / 국제순이동-중위),- 구성비(%): 65세 이상,2031,26.2
중위 추계(기본 추계: 출산율-중위 / 기대수명-중위 / 국제순이동-중위),총부양비,2031,51.5
중위 추계(기본 추계: 출산율-중위 / 기대수명-중위 / 국제순이동-중위),유소년부양비,2031,11.8
중위 추계(기본 추계: 출산율-중위 / 기대수명-중위 / 국제순이동-중위),노년부양비,2031,39.7
중위 추계(기본 추계: 출산율-중위 / 기대수명-중위 / 국제순이동-중위),노령화지수,2031,336.0
중위 추계(기본 추계: 출산율-중위 / 기대수명-중위 / 국제순이동-중위),중위연령(세),2031,50.3
중위 추계(기본 추계: 출산율-중위 / 기대수명-중위 / 국제순이동-중위),중위연령(세)-남자,2031,48.9
중위 추계(기본 추계: 출산율-중위 / 기대수명-중위 / 국제순이동-중위),중위연령(세)-여자,2031,51.7
중위 추계(기본 추계: 출산율-중위 / 기대수명-중위 / 국제순이동-중위),평균연령(세),2031,48.6
중위 추계(기본 추계: 출산율-중위 / 기대수명-중위 / 국제순이동-중위),평균연령(세)-남자,2031,47.4
중위 추계(기본 추계: 출산율-중위 / 기대수명-중위 / 국제순이동-중위),평균연령(세)-여자,2031,49.8
중위 추계(기본 추계: 출산율-중위 / 기대수명-중위 / 국제순이동-중위),총인구(명),2032,51135265.0
중위 추계(기본 추계: 출산율-중위 / 기대수명-중위 / 국제순이동-중위),남자(명),2032,25533877.0
중위 추계(기본 추계: 출산율-중위 / 기대수명-중위 / 국제순이동-중위),여자(명),2032,25601388.0
중위 추계(기본 추계: 출산율-중위 / 기대수명-중위 / 국제순이동-중위),성비(여자1백명당),2032,99.7
중위 추계(기본 추계: 출산율-중위 / 기대수명-중위 / 국제순이동-중위),인구성장률,2032,-0.17
중위 추계(기본 추계: 출산율-중위 / 기대수명-중위 / 국제순이동-중위),인구(명): 0-14세,2032,3876887.0
중위 추계(기본 추계: 출산율-중위 / 기대수명-중위 / 국제순이동-중위),인구(명): 15-64세,2032,33425844.0
중위 추계(기본 추계: 출산율-중위 / 기대수명-중위 / 국제순이동-중위),인구(명): 65세 이상,2032,13832534.0
중위 추계(기본 추계: 출산율-중위 / 기대수명-중위 / 국제순이동-중위),- 구성비(%): 0-14세,2032,7.6
중위 추계(기본 추계: 출산율-중위 / 기대수명-중위 / 국제순이동-중위),- 구성비(%): 15-64세,2032,65.4
중위 추계(기본 추계: 출산율-중위 / 기대수명-중위 / 국제순이동-중위),- 구성비(%): 65세 이상,2032,27.1
중위 추계(기본 추계: 출산율-중위 / 기대수명-중위 / 국제순이동-중위),총부양비,2032,53.0
중위 추계(기본 추계: 출산율-중위 / 기대수명-중위 / 국제순이동-중위),유소년부양비,2032,11.6
중위 추계(기본 추계: 출산율-중위 / 기대수명-중위 / 국제순이동-중위),노년부양비,2032,41.4
중위 추계(기본 추계: 출산율-중위 / 기대수명-중위 / 국제순이동-중위),노령화지수,2032,356.8
중위 추계(기본 추계: 출산율-중위 / 기대수명-중위 / 국제순이동-중위),중위연령(세),2032,50.9
중위 추계(기본 추계: 출산율-중위 / 기대수명-중위 / 국제순이동-중위),중위연령(세)-남자,2032,49.4
중위 추계(기본 추계: 출산율-중위 / 기대수명-중위 / 국제순이동-중위),중위연령(세)-여자,2032,52.3
중위 추계(기본 추계: 출산율-중위 / 기대수명-중위 / 국제순이동-중위),평균연령(세),2032,49.0
중위 추계(기본 추계: 출산율-중위 / 기대수명-중위 / 국제순이동-중위),평균연령(세)-남자,2032,47.8
중위 추계(기본 추계: 출산율-중위 / 기대수명-중위 / 국제순이동-중위),평균연령(세)-여자,2032,50.2
중위 추계(기본 추계: 출산율-중위 / 기대수명-중위 / 국제순이동-중위),총인구(명),2033,51040632.0
중위 추계(기본 추계: 출산율-중위 / 기대수명-중위 / 국제순이동-중위),남자(명),2033,25482355.0
중위 추계(기본 추계: 출산율-중위 / 기대수명-중위 / 국제순이동-중위),여자(명),2033,25558277.0
중위 추계(기본 추계: 출산율-중위 / 기대수명-중위 / 국제순이동-중위),성비(여자1백명당),2033,99.7
중위 추계(기본 추계: 출산율-중위 / 기대수명-중위 / 국제순이동-중위),인구성장률,2033,-0.19
중위 추계(기본 추계: 출산율-중위 / 기대수명-중위 / 국제순이동-중위),인구(명): 0-14세,2033,3801329.0
중위 추계(기본 추계: 출산율-중위 / 기대수명-중위 / 국제순이동-중위),인구(명): 15-64세,2033,32979445.0
중위 추계(기본 추계: 출산율-중위 / 기대수명-중위 / 국제순이동-중위),인구(명): 65세 이상,2033,14259858.0
중위 추계(기본 추계: 출산율-중위 / 기대수명-중위 / 국제순이동-중위),- 구성비(%): 0-14세,2033,7.4
중위 추계(기본 추계: 출산율-중위 / 기대수명-중위 / 국제순이동-중위),- 구성비(%): 15-64세,2033,64.6
중위 추계(기본 추계: 출산율-중위 / 기대수명-중위 / 국제순이동-중위),- 구성비(%): 65세 이상,2033,27.9
중위 추계(기본 추계: 출산율-중위 / 기대수명-중위 / 국제순이동-중위),총부양비,2033,54.8
중위 추계(기본 추계: 출산율-중위 / 기대수명-중위 / 국제순이동-중위),유소년부양비,2033,11.5
중위 추계(기본 추계: 출산율-중위 / 기대수명-중위 / 국제순이동-중위),노년부양비,2033,43.2
중위 추계(기본 추계: 출산율-중위 / 기대수명-중위 / 국제순이동-중위),노령화지수,2033,375.1
중위 추계(기본 추계: 출산율-중위 / 기대수명-중위 / 국제순이동-중위),중위연령(세),2033,51.4
중위 추계(기본 추계: 출산율-중위 / 기대수명-중위 / 국제순이동-중위),중위연령(세)-남자,2033,50.0
중위 추계(기본 추계: 출산율-중위 / 기대수명-중위 / 국제순이동-중위),중위연령(세)-여자,2033,52.9
중위 추계(기본 추계: 출산율-중위 / 기대수명-중위 / 국제순이동-중위),평균연령(세),2033,49.5
중위 추계(기본 추계: 출산율-중위 / 기대수명-중위 / 국제순이동-중위),평균연령(세)-남자,2033,48.2
중위 추계(기본 추계: 출산율-중위 / 기대수명-중위 / 국제순이동-중위),평균연령(세)-여자,2033,50.7
중위 추계(기본 추계: 출산율-중위 / 기대수명-중위 / 국제순이동-중위),총인구(명),2034,50937726.0
중위 추계(기본 추계: 출산율-중위 / 기대수명-중위 / 국제순이동-중위),남자(명),2034,25426558.0
중위 추계(기본 추계: 출산율-중위 / 기대수명-중위 / 국제순이동-중위),여자(명),2034,25511168.0
중위 추계(기본 추계: 출산율-중위 / 기대수명-중위 / 국제순이동-중위),성비(여자1백명당),2034,99.7
중위 추계(기본 추계: 출산율-중위 / 기대수명-중위 / 국제순이동-중위),인구성장률,2034,-0.2
중위 추계(기본 추계: 출산율-중위 / 기대수명-중위 / 국제순이동-중위),인구(명): 0-14세,2034,3755890.0
중위 추계(기본 추계: 출산율-중위 / 기대수명-중위 / 국제순이동-중위),인구(명): 15-64세,2034,32418451.0
중위 추계(기본 추계: 출산율-중위 / 기대수명-중위 / 국제순이동-중위),인구(명): 65세 이상,2034,14763385.0
중위 추계(기본 추계: 출산율-중위 / 기대수명-중위 / 국제순이동-중위),- 구성비(%): 0-14세,2034,7.4
중위 추계(기본 추계: 출산율-중위 / 기대수명-중위 / 국제순이동-중위),- 구성비(%): 15-64세,2034,63.6
중위 추계(기본 추계: 출산율-중위 / 기대수명-중위 / 국제순이동-중위),- 구성비(%): 65세 이상,2034,29.0
중위 추계(기본 추계: 출산율-중위 / 기대수명-중위 / 국제순이동-중위),총부양비,2034,57.1
중위 추계(기본 추계: 출산율-중위 / 기대수명-중위 / 국제순이동-중위),유소년부양비,2034,11.6
중위 추계(기본 추계: 출산율-중위 / 기대수명-중위 / 국제순이동-중위),노년부양비,2034,45.5
중위 추계(기본 추계: 출산율-중위 / 기대수명-중위 / 국제순이동-중위),노령화지수,2034,393.1
중위 추계(기본 추계: 출산율-중위 / 기대수명-중위 / 국제순이동-중위),중위연령(세),2034,52.0
중위 추계(기본 추계: 출산율-중위 / 기대수명-중위 / 국제순이동-중위),중위연령(세)-남자,2034,50.4
중위 추계(기본 추계: 출산율-중위 / 기대수명-중위 / 국제순이동-중위),중위연령(세)-여자,2034,53.4
중위 추계(기본 추계: 출산율-중위 / 기대수명-중위 / 국제순이동-중위),평균연령(세),2034,49.9
중위 추계(기본 추계: 출산율-중위 / 기대수명-중위 / 국제순이동-중위),평균연령(세)-남자,2034,48.7
중위 추계(기본 추계: 출산율-중위 / 기대수명-중위 / 국제순이동-중위),평균연령(세)-여자,2034,51.1
중위 추계(기본 추계: 출산율-중위 / 기대수명-중위 / 국제순이동-중위),총인구(명),2035,50824868.0
중위 추계(기본 추계: 출산율-중위 / 기대수명-중위 / 국제순이동-중위),남자(명),2035,25365537.0
중위 추계(기본 추계: 출산율-중위 / 기대수명-중위 / 국제순이동-중위),여자(명),2035,25459331.0
중위 추계(기본 추계: 출산율-중위 / 기대수명-중위 / 국제순이동-중위),성비(여자1백명당),2035,99.6
중위 추계(기본 추계: 출산율-중위 / 기대수명-중위 / 국제순이동-중위),인구성장률,2035,-0.22
중위 추계(기본 추계: 출산율-중위 / 기대수명-중위 / 국제순이동-중위),인구(명): 0-14세,2035,3739052.0
중위 추계(기본 추계: 출산율-중위 / 기대수명-중위 / 국제순이동-중위),인구(명): 15-64세,2035,31877595.0
중위 추계(기본 추계: 출산율-중위 / 기대수명-중위 / 국제순이동-중위),인구(명): 65세 이상,2035,15208221.0
중위 추계(기본 추계: 출산율-중위 / 기대수명-중위 / 국제순이동-중위),- 구성비(%): 0-14세,2035,7.4
중위 추계(기본 추계: 출산율-중위 / 기대수명-중위 / 국제순이동-중위),- 구성비(%): 15-64세,2035,62.7
중위 추계(기본 추계: 출산율-중위 / 기대수명-중위 / 국제순이동-중위),- 구성비(%): 65세 이상,2035,29.9
중위 추계(기본 추계: 출산율-중위 / 기대수명-중위 / 국제순이동-중위),총부양비,2035,59.4
중위 추계(기본 추계: 출산율-중위 / 기대수명-중위 / 국제순이동-중위),유소년부양비,2035,11.7
중위 추계(기본 추계: 출산율-중위 / 기대수명-중위 / 국제순이동-중위),노년부양비,2035,47.7
중위 추계(기본 추계: 출산율-중위 / 기대수명-중위 / 국제순이동-중위),노령화지수,2035,406.7
중위 추계(기본 추계: 출산율-중위 / 기대수명-중위 / 국제순이동-중위),중위연령(세),2035,52.5
중위 추계(기본 추계: 출산율-중위 / 기대수명-중위 / 국제순이동-중위),중위연령(세)-남자,2035,50.9
중위 추계(기본 추계: 출산율-중위 / 기대수명-중위 / 국제순이동-중위),중위연령(세)-여자,2035,54.0
중위 추계(기본 추계: 출산율-중위 / 기대수명-중위 / 국제순이동-중위),평균연령(세),2035,50.3
중위 추계(기본 추계: 출산율-중위 / 기대수명-중위 / 국제순이동-중위),평균연령(세)-남자,2035,49.1
중위 추계(기본 추계: 출산율-중위 / 기대수명-중위 / 국제순이동-중위),평균연령(세)-여자,2035,51.5
중위 추계(기본 추계: 출산율-중위 / 기대수명-중위 / 국제순이동-중위),총인구(명),2036,50701389.0
중위 추계(기본 추계: 출산율-중위 / 기대수명-중위 / 국제순이동-중위),남자(명),2036,25299055.0
중위 추계(기본 추계: 출산율-중위 / 기대수명-중위 / 국제순이동-중위),여자(명),2036,25402334.0
중위 추계(기본 추계: 출산율-중위 / 기대수명-중위 / 국제순이동-중위),성비(여자1백명당),2036,99.6
중위 추계(기본 추계: 출산율-중위 / 기대수명-중위 / 국제순이동-중위),인구성장률,2036,-0.24
중위 추계(기본 추계: 출산율-중위 / 기대수명-중위 / 국제순이동-중위),인구(명): 0-14세,2036,3743345.0
중위 추계(기본 추계: 출산율-중위 / 기대수명-중위 / 국제순이동-중위),인구(명): 15-64세,2036,31283961.0
중위 추계(기본 추계: 출산율-중위 / 기대수명-중위 / 국제순이동-중위),인구(명): 65세 이상,2036,15674083.0
중위 추계(기본 추계: 출산율-중위 / 기대수명-중위 / 국제순이동-중위),- 구성비(%): 0-14세,2036,7.4
중위 추계(기본 추계: 출산율-중위 / 기대수명-중위 / 국제순이동-중위),- 구성비(%): 15-64세,2036,61.7
중위 추계(기본 추계: 출산율-중위 / 기대수명-중위 / 국제순이동-중위),- 구성비(%): 65세 이상,2036,30.9
중위 추계(기본 추계: 출산율-중위 / 기대수명-중위 / 국제순이동-중위),총부양비,2036,62.1
중위 추계(기본 추계: 출산율-중위 / 기대수명-중위 / 국제순이동-중위),유소년부양비,2036,12.0
중위 추계(기본 추계: 출산율-중위 / 기대수명-중위 / 국제순이동-중위),노년부양비,2036,50.1
중위 추계(기본 추계: 출산율-중위 / 기대수명-중위 / 국제순이동-중위),노령화지수,2036,418.7
중위 추계(기본 추계: 출산율-중위 / 기대수명-중위 / 국제순이동-중위),중위연령(세),2036,53.0
중위 추계(기본 추계: 출산율-중위 / 기대수명-중위 / 국제순이동-중위),중위연령(세)-남자,2036,51.3
중위 추계(기본 추계: 출산율-중위 / 기대수명-중위 / 국제순이동-중위),중위연령(세)-여자,2036,54.5
중위 추계(기본 추계: 출산율-중위 / 기대수명-중위 / 국제순이동-중위),평균연령(세),2036,50.7
중위 추계(기본 추계: 출산율-중위 / 기대수명-중위 / 국제순이동-중위),평균연령(세)-남자,2036,49.5
중위 추계(기본 추계: 출산율-중위 / 기대수명-중위 / 국제순이동-중위),평균연령(세)-여자,2036,51.9
중위 추계(기본 추계: 출산율-중위 / 기대수명-중위 / 국제순이동-중위),총인구(명),2037,50567057.0
중위 추계(기본 추계: 출산율-중위 / 기대수명-중위 / 국제순이동-중위),남자(명),2037,25226848.0
중위 추계(기본 추계: 출산율-중위 / 기대수명-중위 / 국제순이동-중위),여자(명),2037,25340209.0
중위 추계(기본 추계: 출산율-중위 / 기대수명-중위 / 국제순이동-중위),성비(여자1백명당),2037,99.6
중위 추계(기본 추계: 출산율-중위 / 기대수명-중위 / 국제순이동-중위),인구성장률,2037,-0.27
중위 추계(기본 추계: 출산율-중위 / 기대수명-중위 / 국제순이동-중위),인구(명): 0-14세,2037,3763572.0
중위 추계(기본 추계: 출산율-중위 / 기대수명-중위 / 국제순이동-중위),인구(명): 15-64세,2037,30712083.0
중위 추계(기본 추계: 출산율-중위 / 기대수명-중위 / 국제순이동-중위),인구(명): 65세 이상,2037,16091402.0
중위 추계(기본 추계: 출산율-중위 / 기대수명-중위 / 국제순이동-중위),- 구성비(%): 0-14세,2037,7.4
중위 추계(기본 추계: 출산율-중위 / 기대수명-중위 / 국제순이동-중위),- 구성비(%): 15-64세,2037,60.7
중위 추계(기본 추계: 출산율-중위 / 기대수명-중위 / 국제순이동-중위),- 구성비(%): 65세 이상,2037,31.8
중위 추계(기본 추계: 출산율-중위 / 기대수명-중위 / 국제순이동-중위),총부양비,2037,64.6
중위 추계(기본 추계: 출산율-중위 / 기대수명-중위 / 국제순이동-중위),유소년부양비,2037,12.3
중위 추계(기본 추계: 출산율-중위 / 기대수명-중위 / 국제순이동-중위),노년부양비,2037,52.4
중위 추계(기본 추계: 출산율-중위 / 기대수명-중위 / 국제순이동-중위),노령화지수,2037,427.6
중위 추계(기본 추계: 출산율-중위 / 기대수명-중위 / 국제순이동-중위),중위연령(세),2037,53.4
중위 추계(기본 추계: 출산율-중위 / 기대수명-중위 / 국제순이동-중위),중위연령(세)-남자,2037,51.7
중위 추계(기본 추계: 출산율-중위 / 기대수명-중위 / 국제순이동-중위),중위연령(세)-여자,2037,55.0
중위 추계(기본 추계: 출산율-중위 / 기대수명-중위 / 국제순이동-중위),평균연령(세),2037,51.1
중위 추계(기본 추계: 출산율-중위 / 기대수명-중위 / 국제순이동-중위),평균연령(세)-남자,2037,49.9
중위 추계(기본 추계: 출산율-중위 / 기대수명-중위 / 국제순이동-중위),평균연령(세)-여자,2037,52.3
중위 추계(기본 추계: 출산율-중위 / 기대수명-중위 / 국제순이동-중위),총인구(명),2038,50417167.0
중위 추계(기본 추계: 출산율-중위 / 기대수명-중위 / 국제순이동-중위),남자(명),2038,25146147.0
중위 추계(기본 추계: 출산율-중위 / 기대수명-중위 / 국제순이동-중위),여자(명),2038,25271020.0
중위 추계(기본 추계: 출산율-중위 / 기대수명-중위 / 국제순이동-중위),성비(여자1백명당),2038,99.5
중위 추계(기본 추계: 출산율-중위 / 기대수명-중위 / 국제순이동-중위),인구성장률,2038,-0.3
중위 추계(기본 추계: 출산율-중위 / 기대수명-중위 / 국제순이동-중위),인구(명): 0-14세,2038,3794900.0
중위 추계(기본 추계: 출산율-중위 / 기대수명-중위 / 국제순이동-중위),인구(명): 15-64세,2038,30130414.0
중위 추계(기본 추계: 출산율-중위 / 기대수명-중위 / 국제순이동-중위),인구(명): 65세 이상,2038,16491853.0
중위 추계(기본 추계: 출산율-중위 / 기대수명-중위 / 국제순이동-중위),- 구성비(%): 0-14세,2038,7.5
중위 추계(기본 추계: 출산율-중위 / 기대수명-중위 / 국제순이동-중위),- 구성비(%): 15-64세,2038,59.8
중위 추계(기본 추계: 출산율-중위 / 기대수명-중위 / 국제순이동-중위),- 구성비(%): 65세 이상,2038,32.7
중위 추계(기본 추계: 출산율-중위 / 기대수명-중위 / 국제순이동-중위),총부양비,2038,67.3
중위 추계(기본 추계: 출산율-중위 / 기대수명-중위 / 국제순이동-중위),유소년부양비,2038,12.6
중위 추계(기본 추계: 출산율-중위 / 기대수명-중위 / 국제순이동-중위),노년부양비,2038,54.7
중위 추계(기본 추계: 출산율-중위 / 기대수명-중위 / 국제순이동-중위),노령화지수,2038,434.6
중위 추계(기본 추계: 출산율-중위 / 기대수명-중위 / 국제순이동-중위),중위연령(세),2038,53.9
중위 추계(기본 추계: 출산율-중위 / 기대수명-중위 / 국제순이동-중위),중위연령(세)-남자,2038,52.1
중위 추계(기본 추계: 출산율-중위 / 기대수명-중위 / 국제순이동-중위),중위연령(세)-여자,2038,55.5
중위 추계(기본 추계: 출산율-중위 / 기대수명-중위 / 국제순이동-중위),평균연령(세),2038,51.5
중위 추계(기본 추계: 출산율-중위 / 기대수명-중위 / 국제순이동-중위),평균연령(세)-남자,2038,50.2
중위 추계(기본 추계: 출산율-중위 / 기대수명-중위 / 국제순이동-중위),평균연령(세)-여자,2038,52.7
중위 추계(기본 추계: 출산율-중위 / 기대수명-중위 / 국제순이동-중위),총인구(명),2039,50247657.0
중위 추계(기본 추계: 출산율-중위 / 기대수명-중위 / 국제순이동-중위),남자(명),2039,25055270.0
중위 추계(기본 추계: 출산율-중위 / 기대수명-중위 / 국제순이동-중위),여자(명),2039,25192387.0
중위 추계(기본 추계: 출산율-중위 / 기대수명-중위 / 국제순이동-중위),성비(여자1백명당),2039,99.5
중위 추계(기본 추계: 출산율-중위 / 기대수명-중위 / 국제순이동-중위),인구성장률,2039,-0.34
중위 추계(기본 추계: 출산율-중위 / 기대수명-중위 / 국제순이동-중위),인구(명): 0-14세,2039,3834032.0
중위 추계(기본 추계: 출산율-중위 / 기대수명-중위 / 국제순이동-중위),인구(명): 15-64세,2039,29551616.0
중위 추계(기본 추계: 출산율-중위 / 기대수명-중위 / 국제순이동-중위),인구(명): 65세 이상,2039,16862009.0
중위 추계(기본 추계: 출산율-중위 / 기대수명-중위 / 국제순이동-중위),- 구성비(%): 0-14세,2039,7.6
중위 추계(기본 추계: 출산율-중위 / 기대수명-중위 / 국제순이동-중위),- 구성비(%): 15-64세,2039,58.8
중위 추계(기본 추계: 출산율-중위 / 기대수명-중위 / 국제순이동-중위),- 구성비(%): 65세 이상,2039,33.6
중위 추계(기본 추계: 출산율-중위 / 기대수명-중위 / 국제순이동-중위),총부양비,2039,70.0
중위 추계(기본 추계: 출산율-중위 / 기대수명-중위 / 국제순이동-중위),유소년부양비,2039,13.0
중위 추계(기본 추계: 출산율-중위 / 기대수명-중위 / 국제순이동-중위),노년부양비,2039,57.1
중위 추계(기본 추계: 출산율-중위 / 기대수명-중위 / 국제순이동-중위),노령화지수,2039,439.8
중위 추계(기본 추계: 출산율-중위 / 기대수명-중위 / 국제순이동-중위),중위연령(세),2039,54.3
중위 추계(기본 추계: 출산율-중위 / 기대수명-중위 / 국제순이동-중위),중위연령(세)-남자,2039,52.5
중위 추계(기본 추계: 출산율-중위 / 기대수명-중위 / 국제순이동-중위),중위연령(세)-여자,2039,56.0
중위 추계(기본 추계: 출산율-중위 / 기대수명-중위 / 국제순이동-중위),평균연령(세),2039,51.8
중위 추계(기본 추계: 출산율-중위 / 기대수명-중위 / 국제순이동-중위),평균연령(세)-남자,2039,50.6
중위 추계(기본 추계: 출산율-중위 / 기대수명-중위 / 국제순이동-중위),평균연령(세)-여자,2039,53.1
중위 추계(기본 추계: 출산율-중위 / 기대수명-중위 / 국제순이동-중위),총인구(명),2040,50059218.0
중위 추계(기본 추계: 출산율-중위 / 기대수명-중위 / 국제순이동-중위),남자(명),2040,24954651.0
중위 추계(기본 추계: 출산율-중위 / 기대수명-중위 / 국제순이동-중위),여자(명),2040,25104567.0
중위 추계(기본 추계: 출산율-중위 / 기대수명-중위 / 국제순이동-중위),성비(여자1백명당),2040,99.4
중위 추계(기본 추계: 출산율-중위 / 기대수명-중위 / 국제순이동-중위),인구성장률,2040,-0.38
중위 추계(기본 추계: 출산율-중위 / 기대수명-중위 / 국제순이동-중위),인구(명): 0-14세,2040,3878751.0
중위 추계(기본 추계: 출산율-중위 / 기대수명-중위 / 국제순이동-중위),인구(명): 15-64세,2040,29029154.0
중위 추계(기본 추계: 출산율-중위 / 기대수명-중위 / 국제순이동-중위),인구(명): 65세 이상,2040,17151313.0
중위 추계(기본 추계: 출산율-중위 / 기대수명-중위 / 국제순이동-중위),- 구성비(%): 0-14세,2040,7.7
중위 추계(기본 추계: 출산율-중위 / 기대수명-중위 / 국제순이동-중위),- 구성비(%): 15-64세,2040,58.0
중위 추계(기본 추계: 출산율-중위 / 기대수명-중위 / 국제순이동-중위),- 구성비(%): 65세 이상,2040,34.3
중위 추계(기본 추계: 출산율-중위 / 기대수명-중위 / 국제순이동-중위),총부양비,2040,72.4
중위 추계(기본 추계: 출산율-중위 / 기대수명-중위 / 국제순이동-중위),유소년부양비,2040,13.4
중위 추계(기본 추계: 출산율-중위 / 기대수명-중위 / 국제순이동-중위),노년부양비,2040,59.1
중위 추계(기본 추계: 출산율-중위 / 기대수명-중위 / 국제순이동-중위),노령화지수,2040,442.2
중위 추계(기본 추계: 출산율-중위 / 기대수명-중위 / 국제순이동-중위),중위연령(세),2040,54.6
중위 추계(기본 추계: 출산율-중위 / 기대수명-중위 / 국제순이동-중위),중위연령(세)-남자,2040,52.9
중위 추계(기본 추계: 출산율-중위 / 기대수명-중위 / 국제순이동-중위),중위연령(세)-여자,2040,56.5
중위 추계(기본 추계: 출산율-중위 / 기대수명-중위 / 국제순이동-중위),평균연령(세),2040,52.2
중위 추계(기본 추계: 출산율-중위 / 기대수명-중위 / 국제순이동-중위),평균연령(세)-남자,2040,51.0
중위 추계(기본 추계: 출산율-중위 / 기대수명-중위 / 국제순이동-중위),평균연령(세)-여자,2040,53.4
중위 추계(기본 추계: 출산율-중위 / 기대수명-중위 / 국제순이동-중위),총인구(명),2041,49851637.0
중위 추계(기본 추계: 출산율-중위 / 기대수명-중위 / 국제순이동-중위),남자(명),2041,24844377.0
중위 추계(기본 추계: 출산율-중위 / 기대수명-중위 / 국제순이동-중위),여자(명),2041,25007260.0
중위 추계(기본 추계: 출산율-중위 / 기대수명-중위 / 국제순이동-중위),성비(여자1백명당),2041,99.3
중위 추계(기본 추계: 출산율-중위 / 기대수명-중위 / 국제순이동-중위),인구성장률,2041,-0.42
중위 추계(기본 추계: 출산율-중위 / 기대수명-중위 / 국제순이동-중위),인구(명): 0-14세,2041,3918699.0
중위 추계(기본 추계: 출산율-중위 / 기대수명-중위 / 국제순이동-중위),인구(명): 15-64세,2041,28545426.0
중위 추계(기본 추계: 출산율-중위 / 기대수명-중위 / 국제순이동-중위),인구(명): 65세 이상,2041,17387512.0
중위 추계(기본 추계: 출산율-중위 / 기대수명-중위 / 국제순이동-중위),- 구성비(%): 0-14세,2041,7.9
중위 추계(기본 추계: 출산율-중위 / 기대수명-중위 / 국제순이동-중위),- 구성비(%): 15-64세,2041,57.3
중위 추계(기본 추계: 출산율-중위 / 기대수명-중위 / 국제순이동-중위),- 구성비(%): 65세 이상,2041,34.9
중위 추계(기본 추계: 출산율-중위 / 기대수명-중위 / 국제순이동-중위),총부양비,2041,74.6
중위 추계(기본 추계: 출산율-중위 / 기대수명-중위 / 국제순이동-중위),유소년부양비,2041,13.7
중위 추계(기본 추계: 출산율-중위 / 기대수명-중위 / 국제순이동-중위),노년부양비,2041,60.9
중위 추계(기본 추계: 출산율-중위 / 기대수명-중위 / 국제순이동-중위),노령화지수,2041,443.7
중위 추계(기본 추계: 출산율-중위 / 기대수명-중위 / 국제순이동-중위),중위연령(세),2041,55.0
중위 추계(기본 추계: 출산율-중위 / 기대수명-중위 / 국제순이동-중위),중위연령(세)-남자,2041,53.2
중위 추계(기본 추계: 출산율-중위 / 기대수명-중위 / 국제순이동-중위),중위연령(세)-여자,2041,56.9
중위 추계(기본 추계: 출산율-중위 / 기대수명-중위 / 국제순이동-중위),평균연령(세),2041,52.6
중위 추계(기본 추계: 출산율-중위 / 기대수명-중위 / 국제순이동-중위),평균연령(세)-남자,2041,51.3
중위 추계(기본 추계: 출산율-중위 / 기대수명-중위 / 국제순이동-중위),평균연령(세)-여자,2041,53.8
중위 추계(기본 추계: 출산율-중위 / 기대수명-중위 / 국제순이동-중위),총인구(명),2042,49625415.0
중위 추계(기본 추계: 출산율-중위 / 기대수명-중위 / 국제순이동-중위),남자(명),2042,24724984.0
중위 추계(기본 추계: 출산율-중위 / 기대수명-중위 / 국제순이동-중위),여자(명),2042,24900431.0
중위 추계(기본 추계: 출산율-중위 / 기대수명-중위 / 국제순이동-중위),성비(여자1백명당),2042,99.3
중위 추계(기본 추계: 출산율-중위 / 기대수명-중위 / 국제순이동-중위),인구성장률,2042,-0.45
중위 추계(기본 추계: 출산율-중위 / 기대수명-중위 / 국제순이동-중위),인구(명): 0-14세,2042,3944160.0
중위 추계(기본 추계: 출산율-중위 / 기대수명-중위 / 국제순이동-중위),인구(명): 15-64세,2042,28088737.0
중위 추계(기본 추계: 출산율-중위 / 기대수명-중위 / 국제순이동-중위),인구(명): 65세 이상,2042,17592518.0
중위 추계(기본 추계: 출산율-중위 / 기대수명-중위 / 국제순이동-중위),- 구성비(%): 0-14세,2042,7.9
중위 추계(기본 추계: 출산율-중위 / 기대수명-중위 / 국제순이동-중위),- 구성비(%): 15-64세,2042,56.6
중위 추계(기본 추계: 출산율-중위 / 기대수명-중위 / 국제순이동-중위),- 구성비(%): 65세 이상,2042,35.5
중위 추계(기본 추계: 출산율-중위 / 기대수명-중위 / 국제순이동-중위),총부양비,2042,76.7
중위 추계(기본 추계: 출산율-중위 / 기대수명-중위 / 국제순이동-중위),유소년부양비,2042,14.0
중위 추계(기본 추계: 출산율-중위 / 기대수명-중위 / 국제순이동-중위),노년부양비,2042,62.6
중위 추계(기본 추계: 출산율-중위 / 기대수명-중위 / 국제순이동-중위),노령화지수,2042,446.0
중위 추계(기본 추계: 출산율-중위 / 기대수명-중위 / 국제순이동-중위),중위연령(세),2042,55.4
중위 추계(기본 추계: 출산율-중위 / 기대수명-중위 / 국제순이동-중위),중위연령(세)-남자,2042,53.6
중위 추계(기본 추계: 출산율-중위 / 기대수명-중위 / 국제순이동-중위),중위연령(세)-여자,2042,57.3
중위 추계(기본 추계: 출산율-중위 / 기대수명-중위 / 국제순이동-중위),평균연령(세),2042,52.9
중위 추계(기본 추계: 출산율-중위 / 기대수명-중위 / 국제순이동-중위),평균연령(세)-남자,2042,51.6
중위 추계(기본 추계: 출산율-중위 / 기대수명-중위 / 국제순이동-중위),평균연령(세)-여자,2042,54.2
중위 추계(기본 추계: 출산율-중위 / 기대수명-중위 / 국제순이동-중위),총인구(명),2043,49380766.0
중위 추계(기본 추계: 출산율-중위 / 기대수명-중위 / 국제순이동-중위),남자(명),2043,24596640.0
중위 추계(기본 추계: 출산율-중위 / 기대수명-중위 / 국제순이동-중위),여자(명),2043,24784126.0
중위 추계(기본 추계: 출산율-중위 / 기대수명-중위 / 국제순이동-중위),성비(여자1백명당),2043,99.2
중위 추계(기본 추계: 출산율-중위 / 기대수명-중위 / 국제순이동-중위),인구성장률,2043,-0.49
중위 추계(기본 추계: 출산율-중위 / 기대수명-중위 / 국제순이동-중위),인구(명): 0-14세,2043,3956476.0
중위 추계(기본 추계: 출산율-중위 / 기대수명-중위 / 국제순이동-중위),인구(명): 15-64세,2043,27631884.0
중위 추계(기본 추계: 출산율-중위 / 기대수명-중위 / 국제순이동-중위),인구(명): 65세 이상,2043,17792406.0
중위 추계(기본 추계: 출산율-중위 / 기대수명-중위 / 국제순이동-중위),- 구성비(%): 0-14세,2043,8.0
중위 추계(기본 추계: 출산율-중위 / 기대수명-중위 / 국제순이동-중위),- 구성비(%): 15-64세,2043,56.0
중위 추계(기본 추계: 출산율-중위 / 기대수명-중위 / 국제순이동-중위),- 구성비(%): 65세 이상,2043,36.0
중위 추계(기본 추계: 출산율-중위 / 기대수명-중위 / 국제순이동-중위),총부양비,2043,78.7
중위 추계(기본 추계: 출산율-중위 / 기대수명-중위 / 국제순이동-중위),유소년부양비,2043,14.3
중위 추계(기본 추계: 출산율-중위 / 기대수명-중위 / 국제순이동-중위),노년부양비,2043,64.4
중위 추계(기본 추계: 출산율-중위 / 기대수명-중위 / 국제순이동-중위),노령화지수,2043,449.7
중위 추계(기본 추계: 출산율-중위 / 기대수명-중위 / 국제순이동-중위),중위연령(세),2043,55.7
중위 추계(기본 추계: 출산율-중위 / 기대수명-중위 / 국제순이동-중위),중위연령(세)-남자,2043,53.9
중위 추계(기본 추계: 출산율-중위 / 기대수명-중위 / 국제순이동-중위),중위연령(세)-여자,2043,57.6
중위 추계(기본 추계: 출산율-중위 / 기대수명-중위 / 국제순이동-중위),평균연령(세),2043,53.2
중위 추계(기본 추계: 출산율-중위 / 기대수명-중위 / 국제순이동-중위),평균연령(세)-남자,2043,52.0
중위 추계(기본 추계: 출산율-중위 / 기대수명-중위 / 국제순이동-중위),평균연령(세)-여자,2043,54.5
중위 추계(기본 추계: 출산율-중위 / 기대수명-중위 / 국제순이동-중위),총인구(명),2044,49117432.0
중위 추계(기본 추계: 출산율-중위 / 기대수명-중위 / 국제순이동-중위),남자(명),2044,24459520.0
중위 추계(기본 추계: 출산율-중위 / 기대수명-중위 / 국제순이동-중위),여자(명),2044,24657912.0
중위 추계(기본 추계: 출산율-중위 / 기대수명-중위 / 국제순이동-중위),성비(여자1백명당),2044,99.2
중위 추계(기본 추계: 출산율-중위 / 기대수명-중위 / 국제순이동-중위),인구성장률,2044,-0.53
중위 추계(기본 추계: 출산율-중위 / 기대수명-중위 / 국제순이동-중위),인구(명): 0-14세,2044,3956797.0
중위 추계(기본 추계: 출산율-중위 / 기대수명-중위 / 국제순이동-중위),인구(명): 15-64세,2044,27173518.0
중위 추계(기본 추계: 출산율-중위 / 기대수명-중위 / 국제순이동-중위),인구(명): 65세 이상,2044,17987117.0
중위 추계(기본 추계: 출산율-중위 / 기대수명-중위 / 국제순이동-중위),- 구성비(%): 0-14세,2044,8.1
중위 추계(기본 추계: 출산율-중위 / 기대수명-중위 / 국제순이동-중위),- 구성비(%): 15-64세,2044,55.3
중위 추계(기본 추계: 출산율-중위 / 기대수명-중위 / 국제순이동-중위),- 구성비(%): 65세 이상,2044,36.6
중위 추계(기본 추계: 출산율-중위 / 기대수명-중위 / 국제순이동-중위),총부양비,2044,80.8
중위 추계(기본 추계: 출산율-중위 / 기대수명-중위 / 국제순이동-중위),유소년부양비,2044,14.6
중위 추계(기본 추계: 출산율-중위 / 기대수명-중위 / 국제순이동-중위),노년부양비,2044,66.2
중위 추계(기본 추계: 출산율-중위 / 기대수명-중위 / 국제순이동-중위),노령화지수,2044,454.6
중위 추계(기본 추계: 출산율-중위 / 기대수명-중위 / 국제순이동-중위),중위연령(세),2044,56.0
중위 추계(기본 추계: 출산율-중위 / 기대수명-중위 / 국제순이동-중위),중위연령(세)-남자,2044,54.3
중위 추계(기본 추계: 출산율-중위 / 기대수명-중위 / 국제순이동-중위),중위연령(세)-여자,2044,58.0
중위 추계(기본 추계: 출산율-중위 / 기대수명-중위 / 국제순이동-중위),평균연령(세),2044,53.6
중위 추계(기본 추계: 출산율-중위 / 기대수명-중위 / 국제순이동-중위),평균연령(세)-남자,2044,52.3
중위 추계(기본 추계: 출산율-중위 / 기대수명-중위 / 국제순이동-중위),평균연령(세)-여자,2044,54.8
중위 추계(기본 추계: 출산율-중위 / 기대수명-중위 / 국제순이동-중위),총인구(명),2045,48835031.0
중위 추계(기본 추계: 출산율-중위 / 기대수명-중위 / 국제순이동-중위),남자(명),2045,24313819.0
중위 추계(기본 추계: 출산율-중위 / 기대수명-중위 / 국제순이동-중위),여자(명),2045,24521212.0
중위 추계(기본 추계: 출산율-중위 / 기대수명-중위 / 국제순이동-중위),성비(여자1백명당),2045,99.2
중위 추계(기본 추계: 출산율-중위 / 기대수명-중위 / 국제순이동-중위),인구성장률,2045,-0.58
중위 추계(기본 추계: 출산율-중위 / 기대수명-중위 / 국제순이동-중위),인구(명): 0-14세,2045,3946176.0
중위 추계(기본 추계: 출산율-중위 / 기대수명-중위 / 국제순이동-중위),인구(명): 15-64세,2045,26653748.0
중위 추계(기본 추계: 출산율-중위 / 기대수명-중위 / 국제순이동-중위),인구(명): 65세 이상,2045,18235107.0
중위 추계(기본 추계: 출산율-중위 / 기대수명-중위 / 국제순이동-중위),- 구성비(%): 0-14세,2045,8.1
중위 추계(기본 추계: 출산율-중위 / 기대수명-중위 / 국제순이동-중위),- 구성비(%): 15-64세,2045,54.6
중위 추계(기본 추계: 출산율-중위 / 기대수명-중위 / 국제순이동-중위),- 구성비(%): 65세 이상,2045,37.3
중위 추계(기본 추계: 출산율-중위 / 기대수명-중위 / 국제순이동-중위),총부양비,2045,83.2
중위 추계(기본 추계: 출산율-중위 / 기대수명-중위 / 국제순이동-중위),유소년부양비,2045,14.8
중위 추계(기본 추계: 출산율-중위 / 기대수명-중위 / 국제순이동-중위),노년부양비,2045,68.4
중위 추계(기본 추계: 출산율-중위 / 기대수명-중위 / 국제순이동-중위),노령화지수,2045,462.1
중위 추계(기본 추계: 출산율-중위 / 기대수명-중위 / 국제순이동-중위),중위연령(세),2045,56.4
중위 추계(기본 추계: 출산율-중위 / 기대수명-중위 / 국제순이동-중위),중위연령(세)-남자,2045,54.7
중위 추계(기본 추계: 출산율-중위 / 기대수명-중위 / 국제순이동-중위),중위연령(세)-여자,2045,58.3
중위 추계(기본 추계: 출산율-중위 / 기대수명-중위 / 국제순이동-중위),평균연령(세),2045,53.9
중위 추계(기본 추계: 출산율-중위 / 기대수명-중위 / 국제순이동-중위),평균연령(세)-남자,2045,52.6
중위 추계(기본 추계: 출산율-중위 / 기대수명-중위 / 국제순이동-중위),평균연령(세)-여자,2045,55.2
중위 추계(기본 추계: 출산율-중위 / 기대수명-중위 / 국제순이동-중위),총인구(명),2046,48532231.0
중위 추계(기본 추계: 출산율-중위 / 기대수명-중위 / 국제순이동-중위),남자(명),2046,24158908.0
중위 추계(기본 추계: 출산율-중위 / 기대수명-중위 / 국제순이동-중위),여자(명),2046,24373323.0
중위 추계(기본 추계: 출산율-중위 / 기대수명-중위 / 국제순이동-중위),성비(여자1백명당),2046,99.1
중위 추계(기본 추계: 출산율-중위 / 기대수명-중위 / 국제순이동-중위),인구성장률,2046,-0.62
중위 추계(기본 추계: 출산율-중위 / 기대수명-중위 / 국제순이동-중위),인구(명): 0-14세,2046,3925472.0
중위 추계(기본 추계: 출산율-중위 / 기대수명-중위 / 국제순이동-중위),인구(명): 15-64세,2046,26137505.0
중위 추계(기본 추계: 출산율-중위 / 기대수명-중위 / 국제순이동-중위),인구(명): 65세 이상,2046,18469254.0
중위 추계(기본 추계: 출산율-중위 / 기대수명-중위 / 국제순이동-중위),- 구성비(%): 0-14세,2046,8.1
중위 추계(기본 추계: 출산율-중위 / 기대수명-중위 / 국제순이동-중위),- 구성비(%): 15-64세,2046,53.9
중위 추계(기본 추계: 출산율-중위 / 기대수명-중위 / 국제순이동-중위),- 구성비(%): 65세 이상,2046,38.1
중위 추계(기본 추계: 출산율-중위 / 기대수명-중위 / 국제순이동-중위),총부양비,2046,85.7
중위 추계(기본 추계: 출산율-중위 / 기대수명-중위 / 국제순이동-중위),유소년부양비,2046,15.0
중위 추계(기본 추계: 출산율-중위 / 기대수명-중위 / 국제순이동-중위),노년부양비,2046,70.7
중위 추계(기본 추계: 출산율-중위 / 기대수명-중위 / 국제순이동-중위),노령화지수,2046,470.5
중위 추계(기본 추계: 출산율-중위 / 기대수명-중위 / 국제순이동-중위),중위연령(세),2046,56.7
중위 추계(기본 추계: 출산율-중위 / 기대수명-중위 / 국제순이동-중위),중위연령(세)-남자,2046,55.0
중위 추계(기본 추계: 출산율-중위 / 기대수명-중위 / 국제순이동-중위),중위연령(세)-여자,2046,58.6
중위 추계(기본 추계: 출산율-중위 / 기대수명-중위 / 국제순이동-중위),평균연령(세),2046,54.2
중위 추계(기본 추계: 출산율-중위 / 기대수명-중위 / 국제순이동-중위),평균연령(세)-남자,2046,52.9
중위 추계(기본 추계: 출산율-중위 / 기대수명-중위 / 국제순이동-중위),평균연령(세)-여자,2046,55.5
중위 추계(기본 추계: 출산율-중위 / 기대수명-중위 / 국제순이동-중위),총인구(명),2047,48208374.0
중위 추계(기본 추계: 출산율-중위 / 기대수명-중위 / 국제순이동-중위),남자(명),2047,23994470.0
중위 추계(기본 추계: 출산율-중위 / 기대수명-중위 / 국제순이동-중위),여자(명),2047,24213904.0
중위 추계(기본 추계: 출산율-중위 / 기대수명-중위 / 국제순이동-중위),성비(여자1백명당),2047,99.1
중위 추계(기본 추계: 출산율-중위 / 기대수명-중위 / 국제순이동-중위),인구성장률,2047,-0.67
중위 추계(기본 추계: 출산율-중위 / 기대수명-중위 / 국제순이동-중위),인구(명): 0-14세,2047,3895330.0
중위 추계(기본 추계: 출산율-중위 / 기대수명-중위 / 국제순이동-중위),인구(명): 15-64세,2047,25624032.0
중위 추계(기본 추계: 출산율-중위 / 기대수명-중위 / 국제순이동-중위),인구(명): 65세 이상,2047,18689012.0
중위 추계(기본 추계: 출산율-중위 / 기대수명-중위 / 국제순이동-중위),- 구성비(%): 0-14세,2047,8.1
중위 추계(기본 추계: 출산율-중위 / 기대수명-중위 / 국제순이동-중위),- 구성비(%): 15-64세,2047,53.2
중위 추계(기본 추계: 출산율-중위 / 기대수명-중위 / 국제순이동-중위),- 구성비(%): 65세 이상,2047,38.8
중위 추계(기본 추계: 출산율-중위 / 기대수명-중위 / 국제순이동-중위),총부양비,2047,88.1
중위 추계(기본 추계: 출산율-중위 / 기대수명-중위 / 국제순이동-중위),유소년부양비,2047,15.2
중위 추계(기본 추계: 출산율-중위 / 기대수명-중위 / 국제순이동-중위),노년부양비,2047,72.9
중위 추계(기본 추계: 출산율-중위 / 기대수명-중위 / 국제순이동-중위),노령화지수,2047,479.8
중위 추계(기본 추계: 출산율-중위 / 기대수명-중위 / 국제순이동-중위),중위연령(세),2047,57.0
중위 추계(기본 추계: 출산율-중위 / 기대수명-중위 / 국제순이동-중위),중위연령(세)-남자,2047,55.4
중위 추계(기본 추계: 출산율-중위 / 기대수명-중위 / 국제순이동-중위),중위연령(세)-여자,2047,58.9
중위 추계(기본 추계: 출산율-중위 / 기대수명-중위 / 국제순이동-중위),평균연령(세),2047,54.5
중위 추계(기본 추계: 출산율-중위 / 기대수명-중위 / 국제순이동-중위),평균연령(세)-남자,2047,53.2
중위 추계(기본 추계: 출산율-중위 / 기대수명-중위 / 국제순이동-중위),평균연령(세)-여자,2047,55.8
중위 추계(기본 추계: 출산율-중위 / 기대수명-중위 / 국제순이동-중위),총인구(명),2048,47863071.0
중위 추계(기본 추계: 출산율-중위 / 기대수명-중위 / 국제순이동-중위),남자(명),2048,23820596.0
중위 추계(기본 추계: 출산율-중위 / 기대수명-중위 / 국제순이동-중위),여자(명),2048,24042475.0
중위 추계(기본 추계: 출산율-중위 / 기대수명-중위 / 국제순이동-중위),성비(여자1백명당),2048,99.1
중위 추계(기본 추계: 출산율-중위 / 기대수명-중위 / 국제순이동-중위),인구성장률,2048,-0.72
중위 추계(기본 추계: 출산율-중위 / 기대수명-중위 / 국제순이동-중위),인구(명): 0-14세,2048,3856154.0
중위 추계(기본 추계: 출산율-중위 / 기대수명-중위 / 국제순이동-중위),인구(명): 15-64세,2048,25167604.0
중위 추계(기본 추계: 출산율-중위 / 기대수명-중위 / 국제순이동-중위),인구(명): 65세 이상,2048,18839313.0
중위 추계(기본 추계: 출산율-중위 / 기대수명-중위 / 국제순이동-중위),- 구성비(%): 0-14세,2048,8.1
중위 추계(기본 추계: 출산율-중위 / 기대수명-중위 / 국제순이동-중위),- 구성비(%): 15-64세,2048,52.6
중위 추계(기본 추계: 출산율-중위 / 기대수명-중위 / 국제순이동-중위),- 구성비(%): 65세 이상,2048,39.4
중위 추계(기본 추계: 출산율-중위 / 기대수명-중위 / 국제순이동-중위),총부양비,2048,90.2
중위 추계(기본 추계: 출산율-중위 / 기대수명-중위 / 국제순이동-중위),유소년부양비,2048,15.3
중위 추계(기본 추계: 출산율-중위 / 기대수명-중위 / 국제순이동-중위),노년부양비,2048,74.9
중위 추계(기본 추계: 출산율-중위 / 기대수명-중위 / 국제순이동-중위),노령화지수,2048,488.6
중위 추계(기본 추계: 출산율-중위 / 기대수명-중위 / 국제순이동-중위),중위연령(세),2048,57.3
중위 추계(기본 추계: 출산율-중위 / 기대수명-중위 / 국제순이동-중위),중위연령(세)-남자,2048,55.8
중위 추계(기본 추계: 출산율-중위 / 기대수명-중위 / 국제순이동-중위),중위연령(세)-여자,2048,59.2
중위 추계(기본 추계: 출산율-중위 / 기대수명-중위 / 국제순이동-중위),평균연령(세),2048,54.7
중위 추계(기본 추계: 출산율-중위 / 기대수명-중위 / 국제순이동-중위),평균연령(세)-남자,2048,53.4
중위 추계(기본 추계: 출산율-중위 / 기대수명-중위 / 국제순이동-중위),평균연령(세)-여자,2048,56.0
중위 추계(기본 추계: 출산율-중위 / 기대수명-중위 / 국제순이동-중위),총인구(명),2049,47495914.0
중위 추계(기본 추계: 출산율-중위 / 기대수명-중위 / 국제순이동-중위),남자(명),2049,23636945.0
중위 추계(기본 추계: 출산율-중위 / 기대수명-중위 / 국제순이동-중위),여자(명),2049,23858969.0
중위 추계(기본 추계: 출산율-중위 / 기대수명-중위 / 국제순이동-중위),성비(여자1백명당),2049,99.1
중위 추계(기본 추계: 출산율-중위 / 기대수명-중위 / 국제순이동-중위),인구성장률,2049,-0.77
중위 추계(기본 추계: 출산율-중위 / 기대수명-중위 / 국제순이동-중위),인구(명): 0-14세,2049,3808132.0
중위 추계(기본 추계: 출산율-중위 / 기대수명-중위 / 국제순이동-중위),인구(명): 15-64세,2049,24781109.0
중위 추계(기본 추계: 출산율-중위 / 기대수명-중위 / 국제순이동-중위),인구(명): 65세 이상,2049,18906673.0
중위 추계(기본 추계: 출산율-중위 / 기대수명-중위 / 국제순이동-중위),- 구성비(%): 0-14세,2049,8.0
중위 추계(기본 추계: 출산율-중위 / 기대수명-중위 / 국제순이동-중위),- 구성비(%): 15-64세,2049,52.2
중위 추계(기본 추계: 출산율-중위 / 기대수명-중위 / 국제순이동-중위),- 구성비(%): 65세 이상,2049,39.8
중위 추계(기본 추계: 출산율-중위 / 기대수명-중위 / 국제순이동-중위),총부양비,2049,91.7
중위 추계(기본 추계: 출산율-중위 / 기대수명-중위 / 국제순이동-중위),유소년부양비,2049,15.4
중위 추계(기본 추계: 출산율-중위 / 기대수명-중위 / 국제순이동-중위),노년부양비,2049,76.3
중위 추계(기본 추계: 출산율-중위 / 기대수명-중위 / 국제순이동-중위),노령화지수,2049,496.5
중위 추계(기본 추계: 출산율-중위 / 기대수명-중위 / 국제순이동-중위),중위연령(세),2049,57.7
중위 추계(기본 추계: 출산율-중위 / 기대수명-중위 / 국제순이동-중위),중위연령(세)-남자,2049,56.3
중위 추계(기본 추계: 출산율-중위 / 기대수명-중위 / 국제순이동-중위),중위연령(세)-여자,2049,59.4
중위 추계(기본 추계: 출산율-중위 / 기대수명-중위 / 국제순이동-중위),평균연령(세),2049,55.0
중위 추계(기본 추계: 출산율-중위 / 기대수명-중위 / 국제순이동-중위),평균연령(세)-남자,2049,53.7
중위 추계(기본 추계: 출산율-중위 / 기대수명-중위 / 국제순이동-중위),평균연령(세)-여자,2049,56.3
중위 추계(기본 추계: 출산율-중위 / 기대수명-중위 / 국제순이동-중위),총인구(명),2050,47106960.0
중위 추계(기본 추계: 출산율-중위 / 기대수명-중위 / 국제순이동-중위),남자(명),2050,23443302.0
중위 추계(기본 추계: 출산율-중위 / 기대수명-중위 / 국제순이동-중위),여자(명),2050,23663658.0
중위 추계(기본 추계: 출산율-중위 / 기대수명-중위 / 국제순이동-중위),성비(여자1백명당),2050,99.1
중위 추계(기본 추계: 출산율-중위 / 기대수명-중위 / 국제순이동-중위),인구성장률,2050,-0.82
중위 추계(기본 추계: 출산율-중위 / 기대수명-중위 / 국제순이동-중위),인구(명): 0-14세,2050,3751268.0
중위 추계(기본 추계: 출산율-중위 / 기대수명-중위 / 국제순이동-중위),인구(명): 15-64세,2050,24447839.0
중위 추계(기본 추계: 출산율-중위 / 기대수명-중위 / 국제순이동-중위),인구(명): 65세 이상,2050,18907853.0
중위 추계(기본 추계: 출산율-중위 / 기대수명-중위 / 국제순이동-중위),- 구성비(%): 0-14세,2050,8.0
중위 추계(기본 추계: 출산율-중위 / 기대수명-중위 / 국제순이동-중위),- 구성비(%): 15-64세,2050,51.9
중위 추계(기본 추계: 출산율-중위 / 기대수명-중위 / 국제순이동-중위),- 구성비(%): 65세 이상,2050,40.1
중위 추계(기본 추계: 출산율-중위 / 기대수명-중위 / 국제순이동-중위),총부양비,2050,92.7
중위 추계(기본 추계: 출산율-중위 / 기대수명-중위 / 국제순이동-중위),유소년부양비,2050,15.3
중위 추계(기본 추계: 출산율-중위 / 기대수명-중위 / 국제순이동-중위),노년부양비,2050,77.3
중위 추계(기본 추계: 출산율-중위 / 기대수명-중위 / 국제순이동-중위),노령화지수,2050,504.0
중위 추계(기본 추계: 출산율-중위 / 기대수명-중위 / 국제순이동-중위),중위연령(세),2050,58.1
중위 추계(기본 추계: 출산율-중위 / 기대수명-중위 / 국제순이동-중위),중위연령(세)-남자,2050,56.6
중위 추계(기본 추계: 출산율-중위 / 기대수명-중위 / 국제순이동-중위),중위연령(세)-여자,2050,59.7
중위 추계(기본 추계: 출산율-중위 / 기대수명-중위 / 국제순이동-중위),평균연령(세),2050,55.2
중위 추계(기본 추계: 출산율-중위 / 기대수명-중위 / 국제순이동-중위),평균연령(세)-남자,2050,53.9
중위 추계(기본 추계: 출산율-중위 / 기대수명-중위 / 국제순이동-중위),평균연령(세)-여자,2050,56.6
중위 추계(기본 추계: 출산율-중위 / 기대수명-중위 / 국제순이동-중위),총인구(명),2051,46697391.0
중위 추계(기본 추계: 출산율-중위 / 기대수명-중위 / 국제순이동-중위),남자(명),2051,23240251.0
중위 추계(기본 추계: 출산율-중위 / 기대수명-중위 / 국제순이동-중위),여자(명),2051,23457140.0
중위 추계(기본 추계: 출산율-중위 / 기대수명-중위 / 국제순이동-중위),성비(여자1백명당),2051,99.1
중위 추계(기본 추계: 출산율-중위 / 기대수명-중위 / 국제순이동-중위),인구성장률,2051,-0.87
중위 추계(기본 추계: 출산율-중위 / 기대수명-중위 / 국제순이동-중위),인구(명): 0-14세,2051,3685429.0
중위 추계(기본 추계: 출산율-중위 / 기대수명-중위 / 국제순이동-중위),인구(명): 15-64세,2051,24113219.0
중위 추계(기본 추계: 출산율-중위 / 기대수명-중위 / 국제순이동-중위),인구(명): 65세 이상,2051,18898743.0
중위 추계(기본 추계: 출산율-중위 / 기대수명-중위 / 국제순이동-중위),- 구성비(%): 0-14세,2051,7.9
중위 추계(기본 추계: 출산율-중위 / 기대수명-중위 / 국제순이동-중위),- 구성비(%): 15-64세,2051,51.6
중위 추계(기본 추계: 출산율-중위 / 기대수명-중위 / 국제순이동-중위),- 구성비(%): 65세 이상,2051,40.5
중위 추계(기본 추계: 출산율-중위 / 기대수명-중위 / 국제순이동-중위),총부양비,2051,93.7
중위 추계(기본 추계: 출산율-중위 / 기대수명-중위 / 국제순이동-중위),유소년부양비,2051,15.3
중위 추계(기본 추계: 출산율-중위 / 기대수명-중위 / 국제순이동-중위),노년부양비,2051,78.4
중위 추계(기본 추계: 출산율-중위 / 기대수명-중위 / 국제순이동-중위),노령화지수,2051,512.8
중위 추계(기본 추계: 출산율-중위 / 기대수명-중위 / 국제순이동-중위),중위연령(세),2051,58.4
중위 추계(기본 추계: 출산율-중위 / 기대수명-중위 / 국제순이동-중위),중위연령(세)-남자,2051,57.0
중위 추계(기본 추계: 출산율-중위 / 기대수명-중위 / 국제순이동-중위),중위연령(세)-여자,2051,60.0
중위 추계(기본 추계: 출산율-중위 / 기대수명-중위 / 국제순이동-중위),평균연령(세),2051,55.5
중위 추계(기본 추계: 출산율-중위 / 기대수명-중위 / 국제순이동-중위),평균연령(세)-남자,2051,54.2
중위 추계(기본 추계: 출산율-중위 / 기대수명-중위 / 국제순이동-중위),평균연령(세)-여자,2051,56.8
중위 추계(기본 추계: 출산율-중위 / 기대수명-중위 / 국제순이동-중위),총인구(명),2052,46267614.0
중위 추계(기본 추계: 출산율-중위 / 기대수명-중위 / 국제순이동-중위),남자(명),2052,23028412.0
중위 추계(기본 추계: 출산율-중위 / 기대수명-중위 / 국제순이동-중위),여자(명),2052,23239202.0
중위 추계(기본 추계: 출산율-중위 / 기대수명-중위 / 국제순이동-중위),성비(여자1백명당),2052,99.1
중위 추계(기본 추계: 출산율-중위 / 기대수명-중위 / 국제순이동-중위),인구성장률,2052,-0.92
중위 추계(기본 추계: 출산율-중위 / 기대수명-중위 / 국제순이동-중위),인구(명): 0-14세,2052,3610447.0
중위 추계(기본 추계: 출산율-중위 / 기대수명-중위 / 국제순이동-중위),인구(명): 15-64세,2052,23796117.0
중위 추계(기본 추계: 출산율-중위 / 기대수명-중위 / 국제순이동-중위),인구(명): 65세 이상,2052,18861050.0
중위 추계(기본 추계: 출산율-중위 / 기대수명-중위 / 국제순이동-중위),- 구성비(%): 0-14세,2052,7.8
중위 추계(기본 추계: 출산율-중위 / 기대수명-중위 / 국제순이동-중위),- 구성비(%): 15-64세,2052,51.4
중위 추계(기본 추계: 출산율-중위 / 기대수명-중위 / 국제순이동-중위),- 구성비(%): 65세 이상,2052,40.8
중위 추계(기본 추계: 출산율-중위 / 기대수명-중위 / 국제순이동-중위),총부양비,2052,94.4
중위 추계(기본 추계: 출산율-중위 / 기대수명-중위 / 국제순이동-중위),유소년부양비,2052,15.2
중위 추계(기본 추계: 출산율-중위 / 기대수명-중위 / 국제순이동-중위),노년부양비,2052,79.3
중위 추계(기본 추계: 출산율-중위 / 기대수명-중위 / 국제순이동-중위),노령화지수,2052,522.4
중위 추계(기본 추계: 출산율-중위 / 기대수명-중위 / 국제순이동-중위),중위연령(세),2052,58.8
중위 추계(기본 추계: 출산율-중위 / 기대수명-중위 / 국제순이동-중위),중위연령(세)-남자,2052,57.4
중위 추계(기본 추계: 출산율-중위 / 기대수명-중위 / 국제순이동-중위),중위연령(세)-여자,2052,60.3
중위 추계(기본 추계: 출산율-중위 / 기대수명-중위 / 국제순이동-중위),평균연령(세),2052,55.7
중위 추계(기본 추계: 출산율-중위 / 기대수명-중위 / 국제순이동-중위),평균연령(세)-남자,2052,54.4
중위 추계(기본 추계: 출산율-중위 / 기대수명-중위 / 국제순이동-중위),평균연령(세)-여자,2052,57.0
중위 추계(기본 추계: 출산율-중위 / 기대수명-중위 / 국제순이동-중위),총인구(명),2053,45818111.0
중위 추계(기본 추계: 출산율-중위 / 기대수명-중위 / 국제순이동-중위),남자(명),2053,22808799.0
중위 추계(기본 추계: 출산율-중위 / 기대수명-중위 / 국제순이동-중위),여자(명),2053,23009312.0
중위 추계(기본 추계: 출산율-중위 / 기대수명-중위 / 국제순이동-중위),성비(여자1백명당),2053,99.1
중위 추계(기본 추계: 출산율-중위 / 기대수명-중위 / 국제순이동-중위),인구성장률,2053,-0.98
중위 추계(기본 추계: 출산율-중위 / 기대수명-중위 / 국제순이동-중위),인구(명): 0-14세,2053,3530547.0
중위 추계(기본 추계: 출산율-중위 / 기대수명-중위 / 국제순이동-중위),인구(명): 15-64세,2053,23485218.0
중위 추계(기본 추계: 출산율-중위 / 기대수명-중위 / 국제순이동-중위),인구(명): 65세 이상,2053,18802346.0
중위 추계(기본 추계: 출산율-중위 / 기대수명-중위 / 국제순이동-중위),- 구성비(%): 0-14세,2053,7.7
중위 추계(기본 추계: 출산율-중위 / 기대수명-중위 / 국제순이동-중위),- 구성비(%): 15-64세,2053,51.3
중위 추계(기본 추계: 출산율-중위 / 기대수명-중위 / 국제순이동-중위),- 구성비(%): 65세 이상,2053,41.0
중위 추계(기본 추계: 출산율-중위 / 기대수명-중위 / 국제순이동-중위),총부양비,2053,95.1
중위 추계(기본 추계: 출산율-중위 / 기대수명-중위 / 국제순이동-중위),유소년부양비,2053,15.0
중위 추계(기본 추계: 출산율-중위 / 기대수명-중위 / 국제순이동-중위),노년부양비,2053,80.1
중위 추계(기본 추계: 출산율-중위 / 기대수명-중위 / 국제순이동-중위),노령화지수,2053,532.6
중위 추계(기본 추계: 출산율-중위 / 기대수명-중위 / 국제순이동-중위),중위연령(세),2053,59.2
중위 추계(기본 추계: 출산율-중위 / 기대수명-중위 / 국제순이동-중위),중위연령(세)-남자,2053,57.8
중위 추계(기본 추계: 출산율-중위 / 기대수명-중위 / 국제순이동-중위),중위연령(세)-여자,2053,60.7
중위 추계(기본 추계: 출산율-중위 / 기대수명-중위 / 국제순이동-중위),평균연령(세),2053,56.0
중위 추계(기본 추계: 출산율-중위 / 기대수명-중위 / 국제순이동-중위),평균연령(세)-남자,2053,54.6
중위 추계(기본 추계: 출산율-중위 / 기대수명-중위 / 국제순이동-중위),평균연령(세)-여자,2053,57.3
중위 추계(기본 추계: 출산율-중위 / 기대수명-중위 / 국제순이동-중위),총인구(명),2054,45350648.0
중위 추계(기본 추계: 출산율-중위 / 기대수명-중위 / 국제순이동-중위),남자(명),2054,22581760.0
중위 추계(기본 추계: 출산율-중위 / 기대수명-중위 / 국제순이동-중위),여자(명),2054,22768888.0
중위 추계(기본 추계: 출산율-중위 / 기대수명-중위 / 국제순이동-중위),성비(여자1백명당),2054,99.2
중위 추계(기본 추계: 출산율-중위 / 기대수명-중위 / 국제순이동-중위),인구성장률,2054,-1.03
중위 추계(기본 추계: 출산율-중위 / 기대수명-중위 / 국제순이동-중위),인구(명): 0-14세,2054,3449623.0
중위 추계(기본 추계: 출산율-중위 / 기대수명-중위 / 국제순이동-중위),인구(명): 15-64세,2054,23151283.0
중위 추계(기본 추계: 출산율-중위 / 기대수명-중위 / 국제순이동-중위),인구(명): 65세 이상,2054,18749742.0
중위 추계(기본 추계: 출산율-중위 / 기대수명-중위 / 국제순이동-중위),- 구성비(%): 0-14세,2054,7.6
중위 추계(기본 추계: 출산율-중위 / 기대수명-중위 / 국제순이동-중위),- 구성비(%): 15-64세,2054,51.0
중위 추계(기본 추계: 출산율-중위 / 기대수명-중위 / 국제순이동-중위),- 구성비(%): 65세 이상,2054,41.3
중위 추계(기본 추계: 출산율-중위 / 기대수명-중위 / 국제순이동-중위),총부양비,2054,95.9
중위 추계(기본 추계: 출산율-중위 / 기대수명-중위 / 국제순이동-중위),유소년부양비,2054,14.9
중위 추계(기본 추계: 출산율-중위 / 기대수명-중위 / 국제순이동-중위),노년부양비,2054,81.0
중위 추계(기본 추계: 출산율-중위 / 기대수명-중위 / 국제순이동-중위),노령화지수,2054,543.5
중위 추계(기본 추계: 출산율-중위 / 기대수명-중위 / 국제순이동-중위),중위연령(세),2054,59.5
중위 추계(기본 추계: 출산율-중위 / 기대수명-중위 / 국제순이동-중위),중위연령(세)-남자,2054,58.2
중위 추계(기본 추계: 출산율-중위 / 기대수명-중위 / 국제순이동-중위),중위연령(세)-여자,2054,61.0
중위 추계(기본 추계: 출산율-중위 / 기대수명-중위 / 국제순이동-중위),평균연령(세),2054,56.2
중위 추계(기본 추계: 출산율-중위 / 기대수명-중위 / 국제순이동-중위),평균연령(세)-남자,2054,54.8
중위 추계(기본 추계: 출산율-중위 / 기대수명-중위 / 국제순이동-중위),평균연령(세)-여자,2054,57.5
중위 추계(기본 추계: 출산율-중위 / 기대수명-중위 / 국제순이동-중위),총인구(명),2055,44867534.0
중위 추계(기본 추계: 출산율-중위 / 기대수명-중위 / 국제순이동-중위),남자(명),2055,22347707.0
중위 추계(기본 추계: 출산율-중위 / 기대수명-중위 / 국제순이동-중위),여자(명),2055,22519827.0
중위 추계(기본 추계: 출산율-중위 / 기대수명-중위 / 국제순이동-중위),성비(여자1백명당),2055,99.2
중위 추계(기본 추계: 출산율-중위 / 기대수명-중위 / 국제순이동-중위),인구성장률,2055,-1.07
중위 추계(기본 추계: 출산율-중위 / 기대수명-중위 / 국제순이동-중위),인구(명): 0-14세,2055,3367015.0
중위 추계(기본 추계: 출산율-중위 / 기대수명-중위 / 국제순이동-중위),인구(명): 15-64세,2055,22795051.0
중위 추계(기본 추계: 출산율-중위 / 기대수명-중위 / 국제순이동-중위),인구(명): 65세 이상,2055,18705468.0
중위 추계(기본 추계: 출산율-중위 / 기대수명-중위 / 국제순이동-중위),- 구성비(%): 0-14세,2055,7.5
중위 추계(기본 추계: 출산율-중위 / 기대수명-중위 / 국제순이동-중위),- 구성비(%): 15-64세,2055,50.8
중위 추계(기본 추계: 출산율-중위 / 기대수명-중위 / 국제순이동-중위),- 구성비(%): 65세 이상,2055,41.7
중위 추계(기본 추계: 출산율-중위 / 기대수명-중위 / 국제순이동-중위),총부양비,2055,96.8
중위 추계(기본 추계: 출산율-중위 / 기대수명-중위 / 국제순이동-중위),유소년부양비,2055,14.8
중위 추계(기본 추계: 출산율-중위 / 기대수명-중위 / 국제순이동-중위),노년부양비,2055,82.1
중위 추계(기본 추계: 출산율-중위 / 기대수명-중위 / 국제순이동-중위),노령화지수,2055,555.6
중위 추계(기본 추계: 출산율-중위 / 기대수명-중위 / 국제순이동-중위),중위연령(세),2055,59.9
중위 추계(기본 추계: 출산율-중위 / 기대수명-중위 / 국제순이동-중위),중위연령(세)-남자,2055,58.6
중위 추계(기본 추계: 출산율-중위 / 기대수명-중위 / 국제순이동-중위),중위연령(세)-여자,2055,61.3
중위 추계(기본 추계: 출산율-중위 / 기대수명-중위 / 국제순이동-중위),평균연령(세),2055,56.4
중위 추계(기본 추계: 출산율-중위 / 기대수명-중위 / 국제순이동-중위),평균연령(세)-남자,2055,55.1
중위 추계(기본 추계: 출산율-중위 / 기대수명-중위 / 국제순이동-중위),평균연령(세)-여자,2055,57.7
중위 추계(기본 추계: 출산율-중위 / 기대수명-중위 / 국제순이동-중위),총인구(명),2056,44371641.0
중위 추계(기본 추계: 출산율-중위 / 기대수명-중위 / 국제순이동-중위),남자(명),2056,22107905.0
중위 추계(기본 추계: 출산율-중위 / 기대수명-중위 / 국제순이동-중위),여자(명),2056,22263736.0
중위 추계(기본 추계: 출산율-중위 / 기대수명-중위 / 국제순이동-중위),성비(여자1백명당),2056,99.3
중위 추계(기본 추계: 출산율-중위 / 기대수명-중위 / 국제순이동-중위),인구성장률,2056,-1.11
중위 추계(기본 추계: 출산율-중위 / 기대수명-중위 / 국제순이동-중위),인구(명): 0-14세,2056,3282471.0
중위 추계(기본 추계: 출산율-중위 / 기대수명-중위 / 국제순이동-중위),인구(명): 15-64세,2056,22424454.0
중위 추계(기본 추계: 출산율-중위 / 기대수명-중위 / 국제순이동-중위),인구(명): 65세 이상,2056,18664716.0
중위 추계(기본 추계: 출산율-중위 / 기대수명-중위 / 국제순이동-중위),- 구성비(%): 0-14세,2056,7.4
중위 추계(기본 추계: 출산율-중위 / 기대수명-중위 / 국제순이동-중위),- 구성비(%): 15-64세,2056,50.5
중위 추계(기본 추계: 출산율-중위 / 기대수명-중위 / 국제순이동-중위),- 구성비(%): 65세 이상,2056,42.1
중위 추계(기본 추계: 출산율-중위 / 기대수명-중위 / 국제순이동-중위),총부양비,2056,97.9
중위 추계(기본 추계: 출산율-중위 / 기대수명-중위 / 국제순이동-중위),유소년부양비,2056,14.6
중위 추계(기본 추계: 출산율-중위 / 기대수명-중위 / 국제순이동-중위),노년부양비,2056,83.2
중위 추계(기본 추계: 출산율-중위 / 기대수명-중위 / 국제순이동-중위),노령화지수,2056,568.6
중위 추계(기본 추계: 출산율-중위 / 기대수명-중위 / 국제순이동-중위),중위연령(세),2056,60.2
중위 추계(기본 추계: 출산율-중위 / 기대수명-중위 / 국제순이동-중위),중위연령(세)-남자,2056,58.9
중위 추계(기본 추계: 출산율-중위 / 기대수명-중위 / 국제순이동-중위),중위연령(세)-여자,2056,61.6
중위 추계(기본 추계: 출산율-중위 / 기대수명-중위 / 국제순이동-중위),평균연령(세),2056,56.6
중위 추계(기본 추계: 출산율-중위 / 기대수명-중위 / 국제순이동-중위),평균연령(세)-남자,2056,55.3
중위 추계(기본 추계: 출산율-중위 / 기대수명-중위 / 국제순이동-중위),평균연령(세)-여자,2056,57.9
중위 추계(기본 추계: 출산율-중위 / 기대수명-중위 / 국제순이동-중위),총인구(명),2057,43864958.0
중위 추계(기본 추계: 출산율-중위 / 기대수명-중위 / 국제순이동-중위),남자(명),2057,21863691.0
중위 추계(기본 추계: 출산율-중위 / 기대수명-중위 / 국제순이동-중위),여자(명),2057,22001267.0
중위 추계(기본 추계: 출산율-중위 / 기대수명-중위 / 국제순이동-중위),성비(여자1백명당),2057,99.4
중위 추계(기본 추계: 출산율-중위 / 기대수명-중위 / 국제순이동-중위),인구성장률,2057,-1.15
중위 추계(기본 추계: 출산율-중위 / 기대수명-중위 / 국제순이동-중위),인구(명): 0-14세,2057,3196111.0
중위 추계(기본 추계: 출산율-중위 / 기대수명-중위 / 국제순이동-중위),인구(명): 15-64세,2057,21992529.0
중위 추계(기본 추계: 출산율-중위 / 기대수명-중위 / 국제순이동-중위),인구(명): 65세 이상,2057,18676318.0
중위 추계(기본 추계: 출산율-중위 / 기대수명-중위 / 국제순이동-중위),- 구성비(%): 0-14세,2057,7.3
중위 추계(기본 추계: 출산율-중위 / 기대수명-중위 / 국제순이동-중위),- 구성비(%): 15-64세,2057,50.1
중위 추계(기본 추계: 출산율-중위 / 기대수명-중위 / 국제순이동-중위),- 구성비(%): 65세 이상,2057,42.6
중위 추계(기본 추계: 출산율-중위 / 기대수명-중위 / 국제순이동-중위),총부양비,2057,99.5
중위 추계(기본 추계: 출산율-중위 / 기대수명-중위 / 국제순이동-중위),유소년부양비,2057,14.5
중위 추계(기본 추계: 출산율-중위 / 기대수명-중위 / 국제순이동-중위),노년부양비,2057,84.9
중위 추계(기본 추계: 출산율-중위 / 기대수명-중위 / 국제순이동-중위),노령화지수,2057,584.3
중위 추계(기본 추계: 출산율-중위 / 기대수명-중위 / 국제순이동-중위),중위연령(세),2057,60.6
중위 추계(기본 추계: 출산율-중위 / 기대수명-중위 / 국제순이동-중위),중위연령(세)-남자,2057,59.3
중위 추계(기본 추계: 출산율-중위 / 기대수명-중위 / 국제순이동-중위),중위연령(세)-여자,2057,61.9
중위 추계(기본 추계: 출산율-중위 / 기대수명-중위 / 국제순이동-중위),평균연령(세),2057,56.8
중위 추계(기본 추계: 출산율-중위 / 기대수명-중위 / 국제순이동-중위),평균연령(세)-남자,2057,55.5
중위 추계(기본 추계: 출산율-중위 / 기대수명-중위 / 국제순이동-중위),평균연령(세)-여자,2057,58.1
중위 추계(기본 추계: 출산율-중위 / 기대수명-중위 / 국제순이동-중위),총인구(명),2058,43349217.0
중위 추계(기본 추계: 출산율-중위 / 기대수명-중위 / 국제순이동-중위),남자(명),2058,21616063.0
중위 추계(기본 추계: 출산율-중위 / 기대수명-중위 / 국제순이동-중위),여자(명),2058,21733154.0
중위 추계(기본 추계: 출산율-중위 / 기대수명-중위 / 국제순이동-중위),성비(여자1백명당),2058,99.5
중위 추계(기본 추계: 출산율-중위 / 기대수명-중위 / 국제순이동-중위),인구성장률,2058,-1.18
중위 추계(기본 추계: 출산율-중위 / 기대수명-중위 / 국제순이동-중위),인구(명): 0-14세,2058,3108455.0
중위 추계(기본 추계: 출산율-중위 / 기대수명-중위 / 국제순이동-중위),인구(명): 15-64세,2058,21549924.0
중위 추계(기본 추계: 출산율-중위 / 기대수명-중위 / 국제순이동-중위),인구(명): 65세 이상,2058,18690838.0
중위 추계(기본 추계: 출산율-중위 / 기대수명-중위 / 국제순이동-중위),- 구성비(%): 0-14세,2058,7.2
중위 추계(기본 추계: 출산율-중위 / 기대수명-중위 / 국제순이동-중위),- 구성비(%): 15-64세,2058,49.7
중위 추계(기본 추계: 출산율-중위 / 기대수명-중위 / 국제순이동-중위),- 구성비(%): 65세 이상,2058,43.1
중위 추계(기본 추계: 출산율-중위 / 기대수명-중위 / 국제순이동-중위),총부양비,2058,101.2
중위 추계(기본 추계: 출산율-중위 / 기대수명-중위 / 국제순이동-중위),유소년부양비,2058,14.4
중위 추계(기본 추계: 출산율-중위 / 기대수명-중위 / 국제순이동-중위),노년부양비,2058,86.7
중위 추계(기본 추계: 출산율-중위 / 기대수명-중위 / 국제순이동-중위),노령화지수,2058,601.3
중위 추계(기본 추계: 출산율-중위 / 기대수명-중위 / 국제순이동-중위),중위연령(세),2058,60.9
중위 추계(기본 추계: 출산율-중위 / 기대수명-중위 / 국제순이동-중위),중위연령(세)-남자,2058,59.6
중위 추계(기본 추계: 출산율-중위 / 기대수명-중위 / 국제순이동-중위),중위연령(세)-여자,2058,62.2
중위 추계(기본 추계: 출산율-중위 / 기대수명-중위 / 국제순이동-중위),평균연령(세),2058,57.0
중위 추계(기본 추계: 출산율-중위 / 기대수명-중위 / 국제순이동-중위),평균연령(세)-남자,2058,55.7
중위 추계(기본 추계: 출산율-중위 / 기대수명-중위 / 국제순이동-중위),평균연령(세)-여자,2058,58.3
중위 추계(기본 추계: 출산율-중위 / 기대수명-중위 / 국제순이동-중위),총인구(명),2059,42827316.0
중위 추계(기본 추계: 출산율-중위 / 기대수명-중위 / 국제순이동-중위),남자(명),2059,21365813.0
중위 추계(기본 추계: 출산율-중위 / 기대수명-중위 / 국제순이동-중위),여자(명),2059,21461503.0
중위 추계(기본 추계: 출산율-중위 / 기대수명-중위 / 국제순이동-중위),성비(여자1백명당),2059,99.6
중위 추계(기본 추계: 출산율-중위 / 기대수명-중위 / 국제순이동-중위),인구성장률,2059,-1.21
중위 추계(기본 추계: 출산율-중위 / 기대수명-중위 / 국제순이동-중위),인구(명): 0-14세,2059,3020414.0
중위 추계(기본 추계: 출산율-중위 / 기대수명-중위 / 국제순이동-중위),인구(명): 15-64세,2059,21115982.0
중위 추계(기본 추계: 출산율-중위 / 기대수명-중위 / 국제순이동-중위),인구(명): 65세 이상,2059,18690920.0
중위 추계(기본 추계: 출산율-중위 / 기대수명-중위 / 국제순이동-중위),- 구성비(%): 0-14세,2059,7.1
중위 추계(기본 추계: 출산율-중위 / 기대수명-중위 / 국제순이동-중위),- 구성비(%): 15-64세,2059,49.3
중위 추계(기본 추계: 출산율-중위 / 기대수명-중위 / 국제순이동-중위),- 구성비(%): 65세 이상,2059,43.6
중위 추계(기본 추계: 출산율-중위 / 기대수명-중위 / 국제순이동-중위),총부양비,2059,102.8
중위 추계(기본 추계: 출산율-중위 / 기대수명-중위 / 국제순이동-중위),유소년부양비,2059,14.3
중위 추계(기본 추계: 출산율-중위 / 기대수명-중위 / 국제순이동-중위),노년부양비,2059,88.5
중위 추계(기본 추계: 출산율-중위 / 기대수명-중위 / 국제순이동-중위),노령화지수,2059,618.8
중위 추계(기본 추계: 출산율-중위 / 기대수명-중위 / 국제순이동-중위),중위연령(세),2059,61.2
중위 추계(기본 추계: 출산율-중위 / 기대수명-중위 / 국제순이동-중위),중위연령(세)-남자,2059,59.9
중위 추계(기본 추계: 출산율-중위 / 기대수명-중위 / 국제순이동-중위),중위연령(세)-여자,2059,62.5
중위 추계(기본 추계: 출산율-중위 / 기대수명-중위 / 국제순이동-중위),평균연령(세),2059,57.2
중위 추계(기본 추계: 출산율-중위 / 기대수명-중위 / 국제순이동-중위),평균연령(세)-남자,2059,55.9
중위 추계(기본 추계: 출산율-중위 / 기대수명-중위 / 국제순이동-중위),평균연령(세)-여자,2059,58.5
중위 추계(기본 추계: 출산율-중위 / 기대수명-중위 / 국제순이동-중위),총인구(명),2060,42302086.0
중위 추계(기본 추계: 출산율-중위 / 기대수명-중위 / 국제순이동-중위),남자(명),2060,21114313.0
중위 추계(기본 추계: 출산율-중위 / 기대수명-중위 / 국제순이동-중위),여자(명),2060,21187773.0
중위 추계(기본 추계: 출산율-중위 / 기대수명-중위 / 국제순이동-중위),성비(여자1백명당),2060,99.7
중위 추계(기본 추계: 출산율-중위 / 기대수명-중위 / 국제순이동-중위),인구성장률,2060,-1.23
중위 추계(기본 추계: 출산율-중위 / 기대수명-중위 / 국제순이동-중위),인구(명): 0-14세,2060,2933230.0
중위 추계(기본 추계: 출산율-중위 / 기대수명-중위 / 국제순이동-중위),인구(명): 15-64세,2060,20686964.0
중위 추계(기본 추계: 출산율-중위 / 기대수명-중위 / 국제순이동-중위),인구(명): 65세 이상,2060,18681892.0
중위 추계(기본 추계: 출산율-중위 / 기대수명-중위 / 국제순이동-중위),- 구성비(%): 0-14세,2060,6.9
중위 추계(기본 추계: 출산율-중위 / 기대수명-중위 / 국제순이동-중위),- 구성비(%): 15-64세,2060,48.9
중위 추계(기본 추계: 출산율-중위 / 기대수명-중위 / 국제순이동-중위),- 구성비(%): 65세 이상,2060,44.2
중위 추계(기본 추계: 출산율-중위 / 기대수명-중위 / 국제순이동-중위),총부양비,2060,104.5
중위 추계(기본 추계: 출산율-중위 / 기대수명-중위 / 국제순이동-중위),유소년부양비,2060,14.2
중위 추계(기본 추계: 출산율-중위 / 기대수명-중위 / 국제순이동-중위),노년부양비,2060,90.3
중위 추계(기본 추계: 출산율-중위 / 기대수명-중위 / 국제순이동-중위),노령화지수,2060,636.9
중위 추계(기본 추계: 출산율-중위 / 기대수명-중위 / 국제순이동-중위),중위연령(세),2060,61.5
중위 추계(기본 추계: 출산율-중위 / 기대수명-중위 / 국제순이동-중위),중위연령(세)-남자,2060,60.3
중위 추계(기본 추계: 출산율-중위 / 기대수명-중위 / 국제순이동-중위),중위연령(세)-여자,2060,62.8
중위 추계(기본 추계: 출산율-중위 / 기대수명-중위 / 국제순이동-중위),평균연령(세),2060,57.4
중위 추계(기본 추계: 출산율-중위 / 기대수명-중위 / 국제순이동-중위),평균연령(세)-남자,2060,56.1
중위 추계(기본 추계: 출산율-중위 / 기대수명-중위 / 국제순이동-중위),평균연령(세)-여자,2060,58.6
중위 추계(기본 추계: 출산율-중위 / 기대수명-중위 / 국제순이동-중위),총인구(명),2061,41775305.0
중위 추계(기본 추계: 출산율-중위 / 기대수명-중위 / 국제순이동-중위),남자(명),2061,20862429.0
중위 추계(기본 추계: 출산율-중위 / 기대수명-중위 / 국제순이동-중위),여자(명),2061,20912876.0
중위 추계(기본 추계: 출산율-중위 / 기대수명-중위 / 국제순이동-중위),성비(여자1백명당),2061,99.8
중위 추계(기본 추계: 출산율-중위 / 기대수명-중위 / 국제순이동-중위),인구성장률,2061,-1.25
중위 추계(기본 추계: 출산율-중위 / 기대수명-중위 / 국제순이동-중위),인구(명): 0-14세,2061,2848385.0
중위 추계(기본 추계: 출산율-중위 / 기대수명-중위 / 국제순이동-중위),인구(명): 15-64세,2061,20252503.0
중위 추계(기본 추계: 출산율-중위 / 기대수명-중위 / 국제순이동-중위),인구(명): 65세 이상,2061,18674417.0
중위 추계(기본 추계: 출산율-중위 / 기대수명-중위 / 국제순이동-중위),- 구성비(%): 0-14세,2061,6.8
중위 추계(기본 추계: 출산율-중위 / 기대수명-중위 / 국제순이동-중위),- 구성비(%): 15-64세,2061,48.5
중위 추계(기본 추계: 출산율-중위 / 기대수명-중위 / 국제순이동-중위),- 구성비(%): 65세 이상,2061,44.7
중위 추계(기본 추계: 출산율-중위 / 기대수명-중위 / 국제순이동-중위),총부양비,2061,106.3
중위 추계(기본 추계: 출산율-중위 / 기대수명-중위 / 국제순이동-중위),유소년부양비,2061,14.1
중위 추계(기본 추계: 출산율-중위 / 기대수명-중위 / 국제순이동-중위),노년부양비,2061,92.2
중위 추계(기본 추계: 출산율-중위 / 기대수명-중위 / 국제순이동-중위),노령화지수,2061,655.6
중위 추계(기본 추계: 출산율-중위 / 기대수명-중위 / 국제순이동-중위),중위연령(세),2061,61.8
중위 추계(기본 추계: 출산율-중위 / 기대수명-중위 / 국제순이동-중위),중위연령(세)-남자,2061,60.6
중위 추계(기본 추계: 출산율-중위 / 기대수명-중위 / 국제순이동-중위),중위연령(세)-여자,2061,63.1
중위 추계(기본 추계: 출산율-중위 / 기대수명-중위 / 국제순이동-중위),평균연령(세),2061,57.5
중위 추계(기본 추계: 출산율-중위 / 기대수명-중위 / 국제순이동-중위),평균연령(세)-남자,2061,56.3
중위 추계(기본 추계: 출산율-중위 / 기대수명-중위 / 국제순이동-중위),평균연령(세)-여자,2061,58.8
중위 추계(기본 추계: 출산율-중위 / 기대수명-중위 / 국제순이동-중위),총인구(명),2062,41248542.0
중위 추계(기본 추계: 출산율-중위 / 기대수명-중위 / 국제순이동-중위),남자(명),2062,20610866.0
중위 추계(기본 추계: 출산율-중위 / 기대수명-중위 / 국제순이동-중위),여자(명),2062,20637676.0
중위 추계(기본 추계: 출산율-중위 / 기대수명-중위 / 국제순이동-중위),성비(여자1백명당),2062,99.9
중위 추계(기본 추계: 출산율-중위 / 기대수명-중위 / 국제순이동-중위),인구성장률,2062,-1.27
중위 추계(기본 추계: 출산율-중위 / 기대수명-중위 / 국제순이동-중위),인구(명): 0-14세,2062,2767478.0
중위 추계(기본 추계: 출산율-중위 / 기대수명-중위 / 국제순이동-중위),인구(명): 15-64세,2062,19833615.0
중위 추계(기본 추계: 출산율-중위 / 기대수명-중위 / 국제순이동-중위),인구(명): 65세 이상,2062,18647449.0
중위 추계(기본 추계: 출산율-중위 / 기대수명-중위 / 국제순이동-중위),- 구성비(%): 0-14세,2062,6.7
중위 추계(기본 추계: 출산율-중위 / 기대수명-중위 / 국제순이동-중위),- 구성비(%): 15-64세,2062,48.1
중위 추계(기본 추계: 출산율-중위 / 기대수명-중위 / 국제순이동-중위),- 구성비(%): 65세 이상,2062,45.2
중위 추계(기본 추계: 출산율-중위 / 기대수명-중위 / 국제순이동-중위),총부양비,2062,108.0
중위 추계(기본 추계: 출산율-중위 / 기대수명-중위 / 국제순이동-중위),유소년부양비,2062,14.0
중위 추계(기본 추계: 출산율-중위 / 기대수명-중위 / 국제순이동-중위),노년부양비,2062,94.0
중위 추계(기본 추계: 출산율-중위 / 기대수명-중위 / 국제순이동-중위),노령화지수,2062,673.8
중위 추계(기본 추계: 출산율-중위 / 기대수명-중위 / 국제순이동-중위),중위연령(세),2062,62.1
중위 추계(기본 추계: 출산율-중위 / 기대수명-중위 / 국제순이동-중위),중위연령(세)-남자,2062,60.9
중위 추계(기본 추계: 출산율-중위 / 기대수명-중위 / 국제순이동-중위),중위연령(세)-여자,2062,63.3
중위 추계(기본 추계: 출산율-중위 / 기대수명-중위 / 국제순이동-중위),평균연령(세),2062,57.7
중위 추계(기본 추계: 출산율-중위 / 기대수명-중위 / 국제순이동-중위),평균연령(세)-남자,2062,56.4
중위 추계(기본 추계: 출산율-중위 / 기대수명-중위 / 국제순이동-중위),평균연령(세)-여자,2062,58.9
중위 추계(기본 추계: 출산율-중위 / 기대수명-중위 / 국제순이동-중위),총인구(명),2063,40723791.0
중위 추계(기본 추계: 출산율-중위 / 기대수명-중위 / 국제순이동-중위),남자(명),2063,20360655.0
중위 추계(기본 추계: 출산율-중위 / 기대수명-중위 / 국제순이동-중위),여자(명),2063,20363136.0
중위 추계(기본 추계: 출산율-중위 / 기대수명-중위 / 국제순이동-중위),성비(여자1백명당),2063,100.0
중위 추계(기본 추계: 출산율-중위 / 기대수명-중위 / 국제순이동-중위),인구성장률,2063,-1.28
중위 추계(기본 추계: 출산율-중위 / 기대수명-중위 / 국제순이동-중위),인구(명): 0-14세,2063,2692081.0
중위 추계(기본 추계: 출산율-중위 / 기대수명-중위 / 국제순이동-중위),인구(명): 15-64세,2063,19423262.0
중위 추계(기본 추계: 출산율-중위 / 기대수명-중위 / 국제순이동-중위),인구(명): 65세 이상,2063,18608448.0
중위 추계(기본 추계: 출산율-중위 / 기대수명-중위 / 국제순이동-중위),- 구성비(%): 0-14세,2063,6.6
중위 추계(기본 추계: 출산율-중위 / 기대수명-중위 / 국제순이동-중위),- 구성비(%): 15-64세,2063,47.7
중위 추계(기본 추계: 출산율-중위 / 기대수명-중위 / 국제순이동-중위),- 구성비(%): 65세 이상,2063,45.7
중위 추계(기본 추계: 출산율-중위 / 기대수명-중위 / 국제순이동-중위),총부양비,2063,109.7
중위 추계(기본 추계: 출산율-중위 / 기대수명-중위 / 국제순이동-중위),유소년부양비,2063,13.9
중위 추계(기본 추계: 출산율-중위 / 기대수명-중위 / 국제순이동-중위),노년부양비,2063,95.8
중위 추계(기본 추계: 출산율-중위 / 기대수명-중위 / 국제순이동-중위),노령화지수,2063,691.2
중위 추계(기본 추계: 출산율-중위 / 기대수명-중위 / 국제순이동-중위),중위연령(세),2063,62.4
중위 추계(기본 추계: 출산율-중위 / 기대수명-중위 / 국제순이동-중위),중위연령(세)-남자,2063,61.1
중위 추계(기본 추계: 출산율-중위 / 기대수명-중위 / 국제순이동-중위),중위연령(세)-여자,2063,63.6
중위 추계(기본 추계: 출산율-중위 / 기대수명-중위 / 국제순이동-중위),평균연령(세),2063,57.8
중위 추계(기본 추계: 출산율-중위 / 기대수명-중위 / 국제순이동-중위),평균연령(세)-남자,2063,56.6
중위 추계(기본 추계: 출산율-중위 / 기대수명-중위 / 국제순이동-중위),평균연령(세)-여자,2063,59.0
중위 추계(기본 추계: 출산율-중위 / 기대수명-중위 / 국제순이동-중위),총인구(명),2064,40202384.0
중위 추계(기본 추계: 출산율-중위 / 기대수명-중위 / 국제순이동-중위),남자(명),2064,20112015.0
중위 추계(기본 추계: 출산율-중위 / 기대수명-중위 / 국제순이동-중위),여자(명),2064,20090369.0
중위 추계(기본 추계: 출산율-중위 / 기대수명-중위 / 국제순이동-중위),성비(여자1백명당),2064,100.1
중위 추계(기본 추계: 출산율-중위 / 기대수명-중위 / 국제순이동-중위),인구성장률,2064,-1.29
중위 추계(기본 추계: 출산율-중위 / 기대수명-중위 / 국제순이동-중위),인구(명): 0-14세,2064,2623604.0
중위 추계(기본 추계: 출산율-중위 / 기대수명-중위 / 국제순이동-중위),인구(명): 15-64세,2064,19039512.0
중위 추계(기본 추계: 출산율-중위 / 기대수명-중위 / 국제순이동-중위),인구(명): 65세 이상,2064,18539268.0
중위 추계(기본 추계: 출산율-중위 / 기대수명-중위 / 국제순이동-중위),- 구성비(%): 0-14세,2064,6.5
중위 추계(기본 추계: 출산율-중위 / 기대수명-중위 / 국제순이동-중위),- 구성비(%): 15-64세,2064,47.4
중위 추계(기본 추계: 출산율-중위 / 기대수명-중위 / 국제순이동-중위),- 구성비(%): 65세 이상,2064,46.1
중위 추계(기본 추계: 출산율-중위 / 기대수명-중위 / 국제순이동-중위),총부양비,2064,111.2
중위 추계(기본 추계: 출산율-중위 / 기대수명-중위 / 국제순이동-중위),유소년부양비,2064,13.8
중위 추계(기본 추계: 출산율-중위 / 기대수명-중위 / 국제순이동-중위),노년부양비,2064,97.4
중위 추계(기본 추계: 출산율-중위 / 기대수명-중위 / 국제순이동-중위),노령화지수,2064,706.6
중위 추계(기본 추계: 출산율-중위 / 기대수명-중위 / 국제순이동-중위),중위연령(세),2064,62.6
중위 추계(기본 추계: 출산율-중위 / 기대수명-중위 / 국제순이동-중위),중위연령(세)-남자,2064,61.3
중위 추계(기본 추계: 출산율-중위 / 기대수명-중위 / 국제순이동-중위),중위연령(세)-여자,2064,63.8
중위 추계(기본 추계: 출산율-중위 / 기대수명-중위 / 국제순이동-중위),평균연령(세),2064,58.0
중위 추계(기본 추계: 출산율-중위 / 기대수명-중위 / 국제순이동-중위),평균연령(세)-남자,2064,56.7
중위 추계(기본 추계: 출산율-중위 / 기대수명-중위 / 국제순이동-중위),평균연령(세)-여자,2064,59.2
중위 추계(기본 추계: 출산율-중위 / 기대수명-중위 / 국제순이동-중위),총인구(명),2065,39685210.0
중위 추계(기본 추계: 출산율-중위 / 기대수명-중위 / 국제순이동-중위),남자(명),2065,19865280.0
중위 추계(기본 추계: 출산율-중위 / 기대수명-중위 / 국제순이동-중위),여자(명),2065,19819930.0
중위 추계(기본 추계: 출산율-중위 / 기대수명-중위 / 국제순이동-중위),성비(여자1백명당),2065,100.2
중위 추계(기본 추계: 출산율-중위 / 기대수명-중위 / 국제순이동-중위),인구성장률,2065,-1.29
중위 추계(기본 추계: 출산율-중위 / 기대수명-중위 / 국제순이동-중위),인구(명): 0-14세,2065,2563179.0
중위 추계(기본 추계: 출산율-중위 / 기대수명-중위 / 국제순이동-중위),인구(명): 15-64세,2065,18640458.0
중위 추계(기본 추계: 출산율-중위 / 기대수명-중위 / 국제순이동-중위),인구(명): 65세 이상,2065,18481573.0
중위 추계(기본 추계: 출산율-중위 / 기대수명-중위 / 국제순이동-중위),- 구성비(%): 0-14세,2065,6.5
중위 추계(기본 추계: 출산율-중위 / 기대수명-중위 / 국제순이동-중위),- 구성비(%): 15-64세,2065,47.0
중위 추계(기본 추계: 출산율-중위 / 기대수명-중위 / 국제순이동-중위),- 구성비(%): 65세 이상,2065,46.6
중위 추계(기본 추계: 출산율-중위 / 기대수명-중위 / 국제순이동-중위),총부양비,2065,112.9
중위 추계(기본 추계: 출산율-중위 / 기대수명-중위 / 국제순이동-중위),유소년부양비,2065,13.8
중위 추계(기본 추계: 출산율-중위 / 기대수명-중위 / 국제순이동-중위),노년부양비,2065,99.1
중위 추계(기본 추계: 출산율-중위 / 기대수명-중위 / 국제순이동-중위),노령화지수,2065,721.0
중위 추계(기본 추계: 출산율-중위 / 기대수명-중위 / 국제순이동-중위),중위연령(세),2065,62.7
중위 추계(기본 추계: 출산율-중위 / 기대수명-중위 / 국제순이동-중위),중위연령(세)-남자,2065,61.4
중위 추계(기본 추계: 출산율-중위 / 기대수명-중위 / 국제순이동-중위),중위연령(세)-여자,2065,64.1
중위 추계(기본 추계: 출산율-중위 / 기대수명-중위 / 국제순이동-중위),평균연령(세),2065,58.1
중위 추계(기본 추계: 출산율-중위 / 기대수명-중위 / 국제순이동-중위),평균연령(세)-남자,2065,56.9
중위 추계(기본 추계: 출산율-중위 / 기대수명-중위 / 국제순이동-중위),평균연령(세)-여자,2065,59.3
중위 추계(기본 추계: 출산율-중위 / 기대수명-중위 / 국제순이동-중위),총인구(명),2066,39172974.0
중위 추계(기본 추계: 출산율-중위 / 기대수명-중위 / 국제순이동-중위),남자(명),2066,19620983.0
중위 추계(기본 추계: 출산율-중위 / 기대수명-중위 / 국제순이동-중위),여자(명),2066,19551991.0
중위 추계(기본 추계: 출산율-중위 / 기대수명-중위 / 국제순이동-중위),성비(여자1백명당),2066,100.4
중위 추계(기본 추계: 출산율-중위 / 기대수명-중위 / 국제순이동-중위),인구성장률,2066,-1.3
중위 추계(기본 추계: 출산율-중위 / 기대수명-중위 / 국제순이동-중위),인구(명): 0-14세,2066,2511559.0
중위 추계(기본 추계: 출산율-중위 / 기대수명-중위 / 국제순이동-중위),인구(명): 15-64세,2066,18257719.0
중위 추계(기본 추계: 출산율-중위 / 기대수명-중위 / 국제순이동-중위),인구(명): 65세 이상,2066,18403696.0
중위 추계(기본 추계: 출산율-중위 / 기대수명-중위 / 국제순이동-중위),- 구성비(%): 0-14세,2066,6.4
중위 추계(기본 추계: 출산율-중위 / 기대수명-중위 / 국제순이동-중위),- 구성비(%): 15-64세,2066,46.6
중위 추계(기본 추계: 출산율-중위 / 기대수명-중위 / 국제순이동-중위),- 구성비(%): 65세 이상,2066,47.0
중위 추계(기본 추계: 출산율-중위 / 기대수명-중위 / 국제순이동-중위),총부양비,2066,114.6
중위 추계(기본 추계: 출산율-중위 / 기대수명-중위 / 국제순이동-중위),유소년부양비,2066,13.8
중위 추계(기본 추계: 출산율-중위 / 기대수명-중위 / 국제순이동-중위),노년부양비,2066,100.8
중위 추계(기본 추계: 출산율-중위 / 기대수명-중위 / 국제순이동-중위),노령화지수,2066,732.8
중위 추계(기본 추계: 출산율-중위 / 기대수명-중위 / 국제순이동-중위),중위연령(세),2066,62.9
중위 추계(기본 추계: 출산율-중위 / 기대수명-중위 / 국제순이동-중위),중위연령(세)-남자,2066,61.6
중위 추계(기본 추계: 출산율-중위 / 기대수명-중위 / 국제순이동-중위),중위연령(세)-여자,2066,64.2
중위 추계(기본 추계: 출산율-중위 / 기대수명-중위 / 국제순이동-중위),평균연령(세),2066,58.2
중위 추계(기본 추계: 출산율-중위 / 기대수명-중위 / 국제순이동-중위),평균연령(세)-남자,2066,57.0
중위 추계(기본 추계: 출산율-중위 / 기대수명-중위 / 국제순이동-중위),평균연령(세)-여자,2066,59.4
중위 추계(기본 추계: 출산율-중위 / 기대수명-중위 / 국제순이동-중위),총인구(명),2067,38666431.0
중위 추계(기본 추계: 출산율-중위 / 기대수명-중위 / 국제순이동-중위),남자(명),2067,19379441.0
중위 추계(기본 추계: 출산율-중위 / 기대수명-중위 / 국제순이동-중위),여자(명),2067,19286990.0
중위 추계(기본 추계: 출산율-중위 / 기대수명-중위 / 국제순이동-중위),성비(여자1백명당),2067,100.5
중위 추계(기본 추계: 출산율-중위 / 기대수명-중위 / 국제순이동-중위),인구성장률,2067,-1.3
중위 추계(기본 추계: 출산율-중위 / 기대수명-중위 / 국제순이동-중위),인구(명): 0-14세,2067,2469073.0
중위 추계(기본 추계: 출산율-중위 / 기대수명-중위 / 국제순이동-중위),인구(명): 15-64세,2067,17949189.0
중위 추계(기본 추계: 출산율-중위 / 기대수명-중위 / 국제순이동-중위),인구(명): 65세 이상,2067,18248169.0
중위 추계(기본 추계: 출산율-중위 / 기대수명-중위 / 국제순이동-중위),- 구성비(%): 0-14세,2067,6.4
중위 추계(기본 추계: 출산율-중위 / 기대수명-중위 / 국제순이동-중위),- 구성비(%): 15-64세,2067,46.4
중위 추계(기본 추계: 출산율-중위 / 기대수명-중위 / 국제순이동-중위),- 구성비(%): 65세 이상,2067,47.2
중위 추계(기본 추계: 출산율-중위 / 기대수명-중위 / 국제순이동-중위),총부양비,2067,115.4
중위 추계(기본 추계: 출산율-중위 / 기대수명-중위 / 국제순이동-중위),유소년부양비,2067,13.8
중위 추계(기본 추계: 출산율-중위 / 기대수명-중위 / 국제순이동-중위),노년부양비,2067,101.7
중위 추계(기본 추계: 출산율-중위 / 기대수명-중위 / 국제순이동-중위),노령화지수,2067,739.1
중위 추계(기본 추계: 출산율-중위 / 기대수명-중위 / 국제순이동-중위),중위연령(세),2067,63.0
중위 추계(기본 추계: 출산율-중위 / 기대수명-중위 / 국제순이동-중위),중위연령(세)-남자,2067,61.6
중위 추계(기본 추계: 출산율-중위 / 기대수명-중위 / 국제순이동-중위),중위연령(세)-여자,2067,64.3
중위 추계(기본 추계: 출산율-중위 / 기대수명-중위 / 국제순이동-중위),평균연령(세),2067,58.3
중위 추계(기본 추계: 출산율-중위 / 기대수명-중위 / 국제순이동-중위),평균연령(세)-남자,2067,57.1
중위 추계(기본 추계: 출산율-중위 / 기대수명-중위 / 국제순이동-중위),평균연령(세)-여자,2067,59.4
중위 추계(기본 추계: 출산율-중위 / 기대수명-중위 / 국제순이동-중위),총인구(명),2068,38165892.0
중위 추계(기본 추계: 출산율-중위 / 기대수명-중위 / 국제순이동-중위),남자(명),2068,19140643.0
중위 추계(기본 추계: 출산율-중위 / 기대수명-중위 / 국제순이동-중위),여자(명),2068,19025249.0
중위 추계(기본 추계: 출산율-중위 / 기대수명-중위 / 국제순이동-중위),성비(여자1백명당),2068,100.6
중위 추계(기본 추계: 출산율-중위 / 기대수명-중위 / 국제순이동-중위),인구성장률,2068,-1.3
중위 추계(기본 추계: 출산율-중위 / 기대수명-중위 / 국제순이동-중위),인구(명): 0-14세,2068,2435603.0
중위 추계(기본 추계: 출산율-중위 / 기대수명-중위 / 국제순이동-중위),인구(명): 15-64세,2068,17663740.0
중위 추계(기본 추계: 출산율-중위 / 기대수명-중위 / 국제순이동-중위),인구(명): 65세 이상,2068,18066549.0
중위 추계(기본 추계: 출산율-중위 / 기대수명-중위 / 국제순이동-중위),- 구성비(%): 0-14세,2068,6.4
중위 추계(기본 추계: 출산율-중위 / 기대수명-중위 / 국제순이동-중위),- 구성비(%): 15-64세,2068,46.3
중위 추계(기본 추계: 출산율-중위 / 기대수명-중위 / 국제순이동-중위),- 구성비(%): 65세 이상,2068,47.3
중위 추계(기본 추계: 출산율-중위 / 기대수명-중위 / 국제순이동-중위),총부양비,2068,116.1
중위 추계(기본 추계: 출산율-중위 / 기대수명-중위 / 국제순이동-중위),유소년부양비,2068,13.8
중위 추계(기본 추계: 출산율-중위 / 기대수명-중위 / 국제순이동-중위),노년부양비,2068,102.3
중위 추계(기본 추계: 출산율-중위 / 기대수명-중위 / 국제순이동-중위),노령화지수,2068,741.8
중위 추계(기본 추계: 출산율-중위 / 기대수명-중위 / 국제순이동-중위),중위연령(세),2068,63.0
중위 추계(기본 추계: 출산율-중위 / 기대수명-중위 / 국제순이동-중위),중위연령(세)-남자,2068,61.7
중위 추계(기본 추계: 출산율-중위 / 기대수명-중위 / 국제순이동-중위),중위연령(세)-여자,2068,64.4
중위 추계(기본 추계: 출산율-중위 / 기대수명-중위 / 국제순이동-중위),평균연령(세),2068,58.4
중위 추계(기본 추계: 출산율-중위 / 기대수명-중위 / 국제순이동-중위),평균연령(세)-남자,2068,57.2
중위 추계(기본 추계: 출산율-중위 / 기대수명-중위 / 국제순이동-중위),평균연령(세)-여자,2068,59.5
중위 추계(기본 추계: 출산율-중위 / 기대수명-중위 / 국제순이동-중위),총인구(명),2069,37670942.0
중위 추계(기본 추계: 출산율-중위 / 기대수명-중위 / 국제순이동-중위),남자(명),2069,18904218.0
중위 추계(기본 추계: 출산율-중위 / 기대수명-중위 / 국제순이동-중위),여자(명),2069,18766724.0
중위 추계(기본 추계: 출산율-중위 / 기대수명-중위 / 국제순이동-중위),성비(여자1백명당),2069,100.7
중위 추계(기본 추계: 출산율-중위 / 기대수명-중위 / 국제순이동-중위),인구성장률,2069,-1.31
중위 추계(기본 추계: 출산율-중위 / 기대수명-중위 / 국제순이동-중위),인구(명): 0-14세,2069,2410629.0
중위 추계(기본 추계: 출산율-중위 / 기대수명-중위 / 국제순이동-중위),인구(명): 15-64세,2069,17372636.0
중위 추계(기본 추계: 출산율-중위 / 기대수명-중위 / 국제순이동-중위),인구(명): 65세 이상,2069,17887677.0
중위 추계(기본 추계: 출산율-중위 / 기대수명-중위 / 국제순이동-중위),- 구성비(%): 0-14세,2069,6.4
중위 추계(기본 추계: 출산율-중위 / 기대수명-중위 / 국제순이동-중위),- 구성비(%): 15-64세,2069,46.1
중위 추계(기본 추계: 출산율-중위 / 기대수명-중위 / 국제순이동-중위),- 구성비(%): 65세 이상,2069,47.5
중위 추계(기본 추계: 출산율-중위 / 기대수명-중위 / 국제순이동-중위),총부양비,2069,116.8
중위 추계(기본 추계: 출산율-중위 / 기대수명-중위 / 국제순이동-중위),유소년부양비,2069,13.9
중위 추계(기본 추계: 출산율-중위 / 기대수명-중위 / 국제순이동-중위),노년부양비,2069,103.0
중위 추계(기본 추계: 출산율-중위 / 기대수명-중위 / 국제순이동-중위),노령화지수,2069,742.0
중위 추계(기본 추계: 출산율-중위 / 기대수명-중위 / 국제순이동-중위),중위연령(세),2069,63.1
중위 추계(기본 추계: 출산율-중위 / 기대수명-중위 / 국제순이동-중위),중위연령(세)-남자,2069,61.9
중위 추계(기본 추계: 출산율-중위 / 기대수명-중위 / 국제순이동-중위),중위연령(세)-여자,2069,64.4
중위 추계(기본 추계: 출산율-중위 / 기대수명-중위 / 국제순이동-중위),평균연령(세),2069,58.5
중위 추계(기본 추계: 출산율-중위 / 기대수명-중위 / 국제순이동-중위),평균연령(세)-남자,2069,57.3
중위 추계(기본 추계: 출산율-중위 / 기대수명-중위 / 국제순이동-중위),평균연령(세)-여자,2069,59.6
중위 추계(기본 추계: 출산율-중위 / 기대수명-중위 / 국제순이동-중위),총인구(명),2070,37181774.0
중위 추계(기본 추계: 출산율-중위 / 기대수명-중위 / 국제순이동-중위),남자(명),2070,18670107.0
중위 추계(기본 추계: 출산율-중위 / 기대수명-중위 / 국제순이동-중위),여자(명),2070,18511667.0
중위 추계(기본 추계: 출산율-중위 / 기대수명-중위 / 국제순이동-중위),성비(여자1백명당),2070,100.9
중위 추계(기본 추계: 출산율-중위 / 기대수명-중위 / 국제순이동-중위),인구성장률,2070,-1.31
중위 추계(기본 추계: 출산율-중위 / 기대수명-중위 / 국제순이동-중위),인구(명): 0-14세,2070,2393252.0
중위 추계(기본 추계: 출산율-중위 / 기대수명-중위 / 국제순이동-중위),인구(명): 15-64세,2070,17111187.0
중위 추계(기본 추계: 출산율-중위 / 기대수명-중위 / 국제순이동-중위),인구(명): 65세 이상,2070,17677335.0
중위 추계(기본 추계: 출산율-중위 / 기대수명-중위 / 국제순이동-중위),- 구성비(%): 0-14세,2070,6.4
중위 추계(기본 추계: 출산율-중위 / 기대수명-중위 / 국제순이동-중위),- 구성비(%): 15-64세,2070,46.0
중위 추계(기본 추계: 출산율-중위 / 기대수명-중위 / 국제순이동-중위),- 구성비(%): 65세 이상,2070,47.5
중위 추계(기본 추계: 출산율-중위 / 기대수명-중위 / 국제순이동-중위),총부양비,2070,117.3
중위 추계(기본 추계: 출산율-중위 / 기대수명-중위 / 국제순이동-중위),유소년부양비,2070,14.0
중위 추계(기본 추계: 출산율-중위 / 기대수명-중위 / 국제순이동-중위),노년부양비,2070,103.3
중위 추계(기본 추계: 출산율-중위 / 기대수명-중위 / 국제순이동-중위),노령화지수,2070,738.6
중위 추계(기본 추계: 출산율-중위 / 기대수명-중위 / 국제순이동-중위),중위연령(세),2070,63.2
중위 추계(기본 추계: 출산율-중위 / 기대수명-중위 / 국제순이동-중위),중위연령(세)-남자,2070,62.0
중위 추계(기본 추계: 출산율-중위 / 기대수명-중위 / 국제순이동-중위),중위연령(세)-여자,2070,64.4
중위 추계(기본 추계: 출산율-중위 / 기대수명-중위 / 국제순이동-중위),평균연령(세),2070,58.5
중위 추계(기본 추계: 출산율-중위 / 기대수명-중위 / 국제순이동-중위),평균연령(세)-남자,2070,57.4
중위 추계(기본 추계: 출산율-중위 / 기대수명-중위 / 국제순이동-중위),평균연령(세)-여자,2070,59.6
중위 추계(기본 추계: 출산율-중위 / 기대수명-중위 / 국제순이동-중위),총인구(명),2071,36698961.0
중위 추계(기본 추계: 출산율-중위 / 기대수명-중위 / 국제순이동-중위),남자(명),2071,18438434.0
중위 추계(기본 추계: 출산율-중위 / 기대수명-중위 / 국제순이동-중위),여자(명),2071,18260527.0
중위 추계(기본 추계: 출산율-중위 / 기대수명-중위 / 국제순이동-중위),성비(여자1백명당),2071,101.0
중위 추계(기본 추계: 출산율-중위 / 기대수명-중위 / 국제순이동-중위),인구성장률,2071,-1.31
중위 추계(기본 추계: 출산율-중위 / 기대수명-중위 / 국제순이동-중위),인구(명): 0-14세,2071,2382295.0
중위 추계(기본 추계: 출산율-중위 / 기대수명-중위 / 국제순이동-중위),인구(명): 15-64세,2071,16855376.0
중위 추계(기본 추계: 출산율-중위 / 기대수명-중위 / 국제순이동-중위),인구(명): 65세 이상,2071,17461290.0
중위 추계(기본 추계: 출산율-중위 / 기대수명-중위 / 국제순이동-중위),- 구성비(%): 0-14세,2071,6.5
중위 추계(기본 추계: 출산율-중위 / 기대수명-중위 / 국제순이동-중위),- 구성비(%): 15-64세,2071,45.9
중위 추계(기본 추계: 출산율-중위 / 기대수명-중위 / 국제순이동-중위),- 구성비(%): 65세 이상,2071,47.6
중위 추계(기본 추계: 출산율-중위 / 기대수명-중위 / 국제순이동-중위),총부양비,2071,117.7
중위 추계(기본 추계: 출산율-중위 / 기대수명-중위 / 국제순이동-중위),유소년부양비,2071,14.1
중위 추계(기본 추계: 출산율-중위 / 기대수명-중위 / 국제순이동-중위),노년부양비,2071,103.6
중위 추계(기본 추계: 출산율-중위 / 기대수명-중위 / 국제순이동-중위),노령화지수,2071,733.0
중위 추계(기본 추계: 출산율-중위 / 기대수명-중위 / 국제순이동-중위),중위연령(세),2071,63.3
중위 추계(기본 추계: 출산율-중위 / 기대수명-중위 / 국제순이동-중위),중위연령(세)-남자,2071,62.1
중위 추계(기본 추계: 출산율-중위 / 기대수명-중위 / 국제순이동-중위),중위연령(세)-여자,2071,64.5
중위 추계(기본 추계: 출산율-중위 / 기대수명-중위 / 국제순이동-중위),평균연령(세),2071,58.6
중위 추계(기본 추계: 출산율-중위 / 기대수명-중위 / 국제순이동-중위),평균연령(세)-남자,2071,57.5
중위 추계(기본 추계: 출산율-중위 / 기대수명-중위 / 국제순이동-중위),평균연령(세)-여자,2071,59.7
중위 추계(기본 추계: 출산율-중위 / 기대수명-중위 / 국제순이동-중위),총인구(명),2072,36222293.0
중위 추계(기본 추계: 출산율-중위 / 기대수명-중위 / 국제순이동-중위),남자(명),2072,18209029.0
중위 추계(기본 추계: 출산율-중위 / 기대수명-중위 / 국제순이동-중위),여자(명),2072,18013264.0
중위 추계(기본 추계: 출산율-중위 / 기대수명-중위 / 국제순이동-중위),성비(여자1백명당),2072,101.1
중위 추계(기본 추계: 출산율-중위 / 기대수명-중위 / 국제순이동-중위),인구성장률,2072,-1.31
중위 추계(기본 추계: 출산율-중위 / 기대수명-중위 / 국제순이동-중위),인구(명): 0-14세,2072,2376376.0
중위 추계(기본 추계: 출산율-중위 / 기대수명-중위 / 국제순이동-중위),인구(명): 15-64세,2072,16575182.0
중위 추계(기본 추계: 출산율-중위 / 기대수명-중위 / 국제순이동-중위),인구(명): 65세 이상,2072,17270735.0
중위 추계(기본 추계: 출산율-중위 / 기대수명-중위 / 국제순이동-중위),- 구성비(%): 0-14세,2072,6.6
중위 추계(기본 추계: 출산율-중위 / 기대수명-중위 / 국제순이동-중위),- 구성비(%): 15-64세,2072,45.8
중위 추계(기본 추계: 출산율-중위 / 기대수명-중위 / 국제순이동-중위),- 구성비(%): 65세 이상,2072,47.7
중위 추계(기본 추계: 출산율-중위 / 기대수명-중위 / 국제순이동-중위),총부양비,2072,118.5
중위 추계(기본 추계: 출산율-중위 / 기대수명-중위 / 국제순이동-중위),유소년부양비,2072,14.3
중위 추계(기본 추계: 출산율-중위 / 기대수명-중위 / 국제순이동-중위),노년부양비,2072,104.2
중위 추계(기본 추계: 출산율-중위 / 기대수명-중위 / 국제순이동-중위),노령화지수,2072,726.8
중위 추계(기본 추계: 출산율-중위 / 기대수명-중위 / 국제순이동-중위),중위연령(세),2072,63.4
중위 추계(기본 추계: 출산율-중위 / 기대수명-중위 / 국제순이동-중위),중위연령(세)-남자,2072,62.2
중위 추계(기본 추계: 출산율-중위 / 기대수명-중위 / 국제순이동-중위),중위연령(세)-여자,2072,64.6
중위 추계(기본 추계: 출산율-중위 / 기대수명-중위 / 국제순이동-중위),평균연령(세),2072,58.6
중위 추계(기본 추계: 출산율-중위 / 기대수명-중위 / 국제순이동-중위),평균연령(세)-남자,2072,57.6
중위 추계(기본 추계: 출산율-중위 / 기대수명-중위 / 국제순이동-중위),평균연령(세)-여자,2072,59.7
