지역,연도,데이터_구분,남성인구_전체,20_24세_남성_추정인구(천명),19_34세_남성_추정인구_예비군범위(천명),남성인구_전체_lag1,남성인구_전체_lag5,남성인구_전체_lag10,20_24세_남성_추정인구_lag1,20_24세_남성_추정인구_lag5,20_24세_남성_추정인구_lag10,순이동,순이동_lag1,순이동_lag5,순이동_lag10,지역_남성인구비중,전국_남성인구,인구성장률,노년부양비,중위연령(세),남아_출생아수_20_24년전_합,출생코호트_피처_완전성
강원특별자치도,1970,actual_registered_est,984821.0,73.42177187006178,233.10146350495933,,,,,,,-36222.0,,,,0.0603865799206517,16308607.0,2.18,5.7,18.5,,0.0
강원특별자치도,1971,actual_registered_est,986296.0,74.04757988725997,231.9452224861179,984821.0,,,73.42177187006178,,,-34994.0,-36222.0,,,0.059240967742943,16648884.0,1.97,5.8,18.6,,0.0
강원특별자치도,1972,actual_registered_est,984990.0,75.03202494873443,231.933863713722,986296.0,,,74.04757988725997,,,-30734.0,-34994.0,,,0.0580928667251179,16955438.0,1.88,5.6,18.7,,0.0
강원특별자치도,1973,actual_registered_est,981784.0,74.95021467417658,232.11294398188463,984990.0,,,75.03202494873443,,,-35802.0,-30734.0,,,0.0569649554214979,17234877.0,1.77,5.6,18.9,,0.0
강원특별자치도,1974,actual_registered_est,978003.0,75.98143374079147,234.1360162250643,981784.0,,,74.95021467417658,,,-49300.0,-35802.0,,,0.0558405017453529,17514223.0,1.71,5.7,19.2,,0.0
강원특별자치도,1975,actual_registered_est,972070.0,79.6042533956527,236.8240332574369,978003.0,984821.0,,75.98143374079147,73.42177187006178,,-60210.0,-49300.0,-36222.0,,0.0547157160364267,17765828.0,1.68,6.0,19.6,,0.0
강원특별자치도,1976,actual_registered_est,966392.0,84.51778571637853,240.4757940665325,972070.0,986296.0,,79.6042533956527,74.04757988725997,,-41882.0,-60210.0,-34994.0,,0.0535145133569488,18058503.0,1.6,6.0,20.0,,0.0
강원특별자치도,1977,actual_registered_est,960192.0,87.79552889094867,244.24545559089185,966392.0,984990.0,,84.51778571637853,75.03202494873443,,-45713.0,-41882.0,-30734.0,,0.0523282048867386,18349416.0,1.56,6.0,20.5,,0.0
강원특별자치도,1978,actual_registered_est,953040.0,90.61192734480107,248.9849301318357,960192.0,981784.0,,87.79552889094867,74.95021467417658,,-50777.0,-45713.0,-35802.0,,0.0511362886399466,18637254.0,1.52,6.0,20.9,,0.0
강원특별자치도,1979,actual_registered_est,945399.0,93.06040173393878,254.4663396366926,953040.0,978003.0,,90.61192734480107,75.98143374079147,,-50280.0,-50777.0,-49300.0,,0.0499435242425774,18929361.0,1.52,6.1,21.4,,0.0
강원특별자치도,1980,actual_registered_est,937969.0,94.45865233851347,259.4672488470729,945399.0,972070.0,984821.0,93.06040173393878,79.6042533956527,73.42177187006178,-24510.0,-50280.0,-60210.0,-36222.0,0.0487617941938899,19235736.0,1.56,6.1,21.8,,0.0
강원특별자치도,1981,actual_registered_est,935761.0,96.66603996021664,265.82924672528867,937969.0,966392.0,986296.0,94.45865233851347,84.51778571637853,74.04757988725997,-22376.0,-24510.0,-41882.0,-34994.0,0.0479000986912152,19535680.0,1.56,6.2,22.2,,0.0
강원특별자치도,1982,actual_registered_est,932884.0,97.26236587943248,269.7254776050022,935761.0,960192.0,984990.0,96.66603996021664,87.79552889094867,75.03202494873443,-29808.0,-22376.0,-45713.0,-30734.0,0.0470265446183651,19837392.0,1.55,6.3,22.7,,0.0
강원특별자치도,1983,actual_registered_est,923325.0,95.36990112415478,270.3803390155446,932884.0,953040.0,981784.0,97.26236587943248,90.61192734480107,74.95021467417658,-44683.0,-29808.0,-50777.0,-35802.0,0.0458701125533555,20129120.0,1.47,6.3,23.2,,0.0
강원특별자치도,1984,actual_registered_est,907988.0,91.70407194526624,269.17761255429747,923325.0,945399.0,978003.0,95.36990112415478,93.06040173393878,75.98143374079147,-42202.0,-44683.0,-50280.0,-49300.0,0.0445634454673395,20375175.0,1.23,6.4,23.8,,0.0
강원특별자치도,1985,actual_registered_est,894828.0,87.97147987979127,268.2285611534178,907988.0,937969.0,972070.0,91.70407194526624,94.45865233851347,79.6042533956527,-28504.0,-42202.0,-24510.0,-60210.0,0.0434897645755166,20575600.0,0.98,6.5,24.3,,0.0
강원특별자치도,1986,actual_registered_est,882825.0,85.40763282772001,269.3069505838347,894828.0,935761.0,966392.0,87.97147987979127,96.66603996021664,84.51778571637853,-33499.0,-28504.0,-22376.0,-41882.0,0.0425007282641144,20771997.0,0.99,6.6,24.8,,0.0
강원특별자치도,1987,actual_registered_est,866096.0,82.29457816439904,267.0323558772098,882825.0,932884.0,960192.0,85.40763282772001,97.26236587943248,87.79552889094867,-45132.0,-33499.0,-29808.0,-45713.0,0.0413214134746311,20959980.0,0.99,6.7,25.4,,0.0
강원특별자치도,1988,actual_registered_est,844455.0,78.93099930661992,263.7188674936192,866096.0,923325.0,953040.0,82.29457816439904,95.36990112415478,90.61192734480107,-52482.0,-45132.0,-44683.0,-50777.0,0.0399170871537841,21155226.0,0.98,6.9,25.9,,0.0
강원특별자치도,1989,actual_registered_est,819111.0,76.38193474014065,258.2266117232911,844455.0,907988.0,945399.0,78.93099930661992,91.70407194526624,93.06040173393878,-57933.0,-52482.0,-42202.0,-50280.0,0.0383525813946639,21357389.0,0.99,7.0,26.4,,0.0
강원특별자치도,1990,actual_registered_est,794600.0,75.70859449080814,253.5351982551913,819111.0,894828.0,937969.0,76.38193474014065,87.97147987979127,94.45865233851347,-47637.0,-57933.0,-28504.0,-24510.0,0.0368413080361297,21568181.0,0.99,7.4,27.0,,0.0
강원특별자치도,1991,actual_registered_est,786213.0,75.65372394490088,250.9072040804476,794600.0,882825.0,935761.0,75.70859449080814,85.40763282772001,96.66603996021664,-38030.0,-47637.0,-33499.0,-22376.0,0.0360914480290364,21783914.0,0.99,7.5,27.5,,0.0
강원특별자치도,1992,actual_registered_est,777992.0,75.33584788389663,247.3042964542102,786213.0,866096.0,932884.0,75.65372394490088,82.29457816439904,97.26236587943248,-24845.0,-38030.0,-45132.0,-29808.0,0.0353413370019653,22013655.0,1.04,7.7,27.9,,0.0
강원특별자치도,1993,actual_registered_est,769263.0,74.16595207047324,242.22110557165647,777992.0,844455.0,923325.0,75.33584788389663,78.93099930661992,95.36990112415478,-24586.0,-24845.0,-52482.0,-44683.0,0.0345851919703106,22242554.0,1.02,7.9,28.4,,0.0
강원특별자치도,1994,actual_registered_est,760102.0,71.8925588927757,235.68402082151167,769263.0,819111.0,907988.0,74.16595207047324,76.38193474014065,91.70407194526624,-18471.0,-24586.0,-57933.0,-42202.0,0.0338236571496107,22472496.0,1.01,8.1,28.8,,0.0
강원특별자치도,1995,actual_registered_est,750848.0,68.73958151893301,228.2891968664429,760102.0,794600.0,894828.0,71.8925588927757,75.70859449080814,87.97147987979127,-9350.0,-18471.0,-47637.0,-28504.0,0.0330692411459882,22705329.0,1.01,8.3,29.3,,0.0
강원특별자치도,1996,actual_registered_est,750592.0,65.8122011009212,223.07564113930968,750848.0,786213.0,882825.0,68.73958151893301,75.65372394490088,85.40763282772001,-7870.0,-9350.0,-38030.0,-33499.0,0.0327418965341552,22924512.0,0.95,8.6,29.8,,0.0
강원특별자치도,1997,actual_registered_est,753190.0,62.79960185185157,219.54939457663565,750592.0,777992.0,866096.0,65.8122011009212,75.33584788389663,82.29457816439904,-922.0,-7870.0,-24845.0,-45132.0,0.0325378869238985,23148092.0,0.94,8.9,30.3,,0.0
강원특별자치도,1998,actual_registered_est,758827.0,60.710322813474114,217.50517150299663,753190.0,769263.0,844455.0,62.79960185185157,74.16595207047324,78.93099930661992,8890.0,-922.0,-24586.0,-52482.0,0.0325736561044006,23295727.0,0.72,9.3,30.7,,0.0
강원특별자치도,1999,actual_registered_est,763790.0,59.37523426806801,216.5825333591373,758827.0,760102.0,819111.0,60.710322813474114,71.8925588927757,76.38193474014065,-3798.0,8890.0,-18471.0,-57933.0,0.0325601205260314,23457837.0,0.71,9.6,31.2,,0.0
강원특별자치도,2000,actual_registered_est,764311.0,58.90649354753541,215.35108764601367,763790.0,750848.0,794600.0,59.37523426806801,68.73958151893301,75.70859449080814,-11134.0,-3798.0,-9350.0,-47637.0,0.0322946913454895,23666769.0,0.84,10.1,31.8,,0.0
강원특별자치도,2001,actual_registered_est,764417.0,59.64797628185543,213.85838502975136,764311.0,750592.0,786213.0,58.90649354753541,65.8122011009212,75.65372394490088,-8113.0,-11134.0,-7870.0,-38030.0,0.032044348324716,23854971.0,0.77,10.5,32.3,,0.0
강원특별자치도,2002,actual_registered_est,761242.0,60.233840088045234,211.05954221657,764417.0,753190.0,777992.0,59.64797628185543,62.79960185185157,75.33584788389663,-17181.0,-8113.0,-922.0,-24845.0,0.0317298169254728,23991377.0,0.58,11.0,32.9,,0.0
강원특별자치도,2003,actual_registered_est,757473.0,60.13403621652833,207.32892571131663,761242.0,758827.0,769263.0,60.233840088045234,60.710322813474114,74.16595207047324,-13063.0,-17181.0,8890.0,-24586.0,0.0314032179267814,24120872.0,0.52,11.5,33.5,,0.0
강원특별자치도,2004,actual_registered_est,756039.0,58.688950799341406,202.34949418608505,757473.0,763790.0,760102.0,60.13403621652833,59.37523426806801,71.8925588927757,-8342.0,-13063.0,-3798.0,-18471.0,0.0312274222101431,24210740.0,0.4,12.0,34.1,,0.0
강원특별자치도,2005,actual_registered_est,752204.0,55.64037056796829,196.294766056888,756039.0,764311.0,750848.0,58.688950799341406,58.90649354753541,68.73958151893301,-11473.0,-8342.0,-11134.0,-9350.0,0.031027378607986,24243234.0,0.21,12.5,34.8,,0.0
강원특별자치도,2006,actual_registered_est,748942.0,52.17376531848022,190.25619892474504,752204.0,764417.0,750592.0,55.64037056796829,59.64797628185543,65.8122011009212,-9560.0,-11473.0,-8113.0,-7870.0,0.0307326832846927,24369561.0,0.53,13.0,35.4,,0.0
강원특별자치도,2007,actual_registered_est,746613.0,48.78105112149896,184.64322087913763,748942.0,761242.0,753190.0,52.17376531848022,60.233840088045234,62.79960185185157,-6146.0,-9560.0,-17181.0,-922.0,0.0304849621435299,24491190.0,0.51,13.5,36.1,,0.0
강원특별자치도,2008,actual_registered_est,749398.0,46.39099188680773,180.4445237921973,746613.0,757473.0,758827.0,48.78105112149896,60.13403621652833,60.710322813474114,1310.0,-6146.0,-13063.0,8890.0,0.030374865918969,24671648.0,0.76,14.0,36.7,,0.0
강원특별자치도,2009,actual_registered_est,751832.0,45.28589857597885,177.08617010976738,749398.0,756039.0,763790.0,46.39099188680773,58.688950799341406,59.37523426806801,1818.0,1310.0,-8342.0,-3798.0,0.0303472047954777,24774341.0,0.51,14.4,37.3,,0.0
강원특별자치도,2010,actual_registered_est,753379.0,44.98371596270728,174.53412183254423,751832.0,752204.0,764311.0,45.28589857597885,55.64037056796829,58.90649354753541,555.0,1818.0,-11473.0,-11134.0,0.0302791506843302,24881114.0,0.5,14.8,37.9,,0.0
강원특별자치도,2011,actual_registered_est,757935.0,45.4444393154879,174.37364191212023,753379.0,748942.0,764417.0,44.98371596270728,52.17376531848022,59.64797628185543,4653.0,555.0,-9560.0,-8113.0,0.030232908694729,25069867.0,0.77,15.0,38.5,,0.0
강원특별자치도,2012,actual_registered_est,761014.0,46.74604748274047,174.18944051969598,757935.0,746613.0,761242.0,45.4444393154879,48.78105112149896,60.233840088045234,712.0,4653.0,-6146.0,-17181.0,0.0302140992830536,25187380.0,0.53,15.6,39.1,,0.0
강원특별자치도,2013,actual_registered_est,760774.0,48.00277017403147,173.00763558366063,761014.0,749398.0,757473.0,46.74604748274047,46.39099188680773,60.13403621652833,2986.0,712.0,1310.0,-13063.0,0.0300875776967654,25285319.0,0.46,16.3,39.7,,0.0
강원특별자치도,2014,actual_registered_est,763051.0,49.06473971379352,172.13536692315725,760774.0,751832.0,756039.0,48.00277017403147,45.28589857597885,58.688950799341406,2085.0,2986.0,1818.0,-8342.0,0.0299881584166556,25445077.0,0.63,16.8,40.3,,0.0
강원특별자치도,2015,actual_registered_est,767652.0,49.86991408195687,170.5811585698331,763051.0,753379.0,752204.0,49.06473971379352,44.98371596270728,55.64037056796829,4773.0,2085.0,555.0,-11473.0,0.03000293833782,25585894.0,0.53,17.5,40.9,,0.0
강원특별자치도,2016,actual_registered_est,769110.0,50.479710491916464,168.1315686457546,767652.0,757935.0,748942.0,49.86991408195687,45.4444393154879,52.17376531848022,1892.0,4773.0,4653.0,-9560.0,0.0299603259700293,25670949.0,0.4,18.0,41.4,,0.0
강원특별자치도,2017,actual_registered_est,768854.0,49.909644599118366,165.3548353006738,769110.0,761014.0,746613.0,50.479710491916464,46.74604748274047,48.78105112149896,2035.0,1892.0,712.0,-6146.0,0.0298737297999793,25736793.0,0.28,18.8,42.0,10205.0,0.2
강원특별자치도,2018,actual_registered_est,769266.0,49.2523501869424,163.65601842617522,768854.0,760774.0,749398.0,49.909644599118366,48.00277017403147,46.39099188680773,-3854.0,2035.0,2986.0,1310.0,0.0297499904187106,25857689.0,0.43,19.6,42.6,20342.0,0.4
강원특별자치도,2019,actual_registered_est,767673.0,48.15185913980919,162.62565358687385,769266.0,763051.0,751832.0,49.2523501869424,49.06473971379352,45.28589857597885,1661.0,-3854.0,2085.0,1818.0,0.0295842497887948,25948706.0,0.35,20.4,43.1,30316.0,0.6
강원특별자치도,2020,actual_registered_est,766322.0,47.45227292386885,162.30575856938538,767673.0,767652.0,753379.0,48.15185913980919,49.86991408195687,44.98371596270728,5457.0,1661.0,4773.0,555.0,0.0295583952863446,25925697.0,0.14,21.8,43.7,40553.0,0.8
강원특별자치도,2021,actual_registered_est,766340.0,45.955610689568765,160.06989096195687,766322.0,769110.0,757935.0,47.45227292386885,50.479710491916464,45.4444393154879,6681.0,5457.0,1892.0,4653.0,0.0296216515665201,25870941.0,-0.13,23.1,44.3,49441.0,1.0
강원특별자치도,2022,actual_registered_est,769910.0,43.82155179270744,158.60034165576303,766340.0,768854.0,761014.0,45.955610689568765,49.909644599118366,46.74604748274047,7494.0,6681.0,2035.0,712.0,0.0298198754189117,25818686.0,-0.19,24.4,44.9,47160.0,1.0
강원특별자치도,2023,actual_registered_est,769616.0,41.608136223023365,157.5563026042427,769910.0,769266.0,760774.0,43.82155179270744,49.2523501869424,48.00277017403147,-1397.0,7494.0,-3854.0,2986.0,0.0297609950978906,25859888.0,0.08,25.8,45.5,44447.0,1.0
강원특별자치도,2024,actual_registered_est,765989.0,39.773891293828605,154.94596896286308,769616.0,767673.0,763051.0,41.608136223023365,48.15185913980919,49.06473971379352,-2527.0,-1397.0,1661.0,2085.0,0.0296014078415332,25876776.0,0.07,27.4,46.1,41684.0,1.0
강원특별자치도,2025,kosis_projection(중위),765399.0,37.293452177132,152.17928696414333,765989.0,766322.0,767652.0,39.773891293828605,47.45227292386885,49.86991408195687,-1387.0,-2527.0,5457.0,4773.0,0.0296231083459056,25837903.0,-0.13,29.3,46.7,38011.0,1.0
강원특별자치도,2026,kosis_projection(중위),764784.0,35.010092571728705,149.59032541102374,765399.0,766340.0,769110.0,37.293452177132,45.955610689568765,50.479710491916464,2372.0,-1387.0,6681.0,1892.0,0.0296484767698859,25795052.0,-0.15,31.3,47.3,35626.0,1.0
강원특별자치도,2027,kosis_projection(중위),764426.0,34.151501411893484,146.5946529612678,764784.0,769910.0,768854.0,35.010092571728705,43.82155179270744,49.909644599118366,,2372.0,7494.0,2035.0,0.0296827763122416,25753184.0,-0.14,33.0,47.9,34825.0,1.0
강원특별자치도,2028,kosis_projection(중위),764315.0,34.131092816093,143.02480341306637,764426.0,769616.0,769266.0,34.151501411893484,41.608136223023365,49.2523501869424,,,-1397.0,-3854.0,0.0297261779967671,25711849.0,-0.15,34.8,48.5,33714.0,1.0
강원특별자치도,2029,kosis_projection(중위),764408.0,33.683188625012946,139.55778970841422,764315.0,765989.0,767673.0,34.131092816093,39.773891293828605,48.15185913980919,,,-2527.0,1661.0,0.029777962115614,25670259.0,-0.15,36.3,49.1,32748.0,1.0
강원특별자치도,2030,kosis_projection(중위),764669.0,33.66647628236667,136.77393388948835,764408.0,765399.0,766322.0,33.683188625012946,37.293452177132,47.45227292386885,,,-1387.0,5457.0,0.0298380947516343,25627273.0,-0.15,38.0,49.7,32615.0,1.0
강원특별자치도,2031,kosis_projection(중위),765054.0,34.33753158596202,133.84756151183865,764669.0,764784.0,766340.0,33.66647628236667,35.010092571728705,45.955610689568765,,,2372.0,6681.0,0.0299059740452448,25581979.0,-0.16,39.7,50.3,32531.0,1.0
강원특별자치도,2032,kosis_projection(중위),765486.0,34.634473737992785,131.11028197895178,765054.0,764426.0,769910.0,34.33753158596202,34.151501411893484,43.82155179270744,,,,7494.0,0.029979231121071,25533877.0,-0.17,41.4,50.9,31737.0,1.0
강원특별자치도,2033,kosis_projection(중위),765870.0,34.39474676352997,128.15750093763916,765486.0,764315.0,769616.0,34.634473737992785,34.131092816093,41.608136223023365,,,,-1397.0,0.0300549144692474,25482355.0,-0.19,43.2,51.4,31094.0,1.0
강원특별자치도,2034,kosis_projection(중위),766183.0,34.25612734929287,125.80299832150033,765870.0,764408.0,765989.0,34.39474676352997,33.683188625012946,39.773891293828605,,,,-2527.0,0.0301331780730997,25426558.0,-0.2,45.5,52.0,30293.0,1.0
강원특별자치도,2035,kosis_projection(중위),766352.0,34.31751239581008,123.150465839923,766183.0,764669.0,765399.0,34.25612734929287,33.66647628236667,37.293452177132,,,,-1387.0,0.030212331006436,25365537.0,-0.22,47.7,52.5,29377.0,1.0
강원특별자치도,2036,kosis_projection(중위),766345.0,33.70489522710746,120.17852433438136,766352.0,765054.0,764784.0,34.31751239581008,34.33753158596202,35.010092571728705,,,,2372.0,0.0302914476449812,25299055.0,-0.24,50.1,53.0,28101.0,1.0
강원특별자치도,2037,kosis_projection(중위),766109.0,32.58362638486887,117.89791344414526,766345.0,765486.0,764426.0,33.70489522710746,34.634473737992785,34.151501411893484,,,,,0.030368795974828,25226848.0,-0.27,52.4,53.4,26400.0,1.0
강원특별자치도,2038,kosis_projection(중위),765573.0,31.065921341288163,115.66059351447868,766109.0,765870.0,764315.0,32.58362638486887,34.39474676352997,34.131092816093,,,,,0.0304449425194245,25146147.0,-0.3,54.7,53.9,24946.0,1.0
강원특별자치도,2039,kosis_projection(중위),764693.0,29.53939955600472,113.04035648261856,765573.0,766183.0,764408.0,31.065921341288163,34.25612734929287,33.683188625012946,,,,,0.0305202458404958,25055270.0,-0.34,57.1,54.3,23759.0,1.0
강원특별자치도,2040,kosis_projection(중위),763456.0,27.51100376821183,110.69056555328024,764693.0,766352.0,764669.0,29.53939955600472,34.31751239581008,33.66647628236667,,,,,0.0305937358130153,24954651.0,-0.38,59.1,54.6,22201.0,1.0
강원특별자치도,2041,kosis_projection(중위),761812.0,25.367720859552502,108.2684074038181,763456.0,766345.0,765054.0,27.51100376821183,33.70489522710746,34.33753158596202,,,,,0.0306633569439072,24844377.0,-0.42,60.9,55.0,20808.0,1.0
강원특별자치도,2042,kosis_projection(중위),759802.0,23.61950334949508,105.3314516113248,761812.0,766109.0,765486.0,25.367720859552502,32.58362638486887,34.634473737992785,,,,,0.0307301311094882,24724984.0,-0.45,62.6,55.4,19903.0,1.0
강원특별자치도,2043,kosis_projection(중위),757463.0,22.19759204288959,101.69654505561984,759802.0,765573.0,765870.0,23.61950334949508,31.065921341288163,34.39474676352997,,,,,0.0307953850607237,24596640.0,-0.49,64.4,55.7,19059.0,1.0
강원특별자치도,2044,kosis_projection(중위),754801.0,20.943729083791,98.39641013711848,757463.0,764693.0,766183.0,22.19759204288959,29.53939955600472,34.25612734929287,,,,,0.0308591910225548,24459520.0,-0.53,66.2,56.0,18115.0,1.0
강원특별자치도,2045,kosis_projection(중위),751824.0,19.90316932079008,95.1706763750892,754801.0,763456.0,766352.0,20.943729083791,27.51100376821183,34.31751239581008,,,,,0.0309216746246239,24313819.0,-0.58,68.4,56.4,17628.0,1.0
강원특별자치도,2046,kosis_projection(중위),748507.0,19.135922403174074,91.55395154922354,751824.0,761812.0,766345.0,19.90316932079008,25.367720859552502,33.70489522710746,,,,,0.0309826503747603,24158908.0,-0.62,70.7,56.7,13878.0,0.8
강원특별자치도,2047,kosis_projection(중위),744845.0,18.74673943166952,88.18315631601725,748507.0,759802.0,766109.0,19.135922403174074,23.61950334949508,32.58362638486887,,,,,0.0310423610106828,23994470.0,-0.67,72.9,57.0,10155.0,0.6
강원특별자치도,2048,kosis_projection(중위),740855.0,18.70882301779736,85.07758950913843,744845.0,757463.0,765573.0,18.74673943166952,22.19759204288959,31.065921341288163,,,,,0.0311014468319768,23820596.0,-0.72,74.9,57.3,6783.0,0.4
강원특별자치도,2049,kosis_projection(중위),736531.0,19.009597730973702,82.5208223933492,740855.0,754801.0,764693.0,18.70882301779736,20.943729083791,29.53939955600472,,,,,0.0311601605029753,23636945.0,-0.77,76.3,57.7,3470.0,0.2
강원특별자치도,2050,kosis_projection(중위),731887.0,19.592465843792134,79.92399648016216,736531.0,751824.0,763456.0,19.009597730973702,19.90316932079008,27.51100376821183,,,,,0.0312194502293234,23443302.0,-0.82,77.3,58.1,,0.0
강원특별자치도,2051,kosis_projection(중위),726975.0,20.26760508092181,77.58846648010682,731887.0,748507.0,761812.0,19.592465843792134,19.135922403174074,25.367720859552502,,,,,0.0312808583693868,23240251.0,-0.87,78.4,58.4,,0.0
강원특별자치도,2052,kosis_projection(중위),721774.0,20.87140395358401,75.98264067219634,726975.0,744845.0,759802.0,20.26760508092181,18.74673943166952,23.61950334949508,,,,,0.0313427604126589,23028412.0,-0.92,79.3,58.8,,0.0
경기도,1970,actual_registered_est,1333474.0,99.415044787488,315.6256222661906,,,,,,,98525.0,,,,0.0817650459049016,16308607.0,2.18,5.7,18.5,,0.0
경기도,1971,actual_registered_est,1383423.0,103.86245621027852,325.3367706321557,1333474.0,,,99.415044787488,,,121277.0,98525.0,,,0.0830940380148002,16648884.0,1.97,5.8,18.6,,0.0
경기도,1972,actual_registered_est,1431085.0,109.01349802917755,336.9750691405515,1383423.0,,,103.86245621027852,,,35100.0,121277.0,,,0.0844027149283905,16955438.0,1.88,5.6,18.7,,0.0
경기도,1973,actual_registered_est,1477871.0,112.82191267197268,349.3976156012441,1431085.0,,,109.01349802917755,,,87798.0,35100.0,,,0.0857488568093639,17234877.0,1.77,5.6,18.9,,0.0
경기도,1974,actual_registered_est,1525576.0,118.52259324413288,365.22616708595854,1477871.0,,,112.82191267197268,,,94597.0,87798.0,,,0.0871049774803027,17514223.0,1.71,5.7,19.2,,0.0
경기도,1975,actual_registered_est,1571451.0,128.688452069143,382.8503748561652,1525576.0,1333474.0,,118.52259324413288,99.415044787488,,181560.0,94597.0,98525.0,,0.088453575031797,17765828.0,1.68,6.0,19.6,,0.0
경기도,1976,actual_registered_est,1635693.0,143.0528713728801,407.0238298993252,1571451.0,1383423.0,,128.688452069143,103.86245621027852,,124094.0,181560.0,121277.0,,0.0905774415520489,18058503.0,1.6,6.0,20.0,,0.0
경기도,1977,actual_registered_est,1701077.0,155.53863695930428,432.7054660528181,1635693.0,1431085.0,,143.0528713728801,109.01349802917755,,126455.0,124094.0,35100.0,,0.0927046942529397,18349416.0,1.56,6.0,20.5,,0.0
경기도,1978,actual_registered_est,1767513.0,168.04935735854883,461.7687618695032,1701077.0,1477871.0,,155.53863695930428,112.82191267197268,,168318.0,126455.0,87798.0,,0.0948376300500063,18637254.0,1.52,6.0,20.9,,0.0
경기도,1979,actual_registered_est,1835609.0,180.68827126581857,494.0778478020071,1767513.0,1525576.0,,168.04935735854883,118.52259324413288,,197916.0,168318.0,94597.0,,0.0969715248179798,18929361.0,1.52,6.1,21.4,,0.0
경기도,1980,actual_registered_est,1906744.0,192.0196388095412,527.4562591467983,1835609.0,1571451.0,1333474.0,180.68827126581857,128.688452069143,99.415044787488,137448.0,197916.0,181560.0,98525.0,0.0991250867655908,19235736.0,1.56,6.1,21.8,,0.0
경기도,1981,actual_registered_est,1958955.0,202.364089025153,556.4962976857743,1906744.0,1635693.0,1383423.0,192.0196388095412,143.0528713728801,103.86245621027852,102913.0,137448.0,124094.0,121277.0,0.1002757518550672,19535680.0,1.56,6.2,22.2,,0.0
경기도,1982,actual_registered_est,2033715.0,212.0348643823777,588.0096021450224,1958955.0,1701077.0,1431085.0,202.364089025153,155.53863695930428,109.01349802917755,177836.0,102913.0,126455.0,35100.0,0.1025192726947171,19837392.0,1.55,6.3,22.7,,0.0
경기도,1983,actual_registered_est,2148239.0,221.89081961503604,629.0759906927838,2033715.0,1767513.0,1477871.0,212.0348643823777,168.04935735854883,112.82191267197268,257309.0,177836.0,168318.0,87798.0,0.1067229466563863,20129120.0,1.47,6.3,23.2,,0.0
경기도,1984,actual_registered_est,2267550.0,229.0157671020856,672.2266102057486,2148239.0,1835609.0,1525576.0,221.89081961503604,180.68827126581857,118.52259324413288,205223.0,257309.0,197916.0,94597.0,0.1112898416823413,20375175.0,1.23,6.4,23.8,,0.0
경기도,1985,actual_registered_est,2379231.0,233.90469681980852,713.1847771656758,2267550.0,1906744.0,1571451.0,229.0157671020856,192.0196388095412,128.688452069143,234194.0,205223.0,137448.0,181560.0,0.1156336145726005,20575600.0,0.98,6.5,24.3,,0.0
경기도,1986,actual_registered_est,2531145.0,244.8719766587029,772.1291778501064,2379231.0,1958955.0,1635693.0,233.90469681980852,202.364089025153,143.0528713728801,256297.0,234194.0,102913.0,124094.0,0.1218537148835521,20771997.0,0.99,6.6,24.8,,0.0
경기도,1987,actual_registered_est,2674949.0,254.167897746071,824.7329780086579,2531145.0,2033715.0,1701077.0,244.8719766587029,212.0348643823777,155.53863695930428,191452.0,256297.0,177836.0,126455.0,0.1276217343718839,20959980.0,0.99,6.7,25.4,,0.0
경기도,1988,actual_registered_est,2778384.0,259.69486305075327,867.6747511026539,2674949.0,2148239.0,1767513.0,254.167897746071,221.89081961503604,168.04935735854883,78842.0,191452.0,257309.0,168318.0,0.1313332223442094,21155226.0,0.98,6.9,25.9,,0.0
경기도,1989,actual_registered_est,2874099.0,268.0091492541347,906.0662676087848,2778384.0,2267550.0,1835609.0,259.69486305075327,229.0157671020856,180.68827126581857,151184.0,78842.0,205223.0,197916.0,0.1345716463749384,21357389.0,0.99,7.0,26.4,,0.0
경기도,1990,actual_registered_est,3017748.0,287.52763605266455,962.8811193861148,2874099.0,2379231.0,1906744.0,268.0091492541347,233.90469681980852,192.0196388095412,250511.0,151184.0,234194.0,137448.0,0.139916667056902,21568181.0,0.99,7.4,27.0,,0.0
경기도,1991,actual_registered_est,3182537.0,306.2411530239681,1015.6553765360982,3017748.0,2531145.0,1958955.0,287.52763605266455,244.8719766587029,202.364089025153,177062.0,250511.0,256297.0,102913.0,0.1460957383507849,21783914.0,0.99,7.5,27.5,,0.0
경기도,1992,actual_registered_est,3356131.0,324.98659946944167,1066.8305275159191,3182537.0,2674949.0,2033715.0,306.2411530239681,254.167897746071,212.0348643823777,214871.0,177062.0,191452.0,177836.0,0.1524567819383014,22013655.0,1.04,7.7,27.9,,0.0
경기도,1993,actual_registered_est,3536996.0,341.0077903258775,1113.708941574633,3356131.0,2778384.0,2148239.0,324.98659946944167,259.69486305075327,221.89081961503604,294498.0,214871.0,78842.0,257309.0,0.159019328445825,22242554.0,1.02,7.9,28.4,,0.0
경기도,1994,actual_registered_est,3725515.0,352.3695590110528,1155.1664840124802,3536996.0,2874099.0,2267550.0,341.0077903258775,268.0091492541347,229.0157671020856,322077.0,294498.0,151184.0,205223.0,0.1657810952552845,22472496.0,1.01,8.1,28.8,,0.0
경기도,1995,actual_registered_est,3921415.0,359.002655746658,1192.274176571053,3725515.0,3017748.0,2379231.0,352.3695590110528,287.52763605266455,233.90469681980852,372514.0,322077.0,250511.0,234194.0,0.1727090146987079,22705329.0,1.01,8.3,29.3,,0.0
경기도,1996,actual_registered_est,4122997.0,361.5059948713746,1225.3530535769771,3921415.0,3182537.0,2531145.0,359.002655746658,306.2411530239681,244.8719766587029,252669.0,372514.0,177062.0,256297.0,0.1798510258364496,22924512.0,0.95,8.6,29.8,,0.0
경기도,1997,actual_registered_est,4285048.0,357.27944916431824,1249.0602558873902,4122997.0,3356131.0,2674949.0,361.5059948713746,324.98659946944167,254.167897746071,213748.0,252669.0,214871.0,191452.0,0.185114522613786,23148092.0,0.94,8.9,30.3,,0.0
경기도,1998,actual_registered_est,4396378.0,351.734357884018,1260.1488229622844,4285048.0,3536996.0,2778384.0,357.27944916431824,341.0077903258775,259.69486305075327,122488.0,213748.0,294498.0,78842.0,0.1887203606051873,23295727.0,0.72,9.3,30.7,,0.0
경기도,1999,actual_registered_est,4499333.0,349.76754202732326,1275.8440665187643,4396378.0,3725515.0,2874099.0,351.734357884018,352.3695590110528,268.0091492541347,174134.0,122488.0,322077.0,151184.0,0.1918051097379524,23457837.0,0.71,9.6,31.2,,0.0
경기도,2000,actual_registered_est,4630358.0,356.86802054370406,1304.642523122683,4499333.0,3921415.0,3017748.0,349.76754202732326,359.002655746658,287.52763605266455,184026.0,174134.0,372514.0,250511.0,0.1956480836061737,23666769.0,0.84,10.1,31.8,,0.0
경기도,2001,actual_registered_est,4789459.0,373.7247298724636,1339.9309106236622,4630358.0,4122997.0,3182537.0,356.86802054370406,361.5059948713746,306.2411530239681,248947.0,184026.0,252669.0,177062.0,0.2007740441185193,23854971.0,0.77,10.5,32.3,,0.0
경기도,2002,actual_registered_est,4973676.0,393.5458170118681,1378.9856309735155,4789459.0,4285048.0,3356131.0,373.7247298724636,357.27944916431824,324.98659946944167,315782.0,248947.0,213748.0,214871.0,0.2073109851093582,23991377.0,0.58,11.0,32.9,,0.0
경기도,2003,actual_registered_est,5145856.0,408.5176515453879,1408.4789772640515,4973676.0,4396378.0,3536996.0,393.5458170118681,351.734357884018,341.0077903258775,222043.0,315782.0,122488.0,294498.0,0.2133362342787607,24120872.0,0.52,11.5,33.5,,0.0
경기도,2004,actual_registered_est,5280598.0,409.9163617394085,1413.3217126365869,5145856.0,4499333.0,3725515.0,408.5176515453879,349.76754202732326,352.3695590110528,188875.0,222043.0,174134.0,322077.0,0.2181097314662831,24210740.0,0.4,12.0,34.1,,0.0
경기도,2005,actual_registered_est,5385497.0,398.3640724759261,1405.3965064198967,5280598.0,4630358.0,3921415.0,409.9163617394085,356.86802054370406,359.002655746658,168851.0,188875.0,184026.0,372514.0,0.2221443310739813,24243234.0,0.21,12.5,34.8,,0.0
경기도,2006,actual_registered_est,5504138.0,383.4363733006416,1398.2342747999826,5385497.0,4789459.0,4122997.0,398.3640724759261,373.7247298724636,361.5059948713746,138633.0,168851.0,248947.0,252669.0,0.225861188061615,24369561.0,0.53,13.0,35.4,,0.0
경기도,2007,actual_registered_est,5610309.0,366.5577349127402,1387.473194127632,5504138.0,4973676.0,4285048.0,383.4363733006416,393.5458170118681,357.27944916431824,113100.0,138633.0,315782.0,213748.0,0.2290745774296798,24491190.0,0.51,13.5,36.1,,0.0
경기도,2008,actual_registered_est,5716511.0,353.87686572668616,1376.4556419257294,5610309.0,5145856.0,4396378.0,366.5577349127402,408.5176515453879,351.734357884018,100597.0,113100.0,222043.0,122488.0,0.2317036543322926,24671648.0,0.76,14.0,36.7,,0.0
경기도,2009,actual_registered_est,5785465.0,348.48208270581125,1362.7058161319355,5716511.0,5280598.0,4499333.0,353.87686572668616,409.9163617394085,349.76754202732326,94153.0,100597.0,188875.0,174134.0,0.2335264942062434,24774341.0,0.51,14.4,37.3,,0.0
경기도,2010,actual_registered_est,5888330.0,351.5879314590507,1364.1401016091836,5785465.0,5385497.0,4630358.0,348.48208270581125,398.3640724759261,356.86802054370406,142437.0,94153.0,168851.0,184026.0,0.2366586158481489,24881114.0,0.5,14.8,37.9,,0.0
경기도,2011,actual_registered_est,5991599.0,359.24565715824974,1378.4518969397343,5888330.0,5504138.0,4789459.0,351.5879314590507,383.4363733006416,373.7247298724636,75799.0,142437.0,138633.0,248947.0,0.2389960425398347,25069867.0,0.77,15.0,38.5,,0.0
경기도,2012,actual_registered_est,6060641.0,372.2809461611004,1387.2276528168086,5991599.0,5610309.0,4973676.0,359.24565715824974,366.5577349127402,393.5458170118681,82753.0,75799.0,113100.0,315782.0,0.2406221290185799,25187380.0,0.53,15.6,39.1,,0.0
경기도,2013,actual_registered_est,6131745.0,386.8964317928407,1394.4202936114186,6060641.0,5716511.0,5145856.0,372.2809461611004,353.87686572668616,408.5176515453879,74131.0,82753.0,100597.0,222043.0,0.2425021808109282,25285319.0,0.46,16.3,39.7,,0.0
경기도,2014,actual_registered_est,6209792.0,399.2941863083821,1400.8563312760043,6131745.0,5785465.0,5280598.0,386.8964317928407,348.48208270581125,409.9163617394085,57396.0,74131.0,94153.0,188875.0,0.2440468936289719,25445077.0,0.63,16.8,40.3,,0.0
경기도,2015,actual_registered_est,6282002.0,408.1053654555465,1395.933547099478,6209792.0,5888330.0,5385497.0,399.2941863083821,351.5879314590507,398.3640724759261,94768.0,57396.0,142437.0,168851.0,0.2455259917828159,25585894.0,0.53,17.5,40.9,,0.0
경기도,2016,actual_registered_est,6367061.0,417.8952243038995,1391.8736638363914,6282002.0,5991599.0,5504138.0,408.1053654555465,359.24565715824974,383.4363733006416,133617.0,94768.0,75799.0,138633.0,0.2480259300113914,25670949.0,0.4,18.0,41.4,,0.0
경기도,2017,actual_registered_est,6467424.0,419.8285153121509,1390.9270555133028,6367061.0,6060641.0,5610309.0,417.8952243038995,372.2809461611004,366.5577349127402,116162.0,133617.0,82753.0,113100.0,0.2512909825245126,25736793.0,0.28,18.8,42.0,74200.0,0.2
경기도,2018,actual_registered_est,6594949.0,422.2424201940884,1403.0297648195628,6467424.0,6131745.0,5716511.0,419.8285153121509,386.8964317928407,353.87686572668616,170094.0,116162.0,74131.0,100597.0,0.255047889237124,25857689.0,0.43,19.6,42.6,145617.0,0.4
경기도,2019,actual_registered_est,6710022.0,420.882373313925,1421.466839829331,6594949.0,6209792.0,5785465.0,422.2424201940884,399.2941863083821,348.48208270581125,134666.0,170094.0,57396.0,94153.0,0.2585879234209212,25948706.0,0.35,20.4,43.1,215604.0,0.6
경기도,2020,actual_registered_est,6799985.0,421.06939915363824,1440.225810671548,6710022.0,6282002.0,5888330.0,420.882373313925,408.1053654555465,351.5879314590507,168373.0,134666.0,94768.0,142437.0,0.2622874517124843,25925697.0,0.14,21.8,43.7,289625.0,0.8
경기도,2021,actual_registered_est,6877650.0,412.4365240743177,1436.5747391164532,6799985.0,6367061.0,5991599.0,421.06939915363824,417.8952243038995,359.24565715824974,150517.0,168373.0,133617.0,75799.0,0.2658446014777738,25870941.0,-0.13,23.1,44.3,355142.0,1.0
경기도,2022,actual_registered_est,6920476.0,393.8979847828822,1425.6080035595178,6877650.0,6467424.0,6060641.0,412.4365240743177,419.8285153121509,372.2809461611004,43882.0,150517.0,116162.0,82753.0,0.2680413712766017,25818686.0,-0.19,24.4,44.9,341798.0,1.0
경기도,2023,actual_registered_est,6975911.0,377.1421789147928,1428.1131687182508,6920476.0,6594949.0,6131745.0,393.8979847828822,422.2424201940884,386.8964317928407,44612.0,43882.0,170094.0,74131.0,0.2697579742031365,25859888.0,0.08,25.8,45.5,332784.0,1.0
경기도,2024,actual_registered_est,7017210.0,364.3678273786791,1419.4569411125908,6975911.0,6710022.0,6209792.0,377.1421789147928,420.882373313925,399.2941863083821,64218.0,44612.0,134666.0,57396.0,0.2711779087162945,25876776.0,0.07,27.4,46.1,323650.0,1.0
경기도,2025,kosis_projection(중위),7061045.0,344.0437523802318,1403.9014857894113,7017210.0,6799985.0,6282002.0,364.3678273786791,421.06939915363824,408.1053654555465,32970.0,64218.0,168373.0,94768.0,0.2732824331757883,25837903.0,-0.13,29.3,46.7,306183.0,1.0
경기도,2026,kosis_projection(중위),7099734.0,325.0098649744891,1388.69474177246,7061045.0,6877650.0,6367061.0,344.0437523802318,412.4365240743177,417.8952243038995,28443.0,32970.0,150517.0,133617.0,0.2752362739954934,25795052.0,-0.15,31.3,47.3,300191.0,1.0
경기도,2027,kosis_projection(중위),7135262.0,318.77501585140993,1368.3355310752402,7099734.0,6920476.0,6467424.0,325.0098649744891,393.8979847828822,419.8285153121509,,28443.0,43882.0,116162.0,0.2770632943872105,25753184.0,-0.14,33.0,47.9,304278.0,1.0
경기도,2028,kosis_projection(중위),7167570.0,320.073525883757,1341.253658765551,7135262.0,6975911.0,6594949.0,318.77501585140993,377.1421789147928,422.2424201940884,,,44612.0,170094.0,0.2787652494381092,25711849.0,-0.15,34.8,48.5,303255.0,1.0
경기도,2029,kosis_projection(중위),7197004.0,317.1317454382642,1313.955336368295,7167570.0,7017210.0,6710022.0,320.073525883757,364.3678273786791,420.882373313925,,,64218.0,134666.0,0.280363513278148,25670259.0,-0.15,36.3,49.1,300778.0,1.0
경기도,2030,kosis_projection(중위),7223463.0,318.0311295031618,1292.0380593631562,7197004.0,7061045.0,6799985.0,317.1317454382642,344.0437523802318,421.06939915363824,,,32970.0,168373.0,0.2818662368017073,25627273.0,-0.15,38.0,49.7,306952.0,1.0
경기도,2031,kosis_projection(중위),7246636.0,325.2470969918064,1267.8118900939078,7223463.0,7099734.0,6877650.0,318.0311295031618,325.0098649744891,412.4365240743177,,,28443.0,150517.0,0.2832711261314068,25581979.0,-0.16,39.7,50.3,310159.0,1.0
경기도,2032,kosis_projection(중위),7266725.0,328.78353905063665,1244.6241522555586,7246636.0,7135262.0,6920476.0,325.2470969918064,318.77501585140993,393.8979847828822,,,,43882.0,0.2845915252117804,25533877.0,-0.17,41.4,50.9,309288.0,1.0
경기도,2033,kosis_projection(중위),7283832.0,327.1123782209723,1218.846157141037,7266725.0,7167570.0,6975911.0,328.78353905063665,320.073525883757,377.1421789147928,,,,44612.0,0.2858382594544342,25482355.0,-0.19,43.2,51.4,305482.0,1.0
경기도,2034,kosis_projection(중위),7297807.0,326.2857645791683,1198.259425974778,7283832.0,7197004.0,7017210.0,327.1123782209723,317.1317454382642,364.3678273786791,,,,64218.0,0.2870151359063228,25426558.0,-0.2,45.5,52.0,304292.0,1.0
경기도,2035,kosis_projection(중위),7308433.0,327.27420307045253,1174.4432434571395,7297807.0,7223463.0,7061045.0,326.2857645791683,318.0311295031618,344.0437523802318,,,,32970.0,0.2881245131928411,25365537.0,-0.22,47.7,52.5,299626.0,1.0
경기도,2036,kosis_projection(중위),7315739.0,321.75614965043667,1147.2570675550603,7308433.0,7246636.0,7099734.0,327.27420307045253,325.2470969918064,325.0098649744891,,,,28443.0,0.2891704452992414,25299055.0,-0.24,50.1,53.0,290964.0,1.0
경기도,2037,kosis_projection(중위),7319999.0,311.32921366752475,1126.4880173881652,7315739.0,7266725.0,7135262.0,321.75614965043667,328.78353905063665,318.77501585140993,,,,,0.290167007784722,25226848.0,-0.27,52.4,53.4,275423.0,1.0
경기도,2038,kosis_projection(중위),7320373.0,297.0508779788337,1105.9411524797306,7319999.0,7283832.0,7167570.0,311.32921366752475,327.1123782209723,320.073525883757,,,,,0.2911131077059241,25146147.0,-0.3,54.7,53.9,262961.0,1.0
경기도,2039,kosis_projection(중위),7316385.0,282.62534091532103,1081.5409171577132,7320373.0,7297807.0,7197004.0,297.0508779788337,326.2857645791683,317.1317454382642,,,,,0.2920098246795983,25055270.0,-0.34,57.1,54.3,248512.0,1.0
경기도,2040,kosis_projection(중위),7308455.0,263.3589008990781,1059.6249387924106,7316385.0,7308433.0,7223463.0,282.62534091532103,327.27420307045253,318.0311295031618,,,,,0.2928694534738233,24954651.0,-0.38,59.1,54.6,230073.0,1.0
경기도,2041,kosis_projection(중위),7296572.0,242.96992135543508,1036.9858048275582,7308455.0,7315739.0,7246636.0,263.3589008990781,321.75614965043667,325.2470969918064,,,,,0.2936910834994977,24844377.0,-0.42,60.9,55.0,214860.0,1.0
경기도,2042,kosis_projection(중위),7280839.0,226.33502037061544,1009.3436721913688,7296572.0,7319999.0,7266725.0,242.96992135543508,311.32921366752475,328.78353905063665,,,,,0.2944729509228398,24724984.0,-0.45,62.6,55.4,205132.0,1.0
경기도,2043,kosis_projection(중위),7261407.0,212.79686300635512,974.9123114167868,7280839.0,7320373.0,7283832.0,226.33502037061544,297.0508779788337,327.1123782209723,,,,,0.295219469000644,24596640.0,-0.49,64.4,55.7,195374.0,1.0
경기도,2044,kosis_projection(중위),7238361.0,200.8453510192468,943.5980313705508,7261407.0,7316385.0,7297807.0,212.79686300635512,282.62534091532103,326.2857645791683,,,,,0.2959322586870061,24459520.0,-0.53,66.2,56.0,189101.0,1.0
경기도,2045,kosis_projection(중위),7211850.0,190.9205767122889,912.9219636719326,7238361.0,7308455.0,7308433.0,200.8453510192468,263.3589008990781,327.27420307045253,,,,,0.2966152705175604,24313819.0,-0.58,68.4,56.4,188669.0,1.0
경기도,2046,kosis_projection(중위),7181773.0,183.6052980736462,878.4416141459221,7211850.0,7296572.0,7315739.0,190.9205767122889,242.96992135543508,321.75614965043667,,,,,0.2972722525372421,24158908.0,-0.62,70.7,56.7,149812.0,0.8
경기도,2047,kosis_projection(중위),7148056.0,179.9068843517536,846.267531638992,7181773.0,7280839.0,7319999.0,183.6052980736462,226.33502037061544,311.32921366752475,,,,,0.2979043087844824,23994470.0,-0.67,72.9,57.0,111009.0,0.6
경기도,2048,kosis_projection(중위),7110582.0,179.5636395671698,816.5581342733309,7148056.0,7261407.0,7320373.0,179.9068843517536,212.79686300635512,297.0508779788337,,,,,0.2985056293301813,23820596.0,-0.72,74.9,57.3,75655.0,0.4
경기도,2049,kosis_projection(중위),7069276.0,182.4554472374236,792.0406191261008,7110582.0,7238361.0,7316385.0,179.5636395671698,200.8453510192468,282.62534091532103,,,,,0.2990773976924682,23636945.0,-0.77,76.3,57.7,39191.0,0.2
경기도,2050,kosis_projection(중위),7024104.0,188.03383268625308,767.0507378492758,7069276.0,7211850.0,7308455.0,182.4554472374236,190.9205767122889,263.3589008990781,,,,,0.2996209322389824,23443302.0,-0.82,77.3,58.1,,0.0
경기도,2051,kosis_projection(중위),6975112.0,194.4617289606915,744.438589507192,7024104.0,7181773.0,7296572.0,188.03383268625308,183.6052980736462,242.96992135543508,,,,,0.3001306655422955,23240251.0,-0.87,78.4,58.4,,0.0
경기도,2052,kosis_projection(중위),6922446.0,200.17507808936293,728.7401970570882,6975112.0,7148056.0,7280839.0,194.4617289606915,179.9068843517536,226.33502037061544,,,,,0.3006045749051215,23028412.0,-0.92,79.3,58.8,,0.0
경상남도,1970,actual_registered_est,1405738.0,104.8025730006538,332.730095219877,,,,,,,-87276.0,,,,0.0861960803887174,16308607.0,2.18,5.7,18.5,,0.0
경상남도,1971,actual_registered_est,1413976.0,106.15626629193297,332.5218574444498,1405738.0,,,104.8025730006538,,,-83934.0,-87276.0,,,0.0849291760336608,16648884.0,1.97,5.8,18.6,,0.0
경상남도,1972,actual_registered_est,1416875.0,107.93104533978833,333.6290654213544,1413976.0,,,106.15626629193297,,,-47696.0,-83934.0,,,0.083564635723359,16955438.0,1.88,5.6,18.7,,0.0
경상남도,1973,actual_registered_est,1416907.0,108.16786973850004,334.9845333785641,1416875.0,,,107.93104533978833,,,-59260.0,-47696.0,,,0.082211610793625,17234877.0,1.77,5.6,18.9,,0.0
경상남도,1974,actual_registered_est,1416162.0,110.02217699662144,339.0322207695881,1416907.0,,,108.16786973850004,,,-55326.0,-59260.0,,,0.0808578262364251,17514223.0,1.71,5.7,19.2,,0.0
경상남도,1975,actual_registered_est,1413320.0,115.73887004963004,344.325143954037,1416162.0,1405738.0,,110.02217699662144,104.8025730006538,,-116412.0,-55326.0,-87276.0,,0.079552723351819,17765828.0,1.68,6.0,19.6,,0.0
경상남도,1976,actual_registered_est,1408925.0,123.22041287639864,350.5951603026404,1413320.0,1413976.0,,115.73887004963004,106.15626629193297,,-95125.0,-116412.0,-83934.0,,0.0780200330005205,18058503.0,1.6,6.0,20.0,,0.0
경상남도,1977,actual_registered_est,1402346.0,128.22405181266487,356.71682087130995,1408925.0,1416875.0,,123.22041287639864,107.93104533978833,,-52227.0,-95125.0,-47696.0,,0.0764245575989993,18349416.0,1.56,6.0,20.5,,0.0
경상남도,1978,actual_registered_est,1393800.0,132.51794713042867,364.1349739966346,1402346.0,1416907.0,,128.22405181266487,108.16786973850004,,-45105.0,-52227.0,-59260.0,,0.074785695360486,18637254.0,1.52,6.0,20.9,,0.0
경상남도,1979,actual_registered_est,1384281.0,136.26177515806395,372.5970929719838,1393800.0,1416162.0,,132.51794713042867,110.02217699662144,,-31492.0,-45105.0,-55326.0,,0.0731287759792842,18929361.0,1.52,6.1,21.4,,0.0
경상남도,1980,actual_registered_est,1374467.0,138.41640875525695,380.2142406850224,1384281.0,1413320.0,1405738.0,136.26177515806395,115.73887004963004,104.8025730006538,-39683.0,-31492.0,-116412.0,-87276.0,0.0714538294765534,19235736.0,1.56,6.1,21.8,,0.0
경상남도,1981,actual_registered_est,1377161.0,142.26356971240725,391.2213388348576,1374467.0,1408925.0,1413976.0,138.41640875525695,123.22041287639864,106.15626629193297,-25836.0,-39683.0,-95125.0,-83934.0,0.0704946538845845,19535680.0,1.56,6.2,22.2,,0.0
경상남도,1982,actual_registered_est,1386849.0,144.5926984035797,400.9807316783434,1377161.0,1402346.0,1416875.0,142.26356971240725,128.22405181266487,107.93104533978833,-14298.0,-25836.0,-52227.0,-47696.0,0.0699108532008643,19837392.0,1.55,6.3,22.7,,0.0
경상남도,1983,actual_registered_est,1397431.0,144.34013624436545,409.214380127075,1386849.0,1393800.0,1416907.0,144.5926984035797,132.51794713042867,108.16786973850004,-19820.0,-14298.0,-45105.0,-59260.0,0.069423352834103,20129120.0,1.47,6.3,23.2,,0.0
경상남도,1984,actual_registered_est,1403354.0,141.73455616228094,416.031356459032,1397431.0,1384281.0,1416162.0,144.34013624436545,136.26177515806395,110.02217699662144,-17476.0,-19820.0,-31492.0,-55326.0,0.0688756783684066,20375175.0,1.23,6.4,23.8,,0.0
경상남도,1985,actual_registered_est,1402792.0,137.90995387217671,420.4929659750535,1403354.0,1374467.0,1413320.0,141.73455616228094,138.41640875525695,115.73887004963004,-30189.0,-17476.0,-39683.0,-116412.0,0.068177452905383,20575600.0,0.98,6.5,24.3,,0.0
경상남도,1986,actual_registered_est,1397224.0,135.1724230397624,426.2250556141339,1402792.0,1377161.0,1408925.0,137.90995387217671,142.26356971240725,123.22041287639864,-40145.0,-30189.0,-25836.0,-95125.0,0.0672647892256098,20771997.0,0.99,6.6,24.8,,0.0
경상남도,1987,actual_registered_est,1389322.0,132.01038675218362,428.351968756393,1397224.0,1386849.0,1402346.0,135.1724230397624,144.5926984035797,128.22405181266487,-20418.0,-40145.0,-14298.0,-52227.0,0.0662845098134635,20959980.0,0.99,6.7,25.4,,0.0
경상남도,1988,actual_registered_est,1383960.0,129.3583977836471,432.2034493921751,1389322.0,1397431.0,1393800.0,132.01038675218362,144.34013624436545,132.51794713042867,-11556.0,-20418.0,-19820.0,-45105.0,0.0654192963951318,21155226.0,0.98,6.9,25.9,,0.0
경상남도,1989,actual_registered_est,1379682.0,128.6550668787829,434.9478985334268,1383960.0,1403354.0,1384281.0,129.3583977836471,141.73455616228094,136.26177515806395,-10518.0,-11556.0,-17476.0,-31492.0,0.0645997504657521,21357389.0,0.99,7.0,26.4,,0.0
경상남도,1990,actual_registered_est,1383172.0,131.7870728153034,441.33247827967455,1379682.0,1402792.0,1374467.0,128.6550668787829,137.90995387217671,138.41640875525695,18390.0,-10518.0,-30189.0,-39683.0,0.0641302110734326,21568181.0,0.99,7.4,27.0,,0.0
경상남도,1991,actual_registered_est,1398695.0,134.5900988830166,446.3709603012181,1383172.0,1397224.0,1377161.0,131.7870728153034,135.1724230397624,142.26356971240725,21856.0,18390.0,-40145.0,-25836.0,0.0642076993142738,21783914.0,0.99,7.5,27.5,,0.0
경상남도,1992,actual_registered_est,1414001.0,136.92295581918285,449.47573045808906,1398695.0,1389322.0,1386849.0,134.5900988830166,132.01038675218362,144.5926984035797,24812.0,21856.0,-20418.0,-14298.0,0.0642329045313011,22013655.0,1.04,7.7,27.9,,0.0
경상남도,1993,actual_registered_est,1428180.0,137.6932589088627,449.6970978135285,1414001.0,1383960.0,1397431.0,136.92295581918285,129.3583977836471,144.34013624436545,10806.0,24812.0,-11556.0,-19820.0,0.0642093529367176,22242554.0,1.02,7.9,28.4,,0.0
경상남도,1994,actual_registered_est,1441419.0,136.33341360326096,446.93926026838847,1428180.0,1379682.0,1403354.0,137.6932589088627,128.6550668787829,141.73455616228094,20017.0,10806.0,-10518.0,-17476.0,0.0641414732035106,22472496.0,1.01,8.1,28.8,,0.0
경상남도,1995,actual_registered_est,1453850.0,133.09889696889482,442.0312085325897,1441419.0,1383172.0,1402792.0,136.33341360326096,131.7870728153034,137.90995387217671,13664.0,20017.0,18390.0,-30189.0,0.0640312236832155,22705329.0,1.01,8.3,29.3,,0.0
경상남도,1996,actual_registered_est,1471958.0,129.06185505322435,437.46532680888686,1453850.0,1398695.0,1397224.0,133.09889696889482,134.5900988830166,135.1724230397624,19704.0,13664.0,21856.0,-40145.0,0.0642089131493835,22924512.0,0.95,8.6,29.8,,0.0
경상남도,1997,actual_registered_est,1489081.0,124.1568447870484,434.0562567553621,1471958.0,1414001.0,1389322.0,129.06185505322435,136.92295581918285,132.01038675218362,532.0,19704.0,24812.0,-20418.0,0.064328455235101,23148092.0,0.94,8.9,30.3,,0.0
경상남도,1998,actual_registered_est,1501676.0,120.1423179739869,430.4305143622117,1489081.0,1428180.0,1383960.0,124.1568447870484,137.6932589088627,129.3583977836471,8567.0,532.0,10806.0,-11556.0,0.0644614353525004,23295727.0,0.72,9.3,30.7,,0.0
경상남도,1999,actual_registered_est,1512937.0,117.61215623119966,429.0128546757264,1501676.0,1441419.0,1379682.0,120.1423179739869,136.33341360326096,128.6550668787829,-9375.0,8567.0,20017.0,-10518.0,0.0644960147007586,23457837.0,0.71,9.6,31.2,,0.0
경상남도,2000,actual_registered_est,1521938.0,117.29784207835418,428.8189017687812,1512937.0,1453850.0,1383172.0,117.61215623119966,133.09889696889482,131.7870728153034,-8512.0,-9375.0,13664.0,18390.0,0.0643069613769416,23666769.0,0.84,10.1,31.8,,0.0
경상남도,2001,actual_registered_est,1530118.0,119.39614395341816,428.0759904410198,1521938.0,1471958.0,1398695.0,117.29784207835418,129.06185505322435,134.5900988830166,-5166.0,-8512.0,19704.0,21856.0,0.0641425219087459,23854971.0,0.77,10.5,32.3,,0.0
경상남도,2002,actual_registered_est,1543264.0,122.11191314934942,427.8804813177842,1530118.0,1489081.0,1414001.0,119.39614395341816,124.1568447870484,136.92295581918285,6896.0,-5166.0,532.0,24812.0,0.0643257783827914,23991377.0,0.58,11.0,32.9,,0.0
경상남도,2003,actual_registered_est,1557727.0,123.66435745361753,426.36749489620377,1543264.0,1501676.0,1428180.0,122.11191314934942,120.1423179739869,137.6932589088627,4288.0,6896.0,8567.0,10806.0,0.0645800450331978,24120872.0,0.52,11.5,33.5,,0.0
경상남도,2004,actual_registered_est,1564155.0,121.42047677109758,418.6370981902201,1557727.0,1512937.0,1441419.0,123.66435745361753,117.61215623119966,136.33341360326096,-5611.0,4288.0,-9375.0,20017.0,0.0646058319572222,24210740.0,0.4,12.0,34.1,,0.0
경상남도,2005,actual_registered_est,1569743.0,116.11355724839838,409.6393198579608,1564155.0,1521938.0,1453850.0,121.42047677109758,117.29784207835418,133.09889696889482,5619.0,-5611.0,-8512.0,13664.0,0.064749735946945,24243234.0,0.21,12.5,34.8,,0.0
경상남도,2006,actual_registered_est,1580143.0,110.07796338253068,401.40892210283766,1569743.0,1530118.0,1471958.0,116.11355724839838,119.39614395341816,129.06185505322435,1294.0,5619.0,-5166.0,19704.0,0.0648408479742413,24369561.0,0.53,13.0,35.4,,0.0
경상남도,2007,actual_registered_est,1589921.0,103.87981133484784,393.1998697898099,1580143.0,1543264.0,1489081.0,110.07796338253068,122.11191314934942,124.1568447870484,7943.0,1294.0,6896.0,532.0,0.0649180787050363,24491190.0,0.51,13.5,36.1,,0.0
경상남도,2008,actual_registered_est,1609185.0,99.61554244790176,387.4691699451387,1589921.0,1557727.0,1501676.0,103.87981133484784,123.66435745361753,120.1423179739869,13029.0,7943.0,4288.0,8567.0,0.0652240579956393,24671648.0,0.76,14.0,36.7,,0.0
경상남도,2009,actual_registered_est,1624232.0,97.83409806427404,382.5708725482922,1609185.0,1564155.0,1512937.0,99.61554244790176,121.42047677109758,117.61215623119966,11239.0,13029.0,-5611.0,-9375.0,0.0655610577088609,24774341.0,0.51,14.4,37.3,,0.0
경상남도,2010,actual_registered_est,1638144.0,97.8123950919964,379.5062305629057,1624232.0,1569743.0,1521938.0,97.83409806427404,116.11355724839838,117.29784207835418,3246.0,11239.0,5619.0,-8512.0,0.065838852713749,24881114.0,0.5,14.8,37.9,,0.0
경상남도,2011,actual_registered_est,1651780.0,99.0378013583442,380.015297139731,1638144.0,1580143.0,1530118.0,97.8123950919964,110.07796338253068,119.39614395341816,4534.0,3246.0,1294.0,-5166.0,0.0658870667323444,25069867.0,0.77,15.0,38.5,,0.0
경상남도,2012,actual_registered_est,1661753.0,102.07484309432732,380.3607099894698,1651780.0,1589921.0,1543264.0,99.0378013583442,103.87981133484784,122.11191314934942,-2772.0,4534.0,7943.0,6896.0,0.0659756195364504,25187380.0,0.53,15.6,39.1,,0.0
경상남도,2013,actual_registered_est,1668122.0,105.2539610820634,379.34766840755225,1661753.0,1609185.0,1557727.0,102.07484309432732,99.61554244790176,123.66435745361753,3794.0,-2772.0,13029.0,4288.0,0.0659719578780081,25285319.0,0.46,16.3,39.7,,0.0
경상남도,2014,actual_registered_est,1683623.0,108.2581954170248,379.8056261839205,1668122.0,1624232.0,1564155.0,105.2539610820634,97.83409806427404,121.42047677109758,6075.0,3794.0,11239.0,-5611.0,0.0661669445920717,25445077.0,0.63,16.8,40.3,,0.0
경상남도,2015,actual_registered_est,1696568.0,110.21621827885215,376.9970442759279,1683623.0,1638144.0,1569743.0,108.2581954170248,97.8123950919964,116.11355724839838,5105.0,6075.0,3246.0,5619.0,0.0663087246433523,25585894.0,0.53,17.5,40.9,,0.0
경상남도,2016,actual_registered_est,1700617.0,111.61817401624153,371.7639919850701,1696568.0,1651780.0,1580143.0,110.21621827885215,99.0378013583442,110.07796338253068,1772.0,5105.0,4534.0,1294.0,0.0662467523113383,25670949.0,0.4,18.0,41.4,,0.0
경상남도,2017,actual_registered_est,1698965.0,110.28717979790848,365.3906694334806,1700617.0,1661753.0,1589921.0,111.61817401624153,102.07484309432732,103.87981133484784,3979.0,1772.0,-2772.0,7943.0,0.0660130809615634,25736793.0,0.28,18.8,42.0,23295.0,0.2
경상남도,2018,actual_registered_est,1704709.0,109.1442032207746,362.6650437108448,1698965.0,1668122.0,1609185.0,110.28717979790848,105.2539610820634,99.61554244790176,-5810.0,3979.0,3794.0,13029.0,0.0659265799043371,25857689.0,0.43,19.6,42.6,45793.0,0.4
경상남도,2019,actual_registered_est,1705158.0,106.95508090960443,361.2246805852057,1704709.0,1683623.0,1624232.0,109.1442032207746,108.2581954170248,97.83409806427404,-9310.0,-5810.0,6075.0,11239.0,0.0657126409309196,25948706.0,0.35,20.4,43.1,67427.0,0.6
경상남도,2020,actual_registered_est,1696336.0,105.04069939605544,359.2812176455287,1705158.0,1696568.0,1638144.0,106.95508090960443,110.21621827885215,97.8123950919964,-16658.0,-9310.0,5105.0,3246.0,0.0654306806100526,25925697.0,0.14,21.8,43.7,89511.0,0.8
경상남도,2021,actual_registered_est,1681840.0,100.85599640126358,351.2956982742093,1696336.0,1700617.0,1651780.0,105.04069939605544,111.61817401624153,99.0378013583442,-13703.0,-16658.0,1772.0,4534.0,0.0650088452522851,25870941.0,-0.13,23.1,44.3,108765.0,1.0
경상남도,2022,actual_registered_est,1667010.0,94.88247334618492,343.4016385597973,1681840.0,1698965.0,1661753.0,100.85599640126358,110.28717979790848,102.07484309432732,-18547.0,-13703.0,3979.0,-2772.0,0.0645660278760894,25818686.0,-0.19,24.4,44.9,102566.0,1.0
경상남도,2023,actual_registered_est,1659807.0,89.73497921031753,339.7967999062393,1667010.0,1704709.0,1668122.0,94.88247334618492,109.1442032207746,105.2539610820634,-16300.0,-18547.0,-5810.0,3794.0,0.0641846167315187,25859888.0,0.08,25.8,45.5,97144.0,1.0
경상남도,2024,actual_registered_est,1652494.0,85.80556211604085,334.2701840826924,1659807.0,1705158.0,1683623.0,89.73497921031753,106.95508090960443,108.2581954170248,-9069.0,-16300.0,-9310.0,6075.0,0.0638601192049581,25876776.0,0.07,27.4,46.1,91905.0,1.0
경상남도,2025,kosis_projection(중위),1643206.0,80.06389396664534,326.7079228156845,1652494.0,1696336.0,1696568.0,85.80556211604085,105.04069939605544,110.21621827885215,-7577.0,-9069.0,-16658.0,5105.0,0.0635967245484279,25837903.0,-0.13,29.3,46.7,84730.0,1.0
경상남도,2026,kosis_projection(중위),1634189.0,74.80949937459566,319.6443234862595,1643206.0,1681840.0,1700617.0,80.06389396664534,100.85599640126358,111.61817401624153,-7176.0,-7577.0,-13703.0,1772.0,0.0633528089030407,25795052.0,-0.15,31.3,47.3,80855.0,1.0
경상남도,2027,kosis_projection(중위),1625524.0,72.62192178322917,311.72818122383575,1634189.0,1667010.0,1698965.0,74.80949937459566,94.88247334618492,110.28717979790848,,-7176.0,-18547.0,3979.0,0.0631193408939259,25753184.0,-0.14,33.0,47.9,80989.0,1.0
경상남도,2028,kosis_projection(중위),1617080.0,72.21199056808733,302.6010860747223,1625524.0,1659807.0,1704709.0,72.62192178322917,89.73497921031753,109.1442032207746,,,-16300.0,-5810.0,0.0628924041985467,25711849.0,-0.15,34.8,48.5,80224.0,1.0
경상남도,2029,kosis_projection(중위),1608680.0,70.88553740579093,293.69633121073014,1617080.0,1652494.0,1705158.0,72.21199056808733,85.80556211604085,106.95508090960443,,,-9069.0,-9310.0,0.0626670732071694,25670259.0,-0.15,36.3,49.1,79546.0,1.0
경상남도,2030,kosis_projection(중위),1600034.0,70.44552180352582,286.1930384740765,1608680.0,1643206.0,1696336.0,70.88553740579093,80.06389396664534,105.04069939605544,,,-7577.0,-16658.0,0.0624348130993102,25627273.0,-0.15,38.0,49.7,81327.0,1.0
경상남도,2031,kosis_projection(중위),1591110.0,71.41298507260929,278.367531699856,1600034.0,1634189.0,1681840.0,70.44552180352582,74.80949937459566,100.85599640126358,,,-7176.0,-13703.0,0.0621965173218225,25581979.0,-0.16,39.7,50.3,82735.0,1.0
경상남도,2032,kosis_projection(중위),1581918.0,71.57400321711705,270.94645107497644,1591110.0,1625524.0,1667010.0,71.41298507260929,72.62192178322917,94.88247334618492,,,,-18547.0,0.061953693910251,25533877.0,-0.17,41.4,50.9,82655.0,1.0
경상남도,2033,kosis_projection(중위),1572378.0,70.61452090634928,263.1151958025816,1581918.0,1617080.0,1659807.0,71.57400321711705,72.21199056808733,89.73497921031753,,,,-16300.0,0.0617045795021692,25482355.0,-0.19,43.2,51.4,81552.0,1.0
경상남도,2034,kosis_projection(중위),1562440.0,69.85686659143984,256.54398061226226,1572378.0,1608680.0,1652494.0,70.61452090634928,70.88553740579093,85.80556211604085,,,,-9069.0,0.061449135191637,25426558.0,-0.2,45.5,52.0,81286.0,1.0
경상남도,2035,kosis_projection(중위),1552073.0,69.50237543152772,249.4134718348315,1562440.0,1600034.0,1643206.0,69.85686659143984,70.44552180352582,80.06389396664534,,,,-7577.0,0.0611882571222521,25365537.0,-0.22,47.7,52.5,79731.0,1.0
경상남도,2036,kosis_projection(중위),1541355.0,67.79088893746056,241.7158973770565,1552073.0,1591110.0,1634189.0,69.50237543152772,71.41298507260929,74.80949937459566,,,,-7176.0,0.0609253982016324,25299055.0,-0.24,50.1,53.0,76859.0,1.0
경상남도,2037,kosis_projection(중위),1530302.0,65.08576276224089,235.50097014837627,1541355.0,1581918.0,1625524.0,67.79088893746056,71.57400321711705,72.62192178322917,,,,,0.0606616411213957,25226848.0,-0.27,52.4,53.4,72040.0,1.0
경상남도,2038,kosis_projection(중위),1518815.0,61.63146730875903,229.458254586686,1530302.0,1572378.0,1617080.0,65.08576276224089,70.61452090634928,72.21199056808733,,,,,0.0603995117025284,25146147.0,-0.3,54.7,53.9,67692.0,1.0
경상남도,2039,kosis_projection(중위),1506904.0,58.21033976843222,222.7573226707762,1518815.0,1562440.0,1608680.0,61.63146730875903,69.85686659143984,70.88553740579093,,,,,0.0601431954235576,25055270.0,-0.34,57.1,54.3,62005.0,1.0
경상남도,2040,kosis_projection(중위),1494671.0,53.86020872615703,216.70663182434475,1506904.0,1552073.0,1600034.0,58.21033976843222,69.50237543152772,70.44552180352582,,,,,0.0598954880194477,24954651.0,-0.38,59.1,54.6,55535.0,1.0
경상남도,2041,kosis_projection(중위),1482171.0,49.35509048705428,210.6455315355028,1494671.0,1541355.0,1591110.0,53.86020872615703,67.79088893746056,71.41298507260929,,,,,0.0596582075694633,24844377.0,-0.42,60.9,55.0,49658.0,1.0
경상남도,2042,kosis_projection(중위),1469444.0,45.67971324094361,203.70921579773625,1482171.0,1530302.0,1581918.0,49.35509048705428,65.08576276224089,71.57400321711705,,,,,0.0594315450315357,24724984.0,-0.45,62.6,55.4,44373.0,1.0
경상남도,2043,kosis_projection(중위),1456439.0,42.68121183127634,195.54065925894983,1469444.0,1518815.0,1572378.0,45.67971324094361,61.63146730875903,70.61452090634928,,,,,0.0592129250174007,24596640.0,-0.49,64.4,55.7,40272.0,1.0
경상남도,2044,kosis_projection(중위),1443129.0,40.04300843396104,188.12735140092508,1456439.0,1506904.0,1562440.0,42.68121183127634,58.21033976843222,69.85686659143984,,,,,0.0590007081087445,24459520.0,-0.53,66.2,56.0,37271.0,1.0
경상남도,2045,kosis_projection(중위),1429517.0,37.84385560709404,180.95737802955,1443129.0,1494671.0,1552073.0,40.04300843396104,53.86020872615703,69.50237543152772,,,,,0.0587944246849908,24313819.0,-0.58,68.4,56.4,35642.0,1.0
경상남도,2046,kosis_projection(중위),1415540.0,36.18892488458896,173.14237619152243,1429517.0,1482171.0,1541355.0,37.84385560709404,49.35509048705428,67.79088893746056,,,,,0.0585928801086539,24158908.0,-0.62,70.7,56.7,27604.0,0.8
경상남도,2047,kosis_projection(중위),1401145.0,35.26492118626908,165.88335634448237,1415540.0,1469444.0,1530302.0,36.18892488458896,45.67971324094361,65.08576276224089,,,,,0.0583944967319553,23994470.0,-0.67,72.9,57.0,20558.0,0.6
경상남도,2048,kosis_projection(중위),1386300.0,35.00825579846593,159.19857777367852,1401145.0,1456439.0,1518815.0,35.26492118626908,42.68121183127634,61.63146730875903,,,,,0.0581975362833071,23820596.0,-0.72,74.9,57.3,13799.0,0.4
경상남도,2049,kosis_projection(중위),1370993.0,35.38483162552673,153.60584938790765,1386300.0,1443129.0,1506904.0,35.00825579846593,40.04300843396104,58.21033976843222,,,,,0.0580021233708501,23636945.0,-0.77,76.3,57.7,7036.0,0.2
경상남도,2050,kosis_projection(중위),1355181.0,36.27791920700336,147.98935009637094,1370993.0,1429517.0,1494671.0,35.38483162552673,37.84385560709404,53.86020872615703,,,,,0.0578067458244576,23443302.0,-0.82,77.3,58.1,,0.0
경상남도,2051,kosis_projection(중위),1338886.0,37.3272983202656,142.89640157045883,1355181.0,1415540.0,1482171.0,36.27791920700336,36.18892488458896,49.35509048705428,,,,,0.0576106514512257,23240251.0,-0.87,78.4,58.4,,0.0
경상남도,2052,kosis_projection(중위),1322154.0,38.2324802817044,139.18588407909826,1338886.0,1401145.0,1469444.0,37.3272983202656,35.26492118626908,45.67971324094361,,,,,0.0574140327174969,23028412.0,-0.92,79.3,58.8,,0.0
경상북도,1970,actual_registered_est,1708704.0,127.38972390054845,404.44040398892594,,,,,,,-62499.0,,,,0.1047731421819165,16308607.0,2.18,5.7,18.5,,0.0
경상북도,1971,actual_registered_est,1718929.0,129.05104800995633,404.23703365200726,1708704.0,,,127.38972390054845,,,-57379.0,-62499.0,,,0.103245899244658,16648884.0,1.97,5.8,18.6,,0.0
경상북도,1972,actual_registered_est,1722312.0,131.19783647905533,405.5497788612148,1718929.0,,,129.05104800995633,,,-13590.0,-57379.0,,,0.1015787383375174,16955438.0,1.88,5.6,18.7,,0.0
경상북도,1973,actual_registered_est,1722641.0,131.5078599330792,407.26603197230526,1722312.0,,,131.19783647905533,,,-25200.0,-13590.0,,,0.0999508728724899,17234877.0,1.77,5.6,18.9,,0.0
경상북도,1974,actual_registered_est,1722228.0,133.8005636675305,412.3050777464487,1722641.0,,,131.5078599330792,,,-27208.0,-25200.0,,,0.0983331090394361,17514223.0,1.71,5.7,19.2,,0.0
경상북도,1975,actual_registered_est,1719667.0,140.8260800396493,418.9600283927256,1722228.0,1708704.0,,133.8005636675305,127.38972390054845,,-83254.0,-27208.0,-62499.0,,0.0967963328250166,17765828.0,1.68,6.0,19.6,,0.0
경상북도,1976,actual_registered_est,1698428.0,148.53948890170588,422.6347299696527,1719667.0,1718929.0,,140.8260800396493,129.05104800995633,,-58531.0,-83254.0,-57379.0,,0.0940514282939178,18058503.0,1.6,6.0,20.0,,0.0
경상북도,1977,actual_registered_est,1675218.0,153.17420923902432,426.1276740735838,1698428.0,1722312.0,,148.53948890170588,131.19783647905533,,-61277.0,-58531.0,-13590.0,,0.0912954395932818,18349416.0,1.56,6.0,20.5,,0.0
경상북도,1978,actual_registered_est,1650074.0,156.88364119191775,431.0874250843183,1675218.0,1722641.0,,153.17420923902432,131.5078599330792,,-62378.0,-61277.0,-25200.0,,0.0885363262205902,18637254.0,1.52,6.0,20.9,,0.0
경상북도,1979,actual_registered_est,1624140.0,159.8723088052339,437.1582377996359,1650074.0,1722228.0,,156.88364119191775,133.8005636675305,,-49378.0,-62378.0,-27208.0,,0.0858000436464812,18929361.0,1.52,6.1,21.4,,0.0
경상북도,1980,actual_registered_est,1598242.0,160.95178564623188,442.116375628452,1624140.0,1719667.0,1708704.0,159.8723088052339,140.8260800396493,127.38972390054845,-42492.0,-49378.0,-83254.0,-62499.0,0.0830871249220721,19235736.0,1.56,6.1,21.8,,0.0
경상북도,1981,actual_registered_est,1589593.0,164.20823314765272,451.5686268072635,1598242.0,1698428.0,1718929.0,160.95178564623188,148.53948890170588,129.05104800995633,-77782.0,-42492.0,-58531.0,-57379.0,0.0813687058756081,19535680.0,1.56,6.2,22.2,,0.0
경상북도,1982,actual_registered_est,1575827.0,164.2955203826933,455.62008802579726,1589593.0,1675218.0,1722312.0,164.20823314765272,153.17420923902432,131.19783647905533,-94141.0,-77782.0,-61277.0,-13590.0,0.0794372062617908,19837392.0,1.55,6.3,22.7,,0.0
경상북도,1983,actual_registered_est,1553044.0,160.4133460281719,454.783053882498,1575827.0,1650074.0,1722641.0,164.2955203826933,156.88364119191775,131.5078599330792,-101391.0,-94141.0,-62378.0,-25200.0,0.0771540931744656,20129120.0,1.47,6.3,23.2,,0.0
경상북도,1984,actual_registered_est,1523026.0,153.82107018871514,451.50872317488944,1553044.0,1624140.0,1722228.0,160.4133460281719,159.8723088052339,133.8005636675305,-103114.0,-101391.0,-49378.0,-27208.0,0.0747491003144758,20375175.0,1.23,6.4,23.8,,0.0
경상북도,1985,actual_registered_est,1495212.0,146.9958610750027,448.1962604872937,1523026.0,1598242.0,1719667.0,153.82107018871514,160.95178564623188,140.8260800396493,-78713.0,-103114.0,-42492.0,-83254.0,0.0726691809716363,20575600.0,0.98,6.5,24.3,,0.0
경상북도,1986,actual_registered_est,1468621.0,142.07962295027778,448.0048062451583,1495212.0,1589593.0,1698428.0,146.9958610750027,164.20823314765272,148.53948890170588,-65546.0,-78713.0,-77782.0,-58531.0,0.0707019647653521,20771997.0,0.99,6.6,24.8,,0.0
경상북도,1987,actual_registered_est,1444753.0,137.27732108998313,445.4423034521191,1468621.0,1575827.0,1675218.0,142.07962295027778,164.2955203826933,153.17420923902432,-64620.0,-65546.0,-94141.0,-61277.0,0.0689291211155735,20959980.0,0.99,6.7,25.4,,0.0
경상북도,1988,actual_registered_est,1419507.0,132.68096705300118,443.3045910548992,1444753.0,1553044.0,1650074.0,137.27732108998313,160.4133460281719,156.88364119191775,-72206.0,-64620.0,-101391.0,-62378.0,0.0670995904274433,21155226.0,0.98,6.9,25.9,,0.0
경상북도,1989,actual_registered_est,1392356.0,129.83691481013352,438.94340595181205,1419507.0,1523026.0,1624140.0,132.68096705300118,153.82107018871514,159.8723088052339,-72807.0,-72206.0,-103114.0,-49378.0,0.0651931750646111,21357389.0,0.99,7.0,26.4,,0.0
경상북도,1990,actual_registered_est,1369957.0,130.52796247526308,437.1159320363541,1392356.0,1495212.0,1598242.0,129.83691481013352,146.9958610750027,160.95178564623188,-49953.0,-72807.0,-78713.0,-42492.0,0.0635175029363857,21568181.0,0.99,7.4,27.0,,0.0
경상북도,1991,actual_registered_est,1368373.0,131.67234985386384,436.6941828348988,1369957.0,1468621.0,1589593.0,130.52796247526308,142.07962295027778,164.20823314765272,-47308.0,-49953.0,-65546.0,-77782.0,0.0628157547812574,21783914.0,0.99,7.5,27.5,,0.0
경상북도,1992,actual_registered_est,1366339.0,132.30766776758043,434.3251667278701,1368373.0,1444753.0,1575827.0,131.67234985386384,137.27732108998313,164.2955203826933,-29832.0,-47308.0,-64620.0,-94141.0,0.0620677938306928,22013655.0,1.04,7.7,27.9,,0.0
경상북도,1993,actual_registered_est,1362931.0,131.40249202335502,429.15186826596806,1366339.0,1419507.0,1553044.0,132.30766776758043,132.68096705300118,160.4133460281719,-15509.0,-29832.0,-72206.0,-101391.0,0.0612758319031168,22242554.0,1.02,7.9,28.4,,0.0
경상북도,1994,actual_registered_est,1358458.0,128.48673173911172,421.2156310036668,1362931.0,1392356.0,1523026.0,131.40249202335502,129.83691481013352,153.82107018871514,-18383.0,-15509.0,-72807.0,-103114.0,0.0604498049526852,22472496.0,1.01,8.1,28.8,,0.0
경상북도,1995,actual_registered_est,1353289.0,123.89261146620264,411.4564584818653,1358458.0,1369957.0,1495212.0,128.48673173911172,130.52796247526308,146.9958610750027,-4608.0,-18383.0,-49953.0,-78713.0,0.0596022634157822,22705329.0,1.01,8.3,29.3,,0.0
경상북도,1996,actual_registered_est,1364456.0,119.63603750820492,405.5157755563314,1353289.0,1368373.0,1468621.0,123.89261146620264,131.67234985386384,142.07962295027778,5548.0,-4608.0,-47308.0,-65546.0,0.0595195221603844,22924512.0,0.95,8.6,29.8,,0.0
경상북도,1997,actual_registered_est,1376002.0,114.72852500345392,401.09455255146753,1364456.0,1366339.0,1444753.0,119.63603750820492,132.30766776758043,137.27732108998313,-6215.0,5548.0,-29832.0,-64620.0,0.0594434305859852,23148092.0,0.94,8.9,30.3,,0.0
경상북도,1998,actual_registered_est,1382655.0,110.61998504226136,396.3151191305474,1376002.0,1362931.0,1419507.0,114.72852500345392,131.40249202335502,132.68096705300118,573.0,-6215.0,-15509.0,-72206.0,0.059352300960601,23295727.0,0.72,9.3,30.7,,0.0
경상북도,1999,actual_registered_est,1388690.0,107.9534873142138,393.781010815146,1382655.0,1358458.0,1392356.0,110.61998504226136,128.48673173911172,129.83691481013352,-13205.0,573.0,-18383.0,-72807.0,0.0591994052989625,23457837.0,0.71,9.6,31.2,,0.0
경상북도,2000,actual_registered_est,1390813.0,107.19185908658696,391.8733241602114,1388690.0,1353289.0,1369957.0,107.9534873142138,123.89261146620264,130.52796247526308,-25706.0,-13205.0,-4608.0,-49953.0,0.058766492375871,23666769.0,0.84,10.1,31.8,,0.0
경상북도,2001,actual_registered_est,1383054.0,107.920640420772,386.93238749130086,1390813.0,1364456.0,1368373.0,107.19185908658696,119.63603750820492,131.67234985386384,-21305.0,-25706.0,5548.0,-47308.0,0.0579776013980482,23854971.0,0.77,10.5,32.3,,0.0
경상북도,2002,actual_registered_est,1372748.0,108.6197076792714,380.60375604434864,1383054.0,1376002.0,1366339.0,107.920640420772,114.72852500345392,132.30766776758043,-31278.0,-21305.0,-6215.0,-29832.0,0.0572183914245522,23991377.0,0.58,11.0,32.9,,0.0
경상북도,2003,actual_registered_est,1358050.0,107.812460488831,371.71364202057833,1372748.0,1382655.0,1362931.0,108.6197076792714,110.61998504226136,131.40249202335502,-36833.0,-31278.0,573.0,-15509.0,0.0563018617237386,24120872.0,0.52,11.5,33.5,,0.0
경상북도,2004,actual_registered_est,1342017.0,104.17659629315386,359.1831388845381,1358050.0,1388690.0,1358458.0,107.812460488831,107.9534873142138,128.48673173911172,-26921.0,-36833.0,-13205.0,-18383.0,0.0554306477208049,24210740.0,0.4,12.0,34.1,,0.0
경상북도,2005,actual_registered_est,1332967.0,98.59928667605196,347.8503775924507,1342017.0,1390813.0,1353289.0,104.17659629315386,107.19185908658696,123.89261146620264,-11517.0,-26921.0,-25706.0,-4608.0,0.0549830521785996,24243234.0,0.21,12.5,34.8,,0.0
경상북도,2006,actual_registered_est,1333832.0,92.91912823994264,338.8377288550924,1332967.0,1383054.0,1364456.0,98.59928667605196,107.920640420772,119.63603750820492,-3319.0,-11517.0,-21305.0,5548.0,0.0547335259752935,24369561.0,0.53,13.0,35.4,,0.0
경상북도,2007,actual_registered_est,1329299.0,86.85169220835618,328.7460155012259,1333832.0,1372748.0,1376002.0,92.91912823994264,108.6197076792714,114.72852500345392,-14611.0,-3319.0,-31278.0,-6215.0,0.0542766194701033,24491190.0,0.51,13.5,36.1,,0.0
경상북도,2008,actual_registered_est,1326520.0,82.1173509372699,319.40740394399984,1329299.0,1358050.0,1382655.0,86.85169220835618,107.812460488831,110.61998504226136,-14100.0,-14611.0,-36833.0,573.0,0.0537669798142385,24671648.0,0.76,14.0,36.7,,0.0
경상북도,2009,actual_registered_est,1322133.0,79.637446852428,311.41461037271233,1326520.0,1342017.0,1388690.0,82.1173509372699,104.17659629315386,107.9534873142138,-8307.0,-14100.0,-26921.0,-13205.0,0.0533670300251377,24774341.0,0.51,14.4,37.3,,0.0
경상북도,2010,actual_registered_est,1319210.0,78.76907630178579,305.61929501978506,1322133.0,1332967.0,1390813.0,79.637446852428,98.59928667605196,107.19185908658696,-3552.0,-8307.0,-11517.0,-25706.0,0.0530205359776093,24881114.0,0.5,14.8,37.9,,0.0
경상북도,2011,actual_registered_est,1328334.0,79.64455244011597,305.6019807182599,1319210.0,1333832.0,1383054.0,78.76907630178579,92.91912823994264,107.920640420772,4816.0,-3552.0,-3319.0,-21305.0,0.0529852830890566,25069867.0,0.77,15.0,38.5,,0.0
경상북도,2012,actual_registered_est,1334532.0,81.97496529529892,305.4626885124727,1328334.0,1329299.0,1372748.0,79.64455244011597,86.85169220835618,108.6197076792714,-4860.0,4816.0,-14611.0,-31278.0,0.0529841531751218,25187380.0,0.53,15.6,39.1,,0.0
경상북도,2013,actual_registered_est,1337940.0,84.42037494268162,304.2609710016417,1334532.0,1326520.0,1358050.0,81.97496529529892,82.1173509372699,107.812460488831,-1865.0,-4860.0,-14100.0,-36833.0,0.052913708543681,25285319.0,0.46,16.3,39.7,,0.0
경상북도,2014,actual_registered_est,1344773.0,86.46989155264491,303.36503560490047,1337940.0,1322133.0,1342017.0,84.42037494268162,79.637446852428,104.17659629315386,-988.0,-1865.0,-8307.0,-26921.0,0.0528500267458416,25445077.0,0.63,16.8,40.3,,0.0
경상북도,2015,actual_registered_est,1349606.0,87.6761022761531,299.89807242448165,1344773.0,1319210.0,1332967.0,86.46989155264491,78.76907630178579,98.59928667605196,-577.0,-988.0,-3552.0,-11517.0,0.0527480493743935,25585894.0,0.53,17.5,40.9,,0.0
경상북도,2016,actual_registered_est,1355427.0,88.96199835254627,296.3036076696561,1349606.0,1328334.0,1333832.0,87.6761022761531,79.64455244011597,92.91912823994264,-3151.0,-577.0,4816.0,-3319.0,0.0528000347786129,25670949.0,0.4,18.0,41.4,,0.0
경상북도,2017,actual_registered_est,1351843.0,87.75398669162932,290.73631224831865,1355427.0,1334532.0,1329299.0,88.96199835254627,81.97496529529892,86.85169220835618,-5581.0,-3151.0,-4860.0,-14611.0,0.0525256973547558,25736793.0,0.28,18.8,42.0,19653.0,0.2
경상북도,2018,actual_registered_est,1353879.0,86.68226935643507,288.02838884184627,1351843.0,1337940.0,1326520.0,87.75398669162932,84.42037494268162,82.1173509372699,-9225.0,-5581.0,-1865.0,-14100.0,0.0523588554259431,25857689.0,0.43,19.6,42.6,38260.0,0.4
경상북도,2019,actual_registered_est,1353578.0,84.90242224325286,286.7451466064503,1353879.0,1344773.0,1322133.0,86.68226935643507,86.46989155264491,79.637446852428,-4571.0,-9225.0,-988.0,-8307.0,0.0521636030713824,25948706.0,0.35,20.4,43.1,56737.0,0.6
경상북도,2020,actual_registered_est,1342556.0,83.13389636155254,284.3511865793749,1353578.0,1349606.0,1319210.0,84.90242224325286,87.6761022761531,78.76907630178579,-16978.0,-4571.0,-577.0,-3552.0,0.0517847601165746,25925697.0,0.14,21.8,43.7,75438.0,0.8
경상북도,2021,actual_registered_est,1335572.0,80.09111736290515,278.9686880651443,1342556.0,1355427.0,1328334.0,83.13389636155254,88.96199835254627,79.64455244011597,3337.0,-16978.0,-3151.0,4816.0,0.0516244074770994,25870941.0,-0.13,23.1,44.3,91531.0,1.0
경상북도,2022,actual_registered_est,1329198.0,75.65497135998123,273.812857253649,1335572.0,1351843.0,1334532.0,80.09111736290515,87.75398669162932,81.97496529529892,-7666.0,3337.0,-5581.0,-4860.0,0.0514820157772552,25818686.0,-0.19,24.4,44.9,85769.0,1.0
경상북도,2023,actual_registered_est,1325997.0,71.688041578294,271.45899329577094,1329198.0,1353879.0,1337940.0,75.65497135998123,86.68226935643507,84.42037494268162,-8163.0,-7666.0,-9225.0,-1865.0,0.051276208156818,25859888.0,0.08,25.8,45.5,80551.0,1.0
경상북도,2024,actual_registered_est,1321874.0,68.63815639668246,267.3916306589464,1325997.0,1353578.0,1344773.0,71.688041578294,84.90242224325286,86.46989155264491,-8003.0,-8163.0,-4571.0,-988.0,0.0510834116274763,25876776.0,0.07,27.4,46.1,74551.0,1.0
경상북도,2025,kosis_projection(중위),1315823.0,64.1124199588324,261.6164979455421,1321874.0,1342556.0,1349606.0,68.63815639668246,83.13389636155254,87.6761022761531,-9214.0,-8003.0,-16978.0,-577.0,0.0509260755410375,25837903.0,-0.13,29.3,46.7,67581.0,1.0
경상북도,2026,kosis_projection(중위),1309921.0,59.96523916772766,256.21810688081024,1315823.0,1335572.0,1355427.0,64.1124199588324,80.09111736290515,88.96199835254627,-4342.0,-9214.0,3337.0,-3151.0,0.050781870879733,25795052.0,-0.15,31.3,47.3,63338.0,1.0
경상북도,2027,kosis_projection(중위),1304469.0,58.27846632018178,250.1591787219849,1309921.0,1329198.0,1351843.0,59.96523916772766,75.65497135998123,87.75398669162932,,-4342.0,-7666.0,-5581.0,0.0506527270569728,25753184.0,-0.14,33.0,47.9,62386.0,1.0
경상북도,2028,kosis_projection(중위),1299399.0,58.02569343024594,243.15404843570388,1304469.0,1325997.0,1353879.0,58.27846632018178,71.688041578294,86.68226935643507,,,-8163.0,-9225.0,0.0505369722729781,25711849.0,-0.15,34.8,48.5,61235.0,1.0
경상북도,2029,kosis_projection(중위),1294556.0,57.04384822456366,236.3467860275741,1299399.0,1321874.0,1353578.0,58.02569343024594,68.63815639668246,84.90242224325286,,,-8003.0,-4571.0,0.0504301884916704,25670259.0,-0.15,36.3,49.1,60465.0,1.0
경상북도,2030,kosis_projection(중위),1289797.0,56.78655746416776,230.70192411208043,1294556.0,1315823.0,1342556.0,57.04384822456366,64.1124199588324,83.13389636155254,,,-9214.0,-16978.0,0.0503290771515174,25627273.0,-0.15,38.0,49.7,60996.0,1.0
경상북도,2031,kosis_projection(중위),1285061.0,57.67674265788811,224.823713416262,1289797.0,1309921.0,1335572.0,56.78655746416776,59.96523916772766,80.09111736290515,,,-4342.0,3337.0,0.0502330566372523,25581979.0,-0.16,39.7,50.3,61648.0,1.0
경상북도,2032,kosis_projection(중위),1280274.0,57.92609692461387,219.28171795476405,1285061.0,1304469.0,1329198.0,57.67674265788811,58.27846632018178,75.65497135998123,,,,-7666.0,0.0501402117665092,25533877.0,-0.17,41.4,50.9,61467.0,1.0
경상북도,2033,kosis_projection(중위),1275303.0,57.27306688050199,213.4039006858527,1280274.0,1299399.0,1325997.0,57.92609692461387,58.02569343024594,71.688041578294,,,,-8163.0,0.0500465125770361,25482355.0,-0.19,43.2,51.4,60767.0,1.0
경상북도,2034,kosis_projection(중위),1270057.0,56.78439006459404,208.53631396051563,1275303.0,1294556.0,1321874.0,57.27306688050199,57.04384822456366,68.63815639668246,,,,-8003.0,0.0499500168288606,25426558.0,-0.2,45.5,52.0,60497.0,1.0
경상북도,2035,kosis_projection(중위),1264513.0,56.625337380424384,203.20344307920973,1270057.0,1289797.0,1315823.0,56.78439006459404,56.78655746416776,64.1124199588324,,,,-9214.0,0.0498516155995435,25365537.0,-0.22,47.7,52.5,59688.0,1.0
경상북도,2036,kosis_projection(중위),1258687.0,55.358765906637615,197.38779043233723,1264513.0,1285061.0,1309921.0,56.625337380424384,57.67674265788811,59.96523916772766,,,,-4342.0,0.049752332646417,25299055.0,-0.24,50.1,53.0,57840.0,1.0
경상북도,2037,kosis_projection(중위),1252527.0,53.27162558455866,192.75366799300744,1258687.0,1280274.0,1304469.0,55.358765906637615,57.92609692461387,58.27846632018178,,,,,0.0496505548374493,25226848.0,-0.27,52.4,53.4,54335.0,1.0
경상북도,2038,kosis_projection(중위),1245934.0,50.55832381815519,188.2321684801691,1252527.0,1275303.0,1299399.0,53.27162558455866,57.27306688050199,58.02569343024594,,,,,0.049547710032873,25146147.0,-0.3,54.7,53.9,51182.0,1.0
경상북도,2039,kosis_projection(중위),1238932.0,47.85882356804631,183.14449712201312,1245934.0,1270057.0,1294556.0,50.55832381815519,56.78439006459404,57.04384822456366,,,,,0.0494479604490392,25055270.0,-0.34,57.1,54.3,47116.0,1.0
경상북도,2040,kosis_projection(중위),1231508.0,44.377175932317,178.55163493821388,1238932.0,1264513.0,1289797.0,47.85882356804631,56.625337380424384,56.78655746416776,,,,,0.0493498386332872,24954651.0,-0.38,59.1,54.6,42236.0,1.0
경상북도,2041,kosis_projection(중위),1223685.0,40.74771662827772,173.90960776929367,1231508.0,1258687.0,1285061.0,44.377175932317,55.358765906637615,57.67674265788811,,,,,0.0492540022235212,24844377.0,-0.42,60.9,55.0,37687.0,1.0
경상북도,2042,kosis_projection(중위),1215479.0,37.7848575178019,168.50201430514986,1223685.0,1252527.0,1280274.0,40.74771662827772,53.27162558455866,57.92609692461387,,,,,0.0491599509225162,24724984.0,-0.45,62.6,55.4,34211.0,1.0
경상북도,2043,kosis_projection(중위),1206935.0,35.36945138215985,162.042396271111,1215479.0,1245934.0,1275303.0,37.7848575178019,50.55832381815519,57.27306688050199,,,,,0.0490691004950269,24596640.0,-0.49,64.4,55.7,31116.0,1.0
경상북도,2044,kosis_projection(중위),1198063.0,33.24307585352152,156.18036849196886,1206935.0,1238932.0,1270057.0,35.36945138215985,47.85882356804631,56.78439006459404,,,,,0.0489814599795907,24459520.0,-0.53,66.2,56.0,29102.0,1.0
경상북도,2045,kosis_projection(중위),1188826.0,31.47200032315752,150.4891763395313,1198063.0,1231508.0,1264513.0,33.24307585352152,44.377175932317,56.625337380424384,,,,,0.0488950748543451,24313819.0,-0.58,68.4,56.4,27891.0,1.0
경상북도,2046,kosis_projection(중위),1179182.0,30.14632495249825,144.23214705502622,1188826.0,1223685.0,1258687.0,31.47200032315752,40.74771662827772,55.358765906637615,,,,,0.0488094081073531,24158908.0,-0.62,70.7,56.7,21786.0,0.8
경상북도,2047,kosis_projection(중위),1169113.0,29.424990135098508,138.4127898154487,1179182.0,1215479.0,1252527.0,30.14632495249825,37.7848575178019,53.27162558455866,,,,,0.0487242685502117,23994470.0,-0.67,72.9,57.0,16009.0,0.6
경상북도,2048,kosis_projection(중위),1158629.0,29.25887643909744,133.0535158099541,1169113.0,1206935.0,1245934.0,29.424990135098508,35.36945138215985,50.55832381815519,,,,,0.0486397989370207,23820596.0,-0.72,74.9,57.3,10719.0,0.4
경상북도,2049,kosis_projection(중위),1147738.0,29.62270112263068,128.5923927874018,1158629.0,1198063.0,1238932.0,29.25887643909744,33.24307585352152,47.85882356804631,,,,,0.0485569518395884,23636945.0,-0.77,76.3,57.7,5362.0,0.2
경상북도,2050,kosis_projection(중위),1136445.0,30.42240106170536,124.1028002682079,1147738.0,1188826.0,1231508.0,29.62270112263068,31.47200032315752,44.377175932317,,,,,0.0484763195901328,23443302.0,-0.82,77.3,58.1,,0.0
경상북도,2051,kosis_projection(중위),1124792.0,31.35849245734751,120.04661286714442,1136445.0,1179182.0,1223685.0,30.42240106170536,30.14632495249825,40.74771662827772,,,,,0.0483984445779006,23240251.0,-0.87,78.4,58.4,,0.0
경상북도,2052,kosis_projection(중위),1112804.0,32.17874543162279,117.14717691491072,1124792.0,1169113.0,1215479.0,31.35849245734751,29.424990135098508,37.7848575178019,,,,,0.0483230888868932,23028412.0,-0.92,79.3,58.8,,0.0
광주광역시,1970,actual_registered_est,334990.0,24.974649564491408,79.29020528555577,,,,,,,0.0,,,,0.0205406875032306,16308607.0,2.18,5.7,18.5,,0.0
광주광역시,1971,actual_registered_est,345698.0,25.95377074617153,81.29709491167559,334990.0,,,24.974649564491408,,,0.0,0.0,,,0.0207640343941371,16648884.0,1.97,5.8,18.6,,0.0
광주광역시,1972,actual_registered_est,355991.0,27.117763219448847,83.82457494727014,345698.0,,,25.95377074617153,,,0.0,0.0,,,0.0209956829189549,16955438.0,1.88,5.6,18.7,,0.0
광주광역시,1973,actual_registered_est,365368.0,27.892499811643447,86.38014279798126,355991.0,,,27.117763219448847,,,0.0,0.0,,,0.0211993389915112,17234877.0,1.77,5.6,18.9,,0.0
광주광역시,1974,actual_registered_est,374445.0,29.090777796254883,89.64293626440225,365368.0,,,27.892499811643447,,,0.0,0.0,,,0.0213794811222855,17514223.0,1.71,5.7,19.2,,0.0
광주광역시,1975,actual_registered_est,382372.0,31.31300994722861,93.15674719383652,374445.0,334990.0,,29.090777796254883,24.974649564491408,,0.0,0.0,0.0,,0.0215228921500309,17765828.0,1.68,6.0,19.6,,0.0
광주광역시,1976,actual_registered_est,395686.0,34.60552711422586,98.4620165015956,382372.0,345698.0,,31.31300994722861,25.95377074617153,,0.0,0.0,0.0,,0.0219113400485078,18058503.0,1.6,6.0,20.0,,0.0
광주광역시,1977,actual_registered_est,408888.0,37.38683327622207,104.00944378379384,395686.0,355991.0,,34.60552711422586,27.117763219448847,,0.0,0.0,0.0,,0.0222834339795882,18349416.0,1.56,6.0,20.5,,0.0
광주광역시,1978,actual_registered_est,421898.0,40.11268249277773,110.22228243595362,408888.0,365368.0,,37.38683327622207,27.892499811643447,,0.0,0.0,0.0,,0.0226373477552004,18637254.0,1.52,6.0,20.9,,0.0
광주광역시,1979,actual_registered_est,434667.0,42.786469670991785,116.99623169779348,421898.0,374445.0,,40.11268249277773,29.090777796254883,,0.0,0.0,0.0,,0.0229625817797019,18929361.0,1.52,6.1,21.4,,0.0
광주광역시,1980,actual_registered_est,447412.0,45.056856420712194,123.76609540524964,434667.0,382372.0,334990.0,42.786469670991785,31.31300994722861,24.974649564491408,0.0,0.0,0.0,0.0,0.0232594167439187,19235736.0,1.56,6.1,21.8,,0.0
광주광역시,1981,actual_registered_est,466645.0,48.20539028366784,132.5636448175574,447412.0,395686.0,345698.0,45.056856420712194,34.60552711422586,25.95377074617153,0.0,0.0,0.0,0.0,0.0238868060901898,19535680.0,1.56,6.2,22.2,,0.0
광주광역시,1982,actual_registered_est,486315.0,50.70313936422557,140.60863477289425,466645.0,408888.0,355991.0,48.20539028366784,37.38683327622207,27.117763219448847,0.0,0.0,0.0,0.0,0.0245150673032019,19837392.0,1.55,6.3,22.7,,0.0
광주광역시,1983,actual_registered_est,504769.0,52.1374051612796,147.8131896618606,486315.0,421898.0,365368.0,50.70313936422557,40.11268249277773,27.892499811643447,0.0,0.0,0.0,0.0,0.025076555756039,20129120.0,1.47,6.3,23.2,,0.0
광주광역시,1984,actual_registered_est,519839.0,52.50218401119316,154.1088879287099,504769.0,434667.0,374445.0,52.1374051612796,42.786469670991785,29.090777796254883,0.0,0.0,0.0,0.0,0.0255133514190675,20375175.0,1.23,6.4,23.8,,0.0
광주광역시,1985,actual_registered_est,533844.0,52.48276395569573,160.02204669543772,519839.0,447412.0,382372.0,52.50218401119316,45.056856420712194,31.31300994722861,0.0,0.0,0.0,0.0,0.0259454888314314,20575600.0,0.98,6.5,24.3,,0.0
광주광역시,1986,actual_registered_est,538012.0,52.04919588016572,164.12128235778331,533844.0,466645.0,395686.0,52.48276395569573,48.20539028366784,34.60552711422586,15848.0,0.0,0.0,0.0,0.0259008317784756,20771997.0,0.99,6.6,24.8,,0.0
광주광역시,1987,actual_registered_est,540102.0,51.31932979224965,166.5227751588655,538012.0,486315.0,408888.0,52.04919588016572,50.70313936422557,37.38683327622207,7381.0,15848.0,0.0,0.0,0.0257682497788642,20959980.0,0.99,6.7,25.4,,0.0
광주광역시,1988,actual_registered_est,544197.0,50.86595855275253,169.94986888990542,540102.0,504769.0,421898.0,51.31932979224965,52.1374051612796,40.11268249277773,22890.0,7381.0,0.0,0.0,0.0257239984106054,21155226.0,0.98,6.9,25.9,,0.0
광주광역시,1989,actual_registered_est,553997.0,51.6601079709999,174.6488183101779,544197.0,519839.0,434667.0,50.86595855275253,52.50218401119316,42.786469670991785,29175.0,22890.0,0.0,0.0,0.0259393599095844,21357389.0,0.99,7.0,26.4,,0.0
광주광역시,1990,actual_registered_est,565805.0,53.909264165456456,180.5329509800887,553997.0,533844.0,447412.0,51.6601079709999,52.48276395569573,45.056856420712194,28477.0,29175.0,0.0,0.0,0.0262333202786085,21568181.0,0.99,7.4,27.0,,0.0
광주광역시,1991,actual_registered_est,579797.0,55.791245097806446,185.0328653993654,565805.0,538012.0,466645.0,53.909264165456456,52.04919588016572,48.20539028366784,36037.0,28477.0,15848.0,0.0,0.0266158322145414,21783914.0,0.99,7.5,27.5,,0.0
광주광역시,1992,actual_registered_est,594201.0,57.53868439323189,188.881711196758,579797.0,540102.0,486315.0,55.791245097806446,51.31932979224965,50.70313936422557,21537.0,36037.0,7381.0,0.0,0.0269923826824759,22013655.0,1.04,7.7,27.9,,0.0
광주광역시,1993,actual_registered_est,608582.0,58.67442401747224,191.62679716951143,594201.0,544197.0,504769.0,57.53868439323189,50.86595855275253,52.1374051612796,8381.0,21537.0,22890.0,0.0,0.0273611564571226,22242554.0,1.02,7.9,28.4,,0.0
광주광역시,1994,actual_registered_est,622906.0,58.91618005170798,193.14380263944125,608582.0,553997.0,519839.0,58.67442401747224,51.6601079709999,52.50218401119316,10164.0,8381.0,29175.0,0.0,0.0277185943208088,22472496.0,1.01,8.1,28.8,,0.0
광주광역시,1995,actual_registered_est,637092.0,58.32530348227612,193.70261492344096,622906.0,565805.0,533844.0,58.91618005170798,53.909264165456456,52.48276395569573,-4021.0,10164.0,28477.0,0.0,0.02805913977287,22705329.0,1.01,8.3,29.3,,0.0
광주광역시,1996,actual_registered_est,646084.0,56.64889865078175,192.0159054850701,637092.0,579797.0,538012.0,58.32530348227612,55.791245097806446,52.04919588016572,90.0,-4021.0,36037.0,15848.0,0.0281831081071649,22924512.0,0.95,8.6,29.8,,0.0
광주광역시,1997,actual_registered_est,658284.0,54.88651350315891,191.8849873995752,646084.0,594201.0,540102.0,56.64889865078175,57.53868439323189,51.31932979224965,7425.0,90.0,21537.0,7381.0,0.0284379377790618,23148092.0,0.94,8.9,30.3,,0.0
광주광역시,1998,actual_registered_est,669731.0,53.58215404590352,191.96728110079565,658284.0,608582.0,544197.0,54.88651350315891,58.67442401747224,50.86595855275253,2513.0,7425.0,8381.0,22890.0,0.0287490920545214,23295727.0,0.72,9.3,30.7,,0.0
광주광역시,1999,actual_registered_est,680305.0,52.88530715083728,192.9092818142263,669731.0,622906.0,553997.0,53.58215404590352,58.91618005170798,51.6601079709999,2853.0,2513.0,10164.0,29175.0,0.0290011819930371,23457837.0,0.71,9.6,31.2,,0.0
광주광역시,2000,actual_registered_est,691174.0,53.269724982663135,194.74411941296924,680305.0,637092.0,565805.0,52.88530715083728,58.32530348227612,53.909264165456456,-14.0,2853.0,-4021.0,28477.0,0.0292044089330487,23666769.0,0.84,10.1,31.8,,0.0
광주광역시,2001,actual_registered_est,700979.0,54.69786617262402,196.1105481429247,691174.0,646084.0,579797.0,53.269724982663135,56.64889865078175,55.791245097806446,-121.0,-14.0,90.0,36037.0,0.0293850283867458,23854971.0,0.77,10.5,32.3,,0.0
광주광역시,2002,actual_registered_est,710702.0,56.23482495481585,197.04698213235832,700979.0,658284.0,594201.0,54.69786617262402,54.88651350315891,57.53868439323189,4355.0,-121.0,7425.0,21537.0,0.0296232267118306,23991377.0,0.58,11.0,32.9,,0.0
광주광역시,2003,actual_registered_est,716268.0,56.86286620478923,196.050651259376,710702.0,669731.0,608582.0,56.23482495481585,53.58215404590352,58.67442401747224,-9687.0,4355.0,2513.0,8381.0,0.0296949463518566,24120872.0,0.52,11.5,33.5,,0.0
광주광역시,2004,actual_registered_est,721981.0,56.04513442700615,193.2340661817232,716268.0,680305.0,622906.0,56.86286620478923,52.88530715083728,58.91618005170798,-3148.0,-9687.0,2853.0,10164.0,0.0298206911478129,24210740.0,0.4,12.0,34.1,,0.0
광주광역시,2005,actual_registered_est,722348.0,53.43192857127954,188.5035597679099,721981.0,691174.0,637092.0,56.04513442700615,53.269724982663135,58.32530348227612,-7333.0,-3148.0,-14.0,-4021.0,0.0297958597437949,24243234.0,0.21,12.5,34.8,,0.0
광주광역시,2006,actual_registered_est,723652.0,50.41198066105099,183.8316970663812,722348.0,700979.0,646084.0,53.43192857127954,54.69786617262402,56.64889865078175,-2730.0,-7333.0,-121.0,90.0,0.0296949132567468,24369561.0,0.53,13.0,35.4,,0.0
광주광역시,2007,actual_registered_est,727455.0,47.52933520256147,179.90529798521197,723652.0,710702.0,658284.0,50.41198066105099,56.23482495481585,54.88651350315891,-4143.0,-2730.0,4355.0,7425.0,0.0297027216725687,24491190.0,0.51,13.5,36.1,,0.0
광주광역시,2008,actual_registered_est,731070.0,45.25640906259228,176.0313985475831,727455.0,716268.0,669731.0,47.52933520256147,56.86286620478923,53.58215404590352,447.0,-4143.0,-9687.0,2513.0,0.0296319889129416,24671648.0,0.76,14.0,36.7,,0.0
광주광역시,2009,actual_registered_est,737110.0,44.39913265109728,173.61855687123006,731070.0,721981.0,680305.0,45.25640906259228,56.04513442700615,52.88530715083728,3108.0,447.0,-3148.0,2853.0,0.0297529609364785,24774341.0,0.51,14.4,37.3,,0.0
광주광역시,2010,actual_registered_est,743895.0,44.41743317251759,172.33697854681438,737110.0,722348.0,691174.0,44.39913265109728,53.43192857127954,53.269724982663135,3531.0,3108.0,-7333.0,-14.0,0.0298979780406938,24881114.0,0.5,14.8,37.9,,0.0
광주광역시,2011,actual_registered_est,748229.0,44.86248475738447,172.1406396515055,743895.0,723652.0,700979.0,44.41743317251759,50.41198066105099,54.69786617262402,1279.0,3531.0,-2730.0,-121.0,0.0298457506774966,25069867.0,0.77,15.0,38.5,,0.0
광주광역시,2012,actual_registered_est,748890.0,46.001318634544845,171.41436308766345,748229.0,727455.0,710702.0,44.86248475738447,47.52933520256147,56.23482495481585,-1825.0,1279.0,-4143.0,4355.0,0.0297327471138324,25187380.0,0.53,15.6,39.1,,0.0
광주광역시,2013,actual_registered_est,748772.0,47.245476618220245,170.27826044429588,748890.0,731070.0,716268.0,46.001318634544845,45.25640906259228,56.86286620478923,-2592.0,-1825.0,447.0,-9687.0,0.0296129149092404,25285319.0,0.46,16.3,39.7,,0.0
광주광역시,2014,actual_registered_est,749276.0,48.17899709690749,169.0278882888766,748772.0,737110.0,721981.0,47.245476618220245,44.39913265109728,56.04513442700615,-2977.0,-2592.0,3108.0,-3148.0,0.0294467963292074,25445077.0,0.63,16.8,40.3,,0.0
광주광역시,2015,actual_registered_est,750248.0,48.73927678187509,166.7137883503204,749276.0,743895.0,722348.0,48.17899709690749,44.41743317251759,53.43192857127954,-9272.0,-2977.0,3531.0,-7333.0,0.0293227197767644,25585894.0,0.53,17.5,40.9,,0.0
광주광역시,2016,actual_registered_est,747452.0,49.058210875692616,163.39701375278773,750248.0,748229.0,723652.0,48.73927678187509,44.86248475738447,50.41198066105099,-7898.0,-9272.0,1279.0,-2730.0,0.029116648550858,25670949.0,0.4,18.0,41.4,,0.0
광주광역시,2017,actual_registered_est,744386.0,48.321320698805394,160.09258510735114,747452.0,748890.0,727455.0,49.058210875692616,46.001318634544845,47.52933520256147,-8118.0,-7898.0,-1825.0,-4143.0,0.0289230285995617,25736793.0,0.28,18.8,42.0,11192.0,0.2
광주광역시,2018,actual_registered_est,741160.0,47.45286008292869,157.67666141067463,744386.0,748772.0,731070.0,48.321320698805394,47.245476618220245,45.25640906259228,-6216.0,-8118.0,-2592.0,447.0,0.0286630410010732,25857689.0,0.43,19.6,42.6,21980.0,0.4
광주광역시,2019,actual_registered_est,741181.0,46.490163271474856,157.01352600804344,741160.0,749276.0,737110.0,47.45286008292869,48.17899709690749,44.39913265109728,-3875.0,-6216.0,-2977.0,3108.0,0.0285633125597862,25948706.0,0.35,20.4,43.1,31995.0,0.6
광주광역시,2020,actual_registered_est,735215.0,45.52606193965753,155.71734634604078,741181.0,750248.0,743895.0,46.490163271474856,48.73927678187509,44.41743317251759,-6083.0,-3875.0,-9272.0,3531.0,0.0283585432630798,25925697.0,0.14,21.8,43.7,43058.0,0.8
광주광역시,2021,actual_registered_est,732627.0,43.93392122643565,153.0280606594796,735215.0,747452.0,748229.0,45.52606193965753,49.058210875692616,44.86248475738447,-5883.0,-6083.0,-7898.0,1279.0,0.0283185292718962,25870941.0,-0.13,23.1,44.3,52534.0,1.0
광주광역시,2022,actual_registered_est,728987.0,41.49230634322248,150.17026309907615,732627.0,744386.0,748890.0,43.93392122643565,48.321320698805394,46.001318634544845,-7642.0,-5883.0,-8118.0,-1825.0,0.0282348605967011,25818686.0,-0.19,24.4,44.9,49745.0,1.0
광주광역시,2023,actual_registered_est,726313.0,39.26702439210303,148.69128346265583,728987.0,741160.0,748772.0,41.49230634322248,47.45286008292869,47.245476618220245,-9017.0,-7642.0,-6216.0,-2592.0,0.0280864712175087,25859888.0,0.08,25.8,45.5,47375.0,1.0
광주광역시,2024,actual_registered_est,722352.0,37.508045055320224,146.11897895695898,726313.0,741181.0,749276.0,39.26702439210303,46.490163271474856,48.17899709690749,-7962.0,-9017.0,-3875.0,-2977.0,0.0279150694816077,25876776.0,0.07,27.4,46.1,44993.0,1.0
광주광역시,2025,kosis_projection(중위),717786.0,34.9735469531772,142.71270497197486,722352.0,735215.0,750248.0,37.508045055320224,45.52606193965753,48.73927678187509,-13678.0,-7962.0,-6083.0,-9272.0,0.0277803504409781,25837903.0,-0.13,29.3,46.7,40901.0,1.0
광주광역시,2026,kosis_projection(중위),713035.0,32.64113966411768,139.46831743269902,717786.0,732627.0,747452.0,34.9735469531772,43.93392122643565,49.058210875692616,-5817.0,-13678.0,-5883.0,-7898.0,0.0276423168288243,25795052.0,-0.15,31.3,47.3,38586.0,1.0
광주광역시,2027,kosis_projection(중위),708403.0,31.64861746550952,135.85107249324457,713035.0,728987.0,744386.0,32.64113966411768,41.49230634322248,48.321320698805394,,-5817.0,-7642.0,-8118.0,0.027507394813783,25753184.0,-0.14,33.0,47.9,37874.0,1.0
광주광역시,2028,kosis_projection(중위),703914.0,31.433838232335216,131.72207986197472,708403.0,726313.0,741160.0,31.64861746550952,39.26702439210303,47.45286008292869,,,-9017.0,-6216.0,0.0273770276108886,25711849.0,-0.15,34.8,48.5,36529.0,1.0
광주광역시,2029,kosis_projection(중위),699562.0,30.825787800351787,127.71887066069124,703914.0,722352.0,741181.0,31.433838232335216,37.508045055320224,46.490163271474856,,,-7962.0,-3875.0,0.0272518481406829,25670259.0,-0.15,36.3,49.1,35634.0,1.0
광주광역시,2030,kosis_projection(중위),695308.0,30.61268377682345,124.36755043663648,699562.0,717786.0,735215.0,30.825787800351787,34.9735469531772,45.52606193965753,,,-13678.0,-6083.0,0.0271315640957974,25627273.0,-0.15,38.0,49.7,35932.0,1.0
광주광역시,2031,kosis_projection(중위),691124.0,31.01936880248507,120.91337618299885,695308.0,713035.0,732627.0,30.61268377682345,32.64113966411768,43.93392122643565,,,-5817.0,-5883.0,0.0270160490711058,25581979.0,-0.16,39.7,50.3,35958.0,1.0
광주광역시,2032,kosis_projection(중위),686992.0,31.083006589553747,117.66605115872014,691124.0,708403.0,728987.0,31.01936880248507,31.64861746550952,41.49230634322248,,,,-7642.0,0.02690511903069,25533877.0,-0.17,41.4,50.9,35716.0,1.0
광주광역시,2033,kosis_projection(중위),682877.0,30.6675825997089,114.26979744315904,686992.0,703914.0,726313.0,31.083006589553747,31.433838232335216,39.26702439210303,,,,-9017.0,0.026798033384277,25482355.0,-0.19,43.2,51.4,35172.0,1.0
광주광역시,2034,kosis_projection(중위),678739.0,30.3464963604409,111.44517860320158,682877.0,699562.0,722352.0,30.6675825997089,30.825787800351787,37.508045055320224,,,,-7962.0,0.0266940967786516,25426558.0,-0.2,45.5,52.0,34973.0,1.0
광주광역시,2035,kosis_projection(중위),674575.0,30.207706020736666,108.40217745104869,678739.0,695308.0,717786.0,30.3464963604409,30.61268377682345,34.9735469531772,,,,-13678.0,0.0265941541075988,25365537.0,-0.22,47.7,52.5,34132.0,1.0
광주광역시,2036,kosis_projection(중위),670388.0,29.48457587837086,105.13050985062505,674575.0,691124.0,713035.0,30.207706020736666,31.01936880248507,32.64113966411768,,,,-5817.0,0.0264985391746845,25299055.0,-0.24,50.1,53.0,32813.0,1.0
광주광역시,2037,kosis_projection(중위),666141.0,28.33185547179701,102.5136553148395,670388.0,686992.0,708403.0,29.48457587837086,31.083006589553747,31.64861746550952,,,,,0.0264060337621251,25226848.0,-0.27,52.4,53.4,30630.0,1.0
광주광역시,2038,kosis_projection(중위),661796.0,26.85479043798454,99.982259230025,666141.0,682877.0,703914.0,28.33185547179701,30.6675825997089,31.433838232335216,,,,,0.0263179881991463,25146147.0,-0.3,54.7,53.9,28807.0,1.0
광주광역시,2039,kosis_projection(중위),657317.0,25.391561709018333,97.16755351766707,661796.0,678739.0,699562.0,26.85479043798454,30.3464963604409,30.825787800351787,,,,,0.026234680368641,25055270.0,-0.34,57.1,54.3,26476.0,1.0
광주광역시,2040,kosis_projection(중위),652680.0,23.519209934084607,94.629576983238,657317.0,674575.0,695308.0,25.391561709018333,30.207706020736666,30.61268377682345,,,,,0.0261546434770816,24954651.0,-0.38,59.1,54.6,23715.0,1.0
광주광역시,2041,kosis_projection(중위),647912.0,21.574943368645258,92.08098635598098,652680.0,670388.0,691124.0,23.519209934084607,29.48457587837086,31.01936880248507,,,,,0.0260788185592256,24844377.0,-0.42,60.9,55.0,21910.0,1.0
광주광역시,2042,kosis_projection(중위),643012.0,19.98892354556256,89.14083848621243,647912.0,666141.0,686992.0,21.574943368645258,28.33185547179701,31.083006589553747,,,,,0.0260065689021275,24724984.0,-0.45,62.6,55.4,20495.0,1.0
광주광역시,2043,kosis_projection(중위),637986.0,18.69629666013384,85.65563201615747,643012.0,661796.0,682877.0,19.98892354556256,26.85479043798454,30.6675825997089,,,,,0.0259379329859688,24596640.0,-0.49,64.4,55.7,18931.0,1.0
광주광역시,2044,kosis_projection(중위),632845.0,17.55977301571105,82.4981368244408,637986.0,657317.0,678739.0,18.69629666013384,25.391561709018333,30.3464963604409,,,,,0.025873156954838,24459520.0,-0.53,66.2,56.0,17767.0,1.0
광주광역시,2045,kosis_projection(중위),627568.0,16.6137183227851,79.44155950243938,632845.0,652680.0,674575.0,17.55977301571105,23.519209934084607,30.207706020736666,,,,,0.0258111652472201,24313819.0,-0.58,68.4,56.4,17399.0,1.0
광주광역시,2046,kosis_projection(중위),622121.0,15.904806743804745,76.09499429097455,627568.0,647912.0,670388.0,16.6137183227851,21.574943368645258,29.48457587837086,,,,,0.0257512053111009,24158908.0,-0.62,70.7,56.7,13336.0,0.8
광주광역시,2047,kosis_projection(중위),616515.0,15.516847210783096,72.99000277395884,622121.0,643012.0,666141.0,15.904806743804745,19.98892354556256,28.33185547179701,,,,,0.0256940453362795,23994470.0,-0.67,72.9,57.0,9485.0,0.6
광주광역시,2048,kosis_projection(중위),610755.0,15.423405662693543,70.13729161665081,616515.0,637986.0,661796.0,15.516847210783096,18.69629666013384,26.85479043798454,,,,,0.0256397866787212,23820596.0,-0.72,74.9,57.3,6343.0,0.4
광주광역시,2049,kosis_projection(중위),604791.0,15.609436155862165,67.760692619993,610755.0,632845.0,657317.0,15.423405662693543,17.55977301571105,25.391561709018333,,,,,0.0255866822044896,23636945.0,-0.77,76.3,57.7,3299.0,0.2
광주광역시,2050,kosis_projection(중위),598600.0,16.0244000154313,65.36870349251328,604791.0,627568.0,652680.0,15.609436155862165,16.6137183227851,23.519209934084607,,,,,0.0255339456873438,23443302.0,-0.82,77.3,58.1,,0.0
광주광역시,2051,kosis_projection(중위),592236.0,16.511166632559316,63.208064973778384,598600.0,622121.0,647912.0,16.0244000154313,15.904806743804745,21.574943368645258,,,,,0.0254832015368508,23240251.0,-0.87,78.4,58.4,,0.0
광주광역시,2052,kosis_projection(중위),585681.0,16.936028090425864,61.655849298440536,592236.0,616515.0,643012.0,16.511166632559316,15.516847210783096,19.98892354556256,,,,,0.0254329738411836,23028412.0,-0.92,79.3,58.8,,0.0
대구광역시,1970,actual_registered_est,648857.0,48.374507276238695,153.5807180243287,,,,,,,0.0,,,,0.0397861693521709,16308607.0,2.18,5.7,18.5,,0.0
대구광역시,1971,actual_registered_est,674467.0,50.63657265549142,158.61303135625053,648857.0,,,48.374507276238695,,,0.0,0.0,,,0.0405112438767667,16648884.0,1.97,5.8,18.6,,0.0
대구광역시,1972,actual_registered_est,699718.0,53.301311112882935,164.76136737432677,674467.0,,,50.63657265549142,,,0.0,0.0,,,0.0412680580708089,16955438.0,1.88,5.6,18.7,,0.0
대구광역시,1973,actual_registered_est,723553.0,55.2366433738424,171.0620838768248,699718.0,,,53.301311112882935,,,0.0,0.0,,,0.0419819068044407,17234877.0,1.77,5.6,18.9,,0.0
대구광역시,1974,actual_registered_est,747312.0,58.0589601583005,178.9080959436579,723553.0,,,55.2366433738424,,,0.0,0.0,,,0.0426688640426697,17514223.0,1.71,5.7,19.2,,0.0
대구광역시,1975,actual_registered_est,769601.0,63.02376682496911,187.49679839821897,747312.0,648857.0,,58.0589601583005,48.374507276238695,,0.0,0.0,0.0,,0.0433191743159958,17765828.0,1.68,6.0,19.6,,0.0
대구광역시,1976,actual_registered_est,804532.0,70.36198890095267,200.1987511816484,769601.0,674467.0,,63.02376682496911,50.63657265549142,,0.0,0.0,0.0,,0.0445514226732969,18058503.0,1.6,6.0,20.0,,0.0
대구광역시,1977,actual_registered_est,839571.0,76.76650085243645,213.5629138712889,804532.0,699718.0,,70.36198890095267,53.301311112882935,,0.0,0.0,0.0,,0.0457546441805014,18349416.0,1.56,6.0,20.5,,0.0
대구광역시,1978,actual_registered_est,874805.0,83.17359932517911,228.545771220495,839571.0,723553.0,,76.76650085243645,55.2366433738424,,0.0,0.0,0.0,,0.0469385135814535,18637254.0,1.52,6.0,20.9,,0.0
대구광역시,1979,actual_registered_est,910337.0,89.60907186623703,245.02894992045452,874805.0,747312.0,,83.17359932517911,58.0589601583005,,0.0,0.0,0.0,,0.0480912694305951,18929361.0,1.52,6.1,21.4,,0.0
대구광역시,1980,actual_registered_est,946716.0,95.33952348884463,261.8869024024306,910337.0,769601.0,648857.0,89.60907186623703,63.02376682496911,48.374507276238695,0.0,0.0,0.0,0.0,0.0492165207507526,19235736.0,1.56,6.1,21.8,,0.0
대구광역시,1981,actual_registered_est,971818.0,100.3908023758821,276.07225231023364,946716.0,804532.0,674467.0,95.33952348884463,70.36198890095267,50.63657265549142,32475.0,0.0,0.0,0.0,0.0497457984569771,19535680.0,1.56,6.2,22.2,,0.0
대구광역시,1982,actual_registered_est,998496.0,104.10306456231407,288.69592627452533,971818.0,839571.0,699718.0,100.3908023758821,76.76650085243645,53.301311112882935,31951.0,32475.0,0.0,0.0,0.0503340358450344,19837392.0,1.55,6.3,22.7,,0.0
대구광역시,1983,actual_registered_est,1023291.0,105.69535265614758,299.6537161796287,998496.0,874805.0,723553.0,104.10306456231407,83.17359932517911,55.2366433738424,25436.0,31951.0,0.0,0.0,0.0508363505210361,20129120.0,1.47,6.3,23.2,,0.0
대구광역시,1984,actual_registered_est,1044853.0,105.52702754246452,309.7519306534837,1023291.0,910337.0,747312.0,105.69535265614758,89.60907186623703,58.0589601583005,27759.0,25436.0,0.0,0.0,0.0512806883867255,20375175.0,1.23,6.4,23.8,,0.0
대구광역시,1985,actual_registered_est,1063136.0,104.51801601367164,318.6796117135359,1044853.0,946716.0,769601.0,105.52702754246452,95.33952348884463,63.02376682496911,20801.0,27759.0,0.0,0.0,0.0516697447462042,20575600.0,0.98,6.5,24.3,,0.0
대구광역시,1986,actual_registered_est,1080668.0,104.5476688501872,329.65922314561936,1063136.0,971818.0,804532.0,104.51801601367164,100.3908023758821,70.36198890095267,20273.0,20801.0,32475.0,0.0,0.0520252337798816,20771997.0,0.99,6.6,24.8,,0.0
대구광역시,1987,actual_registered_est,1097913.0,104.32133065642822,338.50554088486155,1080668.0,998496.0,839571.0,104.5476688501872,104.10306456231407,76.76650085243645,20683.0,20273.0,31951.0,0.0,0.0523813954020948,20959980.0,0.99,6.7,25.4,,0.0
대구광역시,1988,actual_registered_est,1115752.0,104.2890625768807,348.44349769228745,1097913.0,1023291.0,874805.0,104.32133065642822,105.69535265614758,83.17359932517911,21072.0,20683.0,25436.0,0.0,0.0527411997394875,21155226.0,0.98,6.9,25.9,,0.0
대구광역시,1989,actual_registered_est,1134837.0,105.82332025170824,357.75995361828194,1115752.0,1044853.0,910337.0,104.2890625768807,105.52702754246452,89.60907186623703,22640.0,21072.0,27759.0,0.0,0.0531355682101402,21357389.0,0.99,7.0,26.4,,0.0
대구광역시,1990,actual_registered_est,1149109.0,109.485813373695,366.6493558165423,1134837.0,1063136.0,946716.0,105.82332025170824,104.51801601367164,95.33952348884463,-1477.0,22640.0,20801.0,0.0,0.053277974623822,21568181.0,0.99,7.4,27.0,,0.0
대구광역시,1991,actual_registered_est,1170687.0,112.6499194542499,373.6058829138248,1149109.0,1080668.0,971818.0,109.485813373695,104.5476688501872,100.3908023758821,2464.0,-1477.0,20273.0,32475.0,0.0537408933950069,21783914.0,0.99,7.5,27.5,,0.0
대구광역시,1992,actual_registered_est,1192103.0,115.43575032897104,378.9398781940602,1170687.0,1097913.0,998496.0,112.6499194542499,104.32133065642822,104.10306456231407,676.0,2464.0,20683.0,31951.0,0.0541528882868383,22013655.0,1.04,7.7,27.9,,0.0
대구광역시,1993,actual_registered_est,1212555.0,116.90448651867136,381.8023389483701,1192103.0,1115752.0,1023291.0,115.43575032897104,104.2890625768807,105.69535265614758,-177.0,676.0,21072.0,25436.0,0.0545150975018426,22242554.0,1.02,7.9,28.4,,0.0
대구광역시,1994,actual_registered_est,1232177.0,116.54272392234684,382.0598152929316,1212555.0,1134837.0,1044853.0,116.90448651867136,105.82332025170824,105.52702754246452,6935.0,-177.0,22640.0,27759.0,0.0548304469605868,22472496.0,1.01,8.1,28.8,,0.0
대구광역시,1995,actual_registered_est,1251093.0,114.53664291742994,380.3846000458529,1232177.0,1149109.0,1063136.0,116.54272392234684,109.485813373695,104.51801601367164,-3279.0,6935.0,-1477.0,20801.0,0.0551012936214225,22705329.0,1.01,8.3,29.3,,0.0
대구광역시,1996,actual_registered_est,1257498.0,110.25791809665732,373.72790088543394,1251093.0,1170687.0,1080668.0,114.53664291742994,112.6499194542499,104.5476688501872,-21740.0,-3279.0,2464.0,20273.0,0.0548538612294124,22924512.0,0.95,8.6,29.8,,0.0
대구광역시,1997,actual_registered_est,1260661.0,105.11160380535728,367.4734918365567,1257498.0,1192103.0,1097913.0,110.25791809665732,115.43575032897104,104.32133065642822,-14527.0,-21740.0,676.0,20683.0,0.0544606872998431,23148092.0,0.94,8.9,30.3,,0.0
대구광역시,1998,actual_registered_est,1262153.0,100.97916398598731,361.7752198169303,1260661.0,1212555.0,1115752.0,105.11160380535728,116.90448651867136,104.2890625768807,-11838.0,-14527.0,-177.0,21072.0,0.0541795926780907,23295727.0,0.72,9.3,30.7,,0.0
대구광역시,1999,actual_registered_est,1266680.0,98.46871750438784,359.1834972379214,1262153.0,1232177.0,1134837.0,100.97916398598731,116.54272392234684,105.82332025170824,-6867.0,-11838.0,6935.0,22640.0,0.0539981584832395,23457837.0,0.71,9.6,31.2,,0.0
대구광역시,2000,actual_registered_est,1275668.0,98.31747653873542,359.43024668651253,1266680.0,1251093.0,1149109.0,98.46871750438784,114.53664291742994,109.485813373695,-3352.0,-6867.0,-3279.0,-1477.0,0.0539012317228431,23666769.0,0.84,10.1,31.8,,0.0
대구광역시,2001,actual_registered_est,1278630.0,99.77236496999518,357.7180345944569,1275668.0,1257498.0,1170687.0,98.31747653873542,110.25791809665732,112.6499194542499,-14233.0,-3352.0,-21740.0,2464.0,0.0536001490003907,23854971.0,0.77,10.5,32.3,,0.0
대구광역시,2002,actual_registered_est,1276142.0,100.97568599425443,353.8190829241398,1278630.0,1260661.0,1192103.0,99.77236496999518,105.11160380535728,115.43575032897104,-9641.0,-14233.0,-14527.0,676.0,0.0531916946659626,23991377.0,0.58,11.0,32.9,,0.0
대구광역시,2003,actual_registered_est,1276725.0,101.3562561154617,349.45406988602986,1276142.0,1262153.0,1212555.0,100.97568599425443,100.97916398598731,116.90448651867136,-3056.0,-9641.0,-11838.0,-177.0,0.0529303003639337,24120872.0,0.52,11.5,33.5,,0.0
대구광역시,2004,actual_registered_est,1275882.0,99.04274240318992,341.4824861430833,1276725.0,1266680.0,1232177.0,101.3562561154617,98.46871750438784,116.54272392234684,-13327.0,-3056.0,-6867.0,6935.0,0.0526990087870094,24210740.0,0.4,12.0,34.1,,0.0
대구광역시,2005,actual_registered_est,1262644.0,93.3975092600169,329.4989239529878,1275882.0,1275668.0,1251093.0,99.04274240318992,98.31747653873542,114.53664291742994,-24950.0,-13327.0,-3352.0,-3279.0,0.0520823253201284,24243234.0,0.21,12.5,34.8,,0.0
대구광역시,2006,actual_registered_est,1251746.0,87.2007472439072,317.98515236060194,1262644.0,1278630.0,1257498.0,93.3975092600169,99.77236496999518,110.25791809665732,-25659.0,-24950.0,-14233.0,-21740.0,0.0513651435903995,24369561.0,0.53,13.0,35.4,,0.0
대구광역시,2007,actual_registered_est,1246651.0,81.45176438351301,308.3065201814029,1251746.0,1276142.0,1260661.0,87.2007472439072,100.97568599425443,105.11160380535728,-16545.0,-25659.0,-9641.0,-14527.0,0.0509020182359452,24491190.0,0.51,13.5,36.1,,0.0
대구광역시,2008,actual_registered_est,1243091.0,76.95273338808444,299.31887131453027,1246651.0,1276725.0,1262153.0,81.45176438351301,101.3562561154617,100.97916398598731,-12738.0,-16545.0,-3056.0,-11838.0,0.0503854059526141,24671648.0,0.76,14.0,36.7,,0.0
대구광역시,2009,actual_registered_est,1240959.0,74.74800675010925,292.2949230323354,1243091.0,1275882.0,1266680.0,76.95273338808444,99.04274240318992,98.46871750438784,-12662.0,-12738.0,-13327.0,-6867.0,0.0500904948389949,24774341.0,0.51,14.4,37.3,,0.0
대구광역시,2010,actual_registered_est,1237614.0,73.89703807442206,286.71607870363044,1240959.0,1262644.0,1275668.0,74.74800675010925,93.3975092600169,98.31747653873542,-11840.0,-12662.0,-24950.0,-3352.0,0.0497411008204857,24881114.0,0.5,14.8,37.9,,0.0
대구광역시,2011,actual_registered_est,1238666.0,74.26821807827602,284.9725920200523,1237614.0,1251746.0,1278630.0,73.89703807442206,87.2007472439072,99.77236496999518,-12747.0,-11840.0,-25659.0,-14233.0,0.049408558888645,25069867.0,0.77,15.0,38.5,,0.0
대구광역시,2012,actual_registered_est,1236441.0,75.94962733354066,283.0105175799833,1238666.0,1246651.0,1276142.0,74.26821807827602,81.45176438351301,100.97568599425443,-10564.0,-12747.0,-16545.0,-9641.0,0.0490897028591302,25187380.0,0.53,15.6,39.1,,0.0
대구광역시,2013,actual_registered_est,1232859.0,77.79004965204682,280.3644979955102,1236441.0,1243091.0,1276725.0,75.94962733354066,76.95273338808444,101.3562561154617,-11351.0,-10564.0,-12738.0,-3056.0,0.0487578978141426,25285319.0,0.46,16.3,39.7,,0.0
대구광역시,2014,actual_registered_est,1232587.0,79.25624935896239,278.0571881954333,1232859.0,1240959.0,1275882.0,77.79004965204682,74.74800675010925,99.04274240318992,-15526.0,-11351.0,-12662.0,-13327.0,0.0484410795848642,25445077.0,0.63,16.8,40.3,,0.0
대구광역시,2015,actual_registered_est,1230092.0,79.91196838268185,273.34067846821625,1232587.0,1237614.0,1262644.0,79.25624935896239,73.89703807442206,93.3975092600169,-12940.0,-15526.0,-11840.0,-24950.0,0.0480769599061107,25585894.0,0.53,17.5,40.9,,0.0
대구광역시,2016,actual_registered_est,1223929.0,80.33126806654552,267.55744000341923,1230092.0,1238666.0,1251746.0,79.91196838268185,74.26821807827602,87.2007472439072,-9260.0,-12940.0,-12747.0,-25659.0,0.0476775907271678,25670949.0,0.4,18.0,41.4,,0.0
대구광역시,2017,actual_registered_est,1220800.0,79.24741774979866,262.5533364397696,1223929.0,1236441.0,1246651.0,80.33126806654552,75.94962733354066,81.45176438351301,-11936.0,-9260.0,-10564.0,-16545.0,0.047434037333245,25736793.0,0.28,18.8,42.0,18557.0,0.2
대구광역시,2018,actual_registered_est,1215439.0,77.81863134321168,258.57623680221405,1220800.0,1232859.0,1243091.0,79.24741774979866,77.79004965204682,76.95273338808444,-14242.0,-11936.0,-11351.0,-12738.0,0.0470049353598459,25857689.0,0.43,19.6,42.6,35880.0,0.4
대구광역시,2019,actual_registered_est,1207640.0,75.74854289730025,255.82929749730985,1215439.0,1232587.0,1240959.0,77.81863134321168,79.25624935896239,74.74800675010925,-23673.0,-14242.0,-15526.0,-12662.0,0.0465395075962554,25948706.0,0.35,20.4,43.1,52500.0,0.6
대구광역시,2020,actual_registered_est,1192479.0,73.84081230081115,252.5651210236194,1207640.0,1230092.0,1237614.0,75.74854289730025,79.91196838268185,73.89703807442206,-16835.0,-23673.0,-12940.0,-11840.0,0.0459960247163268,25925697.0,0.14,21.8,43.7,69750.0,0.8
대구광역시,2021,actual_registered_est,1181660.0,70.86137605688836,246.82019384882165,1192479.0,1223929.0,1238666.0,73.84081230081115,80.33126806654552,74.26821807827602,-24319.0,-16835.0,-9260.0,-12747.0,0.0456751843699848,25870941.0,-0.13,23.1,44.3,84549.0,1.0
대구광역시,2022,actual_registered_est,1168336.0,66.49906681986809,240.6755189161429,1181660.0,1220800.0,1236441.0,70.86137605688836,79.24741774979866,75.94962733354066,-11519.0,-24319.0,-11936.0,-10564.0,0.0452515670239763,25818686.0,-0.19,24.4,44.9,78964.0,1.0
대구광역시,2023,actual_registered_est,1161280.0,62.78286370485095,237.7380188149089,1168336.0,1215439.0,1232859.0,66.49906681986809,77.81863134321168,77.79004965204682,-5330.0,-11519.0,-14242.0,-11351.0,0.0449066136713353,25859888.0,0.08,25.8,45.5,74611.0,1.0
대구광역시,2024,actual_registered_est,1156829.0,60.06821363172115,234.00595874006007,1161280.0,1207640.0,1232587.0,62.78286370485095,75.74854289730025,79.25624935896239,-4712.0,-5330.0,-23673.0,-15526.0,0.0447052986817214,25876776.0,0.07,27.4,46.1,70192.0,1.0
대구광역시,2025,kosis_projection(중위),1146074.0,55.84153612750263,227.8664123263077,1156829.0,1192479.0,1230092.0,60.06821363172115,73.84081230081115,79.91196838268185,-4272.0,-4712.0,-16835.0,-12940.0,0.0443563086369664,25837903.0,-0.13,29.3,46.7,63870.0,1.0
대구광역시,2026,kosis_projection(중위),1135429.0,51.97738760045365,222.087796804213,1146074.0,1181660.0,1223929.0,55.84153612750263,70.86137605688836,80.33126806654552,-3147.0,-4272.0,-24319.0,-9260.0,0.0440173177398518,25795052.0,-0.15,31.3,47.3,59706.0,1.0
대구광역시,2027,kosis_projection(중위),1125131.0,50.26636055689514,215.76737117911244,1135429.0,1168336.0,1220800.0,51.97738760045365,66.49906681986809,79.24741774979866,,-3147.0,-11519.0,-11936.0,0.0436890056002395,25753184.0,-0.14,33.0,47.9,58205.0,1.0
대구광역시,2028,kosis_projection(중위),1115183.0,49.799381773128935,208.682060857884,1125131.0,1161280.0,1215439.0,50.26636055689514,62.78286370485095,77.81863134321168,,,-5330.0,-14242.0,0.0433723377886981,25711849.0,-0.15,34.8,48.5,55950.0,1.0
대구광역시,2029,kosis_projection(중위),1105540.0,48.71496943058787,201.8381791324008,1115183.0,1156829.0,1207640.0,49.799381773128935,60.06821363172115,75.74854289730025,,,-4712.0,-23673.0,0.0430669593166161,25670259.0,-0.15,36.3,49.1,53908.0,1.0
대구광역시,2030,kosis_projection(중위),1096142.0,48.26040894178523,196.06346463828345,1105540.0,1146074.0,1192479.0,48.71496943058787,55.84153612750263,73.84081230081115,,,-4272.0,-16835.0,0.0427724791475082,25627273.0,-0.15,38.0,49.7,53683.0,1.0
대구광역시,2031,kosis_projection(중위),1086934.0,48.78430876363765,190.1610414746003,1096142.0,1135429.0,1181660.0,48.26040894178523,51.97738760045365,70.86137605688836,,,-3147.0,-24319.0,0.0424882687926528,25581979.0,-0.16,39.7,50.3,53727.0,1.0
대구광역시,2032,kosis_projection(중위),1077873.0,48.76844790288979,184.61504582382784,1086934.0,1125131.0,1168336.0,48.78430876363765,50.26636055689514,66.49906681986809,,,,-11519.0,0.0422134484316659,25533877.0,-0.17,41.4,50.9,53243.0,1.0
대구광역시,2033,kosis_projection(중위),1068909.0,48.004040330941365,178.86678701313662,1077873.0,1115183.0,1161280.0,48.76844790288979,49.799381773128935,62.78286370485095,,,,-5330.0,0.0419470256968007,25482355.0,-0.19,43.2,51.4,52352.0,1.0
대구광역시,2034,kosis_projection(중위),1059999.0,47.39267346589926,174.0459556239071,1068909.0,1105540.0,1156829.0,48.004040330941365,48.71496943058787,60.06821363172115,,,,-4712.0,0.0416886548309055,25426558.0,-0.2,45.5,52.0,52086.0,1.0
대구광역시,2035,kosis_projection(중위),1051041.0,47.06598605602206,168.8991335141795,1059999.0,1096142.0,1146074.0,47.39267346589926,48.26040894178523,55.84153612750263,,,,-4272.0,0.0414357874623352,25365537.0,-0.22,47.7,52.5,51424.0,1.0
대구광역시,2036,kosis_projection(중위),1042033.0,45.83002836606028,163.4120249335853,1051041.0,1086934.0,1135429.0,47.06598605602206,48.78430876363765,51.97738760045365,,,,-3147.0,0.0411886135667913,25299055.0,-0.24,50.1,53.0,50056.0,1.0
대구광역시,2037,kosis_projection(중위),1032952.0,43.93281118157216,158.96287015027465,1042033.0,1077873.0,1125131.0,45.83002836606028,48.76844790288979,50.26636055689514,,,,,0.0409465344223741,25226848.0,-0.27,52.4,53.4,47332.0,1.0
대구광역시,2038,kosis_projection(중위),1023678.0,41.53947465076117,154.6543635260315,1032952.0,1068909.0,1115183.0,43.93281118157216,48.004040330941365,49.799381773128935,,,,,0.0407091392570002,25146147.0,-0.3,54.7,53.9,44797.0,1.0
대구광역시,2039,kosis_projection(중위),1014126.0,39.17477093962262,149.91266372033226,1023678.0,1059999.0,1105540.0,41.53947465076117,47.39267346589926,48.71496943058787,,,,,0.0404755566393816,25055270.0,-0.34,57.1,54.3,41810.0,1.0
대구광역시,2040,kosis_projection(중위),1004348.0,36.19150496242876,145.61657532628715,1014126.0,1051041.0,1096142.0,39.17477093962262,47.06598605602206,48.26040894178523,,,,,0.0402469263144573,24954651.0,-0.38,59.1,54.6,37503.0,1.0
대구광역시,2041,kosis_projection(중위),994356.0,33.111247188310486,141.31746482390793,1004348.0,1042033.0,1086934.0,36.19150496242876,45.83002836606028,48.78430876363765,,,,,0.0400233823532785,24844377.0,-0.42,60.9,55.0,33737.0,1.0
대구광역시,2042,kosis_projection(중위),984161.0,30.594015330233955,136.43436941368017,994356.0,1032952.0,1077873.0,33.111247188310486,43.93281118157216,48.76844790288979,,,,,0.0398043129168455,24724984.0,-0.45,62.6,55.4,30627.0,1.0
대구광역시,2043,kosis_projection(중위),973791.0,28.53712373150569,130.74061743775883,984161.0,1023678.0,1068909.0,30.594015330233955,41.53947465076117,48.004040330941365,,,,,0.0395904074702886,24596640.0,-0.49,64.4,55.7,28157.0,1.0
대구광역시,2044,kosis_projection(중위),963278.0,26.728413799632,125.57362425866316,973791.0,1014126.0,1059999.0,28.53712373150569,39.17477093962262,47.39267346589926,,,,,0.0393825389868648,24459520.0,-0.53,66.2,56.0,26419.0,1.0
대구광역시,2045,kosis_projection(중위),952653.0,25.21975084987793,120.59289190123998,963278.0,1004348.0,1051041.0,26.728413799632,36.19150496242876,47.06598605602206,,,,,0.0391815452767827,24313819.0,-0.58,68.4,56.4,26268.0,1.0
대구광역시,2046,kosis_projection(중위),941896.0,24.08000027769954,115.20840920446628,952653.0,994356.0,1042033.0,25.21975084987793,33.111247188310486,45.83002836606028,,,,,0.0389875237738394,24158908.0,-0.62,70.7,56.7,20723.0,0.8
대구광역시,2047,kosis_projection(중위),930979.0,23.431480011755813,110.21979966829262,941896.0,984161.0,1032952.0,24.08000027769954,30.594015330233955,43.93281118157216,,,,,0.038799731771529,23994470.0,-0.67,72.9,57.0,15570.0,0.6
대구광역시,2048,kosis_projection(중위),919917.0,23.23067853232156,105.64053817343218,930979.0,973791.0,1023678.0,23.431480011755813,28.53712373150569,41.53947465076117,,,,,0.0386185551360679,23820596.0,-0.72,74.9,57.3,10751.0,0.4
대구광역시,2049,kosis_projection(중위),908643.0,23.45174597004761,101.80422497078874,919917.0,963278.0,1014126.0,23.23067853232156,26.728413799632,39.17477093962262,,,,,0.0384416429449744,23636945.0,-0.77,76.3,57.7,5583.0,0.2
대구광역시,2050,kosis_projection(중위),897157.0,24.0167100645578,97.97191767329224,908643.0,952653.0,1004348.0,23.45174597004761,25.21975084987793,36.19150496242876,,,,,0.0382692250434687,23443302.0,-0.82,77.3,58.1,,0.0
대구광역시,2051,kosis_projection(중위),885445.0,24.68564886120817,94.50162619413072,897157.0,941896.0,994356.0,24.0167100645578,24.08000027769954,33.111247188310486,,,,,0.038099631540124,23240251.0,-0.87,78.4,58.4,,0.0
대구광역시,2052,kosis_projection(중위),873529.0,25.259674945578933,91.9582031546481,885445.0,930979.0,984161.0,24.68564886120817,23.431480011755813,30.594015330233955,,,,,0.0379326633551631,23028412.0,-0.92,79.3,58.8,,0.0
대전광역시,1970,actual_registered_est,279395.0,20.829852279384685,66.1311887093879,,,,,,,0.0,,,,0.0171317513506824,16308607.0,2.18,5.7,18.5,,0.0
대전광역시,1971,actual_registered_est,290064.0,21.77696879275408,68.21376038756448,279395.0,,,20.829852279384685,,,0.0,0.0,,,0.017422429034883,16648884.0,1.97,5.8,18.6,,0.0
대전광역시,1972,actual_registered_est,300524.0,22.89254131076809,70.76385796678402,290064.0,,,21.77696879275408,,,0.0,0.0,,,0.0177243430691675,16955438.0,1.88,5.6,18.7,,0.0
대전광역시,1973,actual_registered_est,310444.0,23.69955554817564,73.39503473423095,300524.0,,,22.89254131076809,,,0.0,0.0,,,0.0180125451432,17234877.0,1.77,5.6,18.9,,0.0
대전광역시,1974,actual_registered_est,320348.0,24.887960809931126,76.6919984147972,310444.0,,,23.69955554817564,,,0.0,0.0,,,0.0182907343363162,17514223.0,1.71,5.7,19.2,,0.0
대전광역시,1975,actual_registered_est,329559.0,26.98807508185409,80.2899910256336,320348.0,279395.0,,24.887960809931126,20.829852279384685,,0.0,0.0,0.0,,0.0185501627056166,17765828.0,1.68,6.0,19.6,,0.0
대전광역시,1976,actual_registered_est,346513.0,30.305001988778336,86.22586779420398,329559.0,290064.0,,26.98807508185409,21.77696879275408,,0.0,0.0,0.0,,0.0191883568643535,18058503.0,1.6,6.0,20.0,,0.0
대전광역시,1977,actual_registered_est,363789.0,33.26318867446232,92.53754462019567,346513.0,300524.0,,30.305001988778336,22.89254131076809,,0.0,0.0,0.0,,0.0198256445872718,18349416.0,1.56,6.0,20.5,,0.0
대전광역시,1978,actual_registered_est,381371.0,36.25950783116567,99.63446632807472,363789.0,310444.0,,33.26318867446232,23.69955554817564,,0.0,0.0,0.0,,0.0204628321318151,18637254.0,1.52,6.0,20.9,,0.0
대전광역시,1979,actual_registered_est,399314.0,39.30649520253991,107.48051557668909,381371.0,320348.0,,36.25950783116567,24.887960809931126,,0.0,0.0,0.0,,0.0210949540240687,18929361.0,1.52,6.1,21.4,,0.0
대전광역시,1980,actual_registered_est,417863.0,42.08110912208,115.59205368725875,399314.0,329559.0,279395.0,39.30649520253991,26.98807508185409,20.829852279384685,0.0,0.0,0.0,0.0,0.0217232654887756,19235736.0,1.56,6.1,21.8,,0.0
대전광역시,1981,actual_registered_est,428622.0,44.27753601595704,121.76214160441252,417863.0,346513.0,290064.0,42.08110912208,30.305001988778336,21.77696879275408,0.0,0.0,0.0,0.0,0.0219404699503677,19535680.0,1.56,6.2,22.2,,0.0
대전광역시,1982,actual_registered_est,438186.0,45.68521601318599,126.69305951203526,428622.0,363789.0,300524.0,44.27753601595704,33.26318867446232,22.89254131076809,0.0,0.0,0.0,0.0,0.0220888915236438,19837392.0,1.55,6.3,22.7,,0.0
대전광역시,1983,actual_registered_est,449408.0,46.41918774473144,131.60164340432448,438186.0,381371.0,310444.0,45.68521601318599,36.25950783116567,23.69955554817564,0.0,0.0,0.0,0.0,0.0223262616547568,20129120.0,1.47,6.3,23.2,,0.0
대전광역시,1984,actual_registered_est,464304.0,46.89331513244106,137.64525766795435,449408.0,399314.0,320348.0,46.41918774473144,39.30649520253991,24.887960809931126,0.0,0.0,0.0,0.0,0.022787730657528,20375175.0,1.23,6.4,23.8,,0.0
대전광역시,1985,actual_registered_est,480166.0,47.20562343596743,143.93183415672283,464304.0,417863.0,329559.0,46.89331513244106,42.08110912208,26.98807508185409,0.0,0.0,0.0,0.0,0.0233366706195688,20575600.0,0.98,6.5,24.3,,0.0
대전광역시,1986,actual_registered_est,486947.0,47.10898601938071,148.54383560269198,480166.0,428622.0,346513.0,47.20562343596743,44.27753601595704,30.305001988778336,0.0,0.0,0.0,0.0,0.0234424740192288,20771997.0,0.99,6.6,24.8,,0.0
대전광역시,1987,actual_registered_est,491902.0,46.73946951403103,151.66188265586177,486947.0,438186.0,363789.0,47.10898601938071,45.68521601318599,33.26318867446232,0.0,0.0,0.0,0.0,0.0234686292639592,20959980.0,0.99,6.7,25.4,,0.0
대전광역시,1988,actual_registered_est,497476.0,46.49895827611898,155.35914563269293,491902.0,449408.0,381371.0,46.73946951403103,46.41918774473144,36.25950783116567,0.0,0.0,0.0,0.0,0.0235155133771674,21155226.0,0.98,6.9,25.9,,0.0
대전광역시,1989,actual_registered_est,507545.0,47.32846838546264,160.00471932021154,497476.0,464304.0,399314.0,46.49895827611898,46.89331513244106,39.30649520253991,26179.0,0.0,0.0,0.0,0.0237643749430232,21357389.0,0.99,7.0,26.4,,0.0
대전광역시,1990,actual_registered_est,524795.0,50.00187748024623,167.44777796165755,507545.0,480166.0,417863.0,47.32846838546264,47.20562343596743,42.08110912208,33463.0,26179.0,0.0,0.0,0.0243319081938342,21568181.0,0.99,7.4,27.0,,0.0
대전광역시,1991,actual_registered_est,549046.0,52.83221533738573,175.21917949913498,524795.0,486947.0,428622.0,50.00187748024623,47.10898601938071,44.27753601595704,36615.0,33463.0,0.0,0.0,0.0252041942508586,21783914.0,0.99,7.5,27.5,,0.0
대전광역시,1992,actual_registered_est,574129.0,55.59503826483265,182.50132188886164,549046.0,491902.0,438186.0,52.83221533738573,46.73946951403103,45.68521601318599,24130.0,36615.0,0.0,0.0,0.0260805849823666,22013655.0,1.04,7.7,27.9,,0.0
대전광역시,1993,actual_registered_est,599714.0,57.819445079240495,188.8344923736101,574129.0,497476.0,449408.0,55.59503826483265,46.49895827611898,46.41918774473144,38030.0,24130.0,0.0,0.0,0.0269624612353419,22242554.0,1.02,7.9,28.4,,0.0
대전광역시,1994,actual_registered_est,625851.0,59.1947263335744,194.0569556653764,599714.0,507545.0,464304.0,57.819445079240495,47.32846838546264,46.89331513244106,30484.0,38030.0,26179.0,0.0,0.0278496434040971,22472496.0,1.01,8.1,28.8,,0.0
대전광역시,1995,actual_registered_est,652533.0,59.73891566241623,198.3973247566093,625851.0,524795.0,480166.0,59.1947263335744,50.00187748024623,47.20562343596743,17750.0,30484.0,33463.0,0.0,0.0287392003877151,22705329.0,1.01,8.3,29.3,,0.0
대전광역시,1996,actual_registered_est,666733.0,58.459411073686496,198.1527799973026,652533.0,549046.0,486947.0,59.73891566241623,52.83221533738573,47.10898601938071,14918.0,17750.0,36615.0,0.0,0.0290838470192953,22924512.0,0.95,8.6,29.8,,0.0
대전광역시,1997,actual_registered_est,678960.0,56.61044049088961,197.91189068064173,666733.0,574129.0,491902.0,58.459411073686496,55.59503826483265,46.73946951403103,9594.0,14918.0,24130.0,0.0,0.0293311431456208,23148092.0,0.94,8.9,30.3,,0.0
대전광역시,1998,actual_registered_est,688009.0,55.044494316327054,197.2063665902837,678960.0,599714.0,497476.0,56.61044049088961,57.819445079240495,46.49895827611898,12093.0,9594.0,38030.0,0.0,0.0295336994634252,23295727.0,0.72,9.3,30.7,,0.0
대전광역시,1999,actual_registered_est,697467.0,54.21944057823038,197.775788887518,688009.0,625851.0,507545.0,55.044494316327054,59.1947263335744,47.32846838546264,9609.0,12093.0,30484.0,26179.0,0.0297327924991549,23457837.0,0.71,9.6,31.2,,0.0
대전광역시,2000,actual_registered_est,707268.0,54.510111562411474,199.2787400118811,697467.0,652533.0,524795.0,54.21944057823038,59.73891566241623,50.00187748024623,8576.0,9609.0,17750.0,33463.0,0.029884434161672,23666769.0,0.84,10.1,31.8,,0.0
대전광역시,2001,actual_registered_est,717052.0,55.95205324954442,200.60723754489143,707268.0,666733.0,549046.0,54.510111562411474,58.459411073686496,52.83221533738573,6840.0,8576.0,14918.0,36615.0,0.0300588082877987,23854971.0,0.77,10.5,32.3,,0.0
대전광역시,2002,actual_registered_est,724650.0,57.33847084081276,200.9141603684997,717052.0,678960.0,574129.0,55.95205324954442,56.61044049088961,55.59503826483265,8555.0,6840.0,9594.0,24130.0,0.0302046022618876,23991377.0,0.58,11.0,32.9,,0.0
대전광역시,2003,actual_registered_est,734101.0,58.27858698671723,200.93174501745045,724650.0,688009.0,599714.0,57.33847084081276,55.044494316327054,57.819445079240495,5826.0,8555.0,12093.0,38030.0,0.0304342645655596,24120872.0,0.52,11.5,33.5,,0.0
대전광역시,2004,actual_registered_est,737335.0,57.23701758458544,197.343476058374,734101.0,697467.0,625851.0,58.27858698671723,54.21944057823038,59.1947263335744,2616.0,5826.0,9609.0,30484.0,0.0304548725069948,24210740.0,0.4,12.0,34.1,,0.0
대전광역시,2005,actual_registered_est,741066.0,54.81649506692598,193.3881993484663,737335.0,707268.0,652533.0,57.23701758458544,54.510111562411474,59.73891566241623,3210.0,2616.0,8576.0,17750.0,0.0305679514540015,24243234.0,0.21,12.5,34.8,,0.0
대전광역시,2006,actual_registered_est,747032.0,52.04070843055259,189.77099534429925,741066.0,717052.0,666733.0,54.81649506692598,55.95205324954442,58.459411073686496,2315.0,3210.0,6840.0,14918.0,0.0306543068215303,24369561.0,0.53,13.0,35.4,,0.0
대전광역시,2007,actual_registered_est,753095.0,49.204562061396274,186.2462700595545,747032.0,724650.0,678960.0,52.04070843055259,57.33847084081276,56.61044049088961,-1048.0,2315.0,8555.0,9594.0,0.0307496287440504,24491190.0,0.51,13.5,36.1,,0.0
대전광역시,2008,actual_registered_est,756237.0,46.81435569817883,182.0912590359728,753095.0,734101.0,688009.0,49.204562061396274,58.27858698671723,55.044494316327054,-5610.0,-1048.0,5826.0,12093.0,0.0306520666961526,24671648.0,0.76,14.0,36.7,,0.0
대전광역시,2009,actual_registered_est,759350.0,45.7387382868374,178.8569564382094,756237.0,737335.0,697467.0,46.81435569817883,57.23701758458544,54.21944057823038,-5758.0,-5610.0,2616.0,9609.0,0.0306506639268426,24774341.0,0.51,14.4,37.3,,0.0
대전광역시,2010,actual_registered_est,762913.0,45.55298421678451,176.74284853922367,759350.0,741066.0,707268.0,45.7387382868374,54.81649506692598,54.510111562411474,-1045.0,-5758.0,3210.0,8576.0,0.0306623328842912,24881114.0,0.5,14.8,37.9,,0.0
대전광역시,2011,actual_registered_est,769470.0,46.136057472063534,177.02743143161243,762913.0,747032.0,717052.0,45.55298421678451,52.04070843055259,55.95205324954442,3344.0,-1045.0,2315.0,6840.0,0.030693022822977,25069867.0,0.77,15.0,38.5,,0.0
대전광역시,2012,actual_registered_est,774514.0,47.57529850968216,177.2794723023122,769470.0,753095.0,724650.0,46.136057472063534,49.204562061396274,57.33847084081276,499.0,3344.0,-1048.0,8555.0,0.0307500819855022,25187380.0,0.53,15.6,39.1,,0.0
대전광역시,2013,actual_registered_est,776298.0,48.98229235036986,176.53794883674337,774514.0,756237.0,734101.0,47.57529850968216,46.81435569817883,58.27858698671723,311.0,499.0,-5610.0,5826.0,0.0307015307973769,25285319.0,0.46,16.3,39.7,,0.0
대전광역시,2014,actual_registered_est,779597.0,50.128659665807774,175.8679506968638,776298.0,759350.0,737335.0,48.98229235036986,45.7387382868374,57.23701758458544,-8838.0,311.0,-5758.0,2616.0,0.0306384217269218,25445077.0,0.63,16.8,40.3,,0.0
대전광역시,2015,actual_registered_est,774512.0,50.31556863714884,172.10552996180374,779597.0,762913.0,741066.0,50.128659665807774,45.55298421678451,54.81649506692598,-20616.0,-8838.0,-1045.0,3210.0,0.0302710548241933,25585894.0,0.53,17.5,40.9,,0.0
대전광역시,2016,actual_registered_est,771514.0,50.63749445522805,168.65709593187023,774512.0,769470.0,747032.0,50.31556863714884,46.136057472063534,52.04070843055259,-10631.0,-20616.0,3344.0,2315.0,0.0300539726832849,25670949.0,0.4,18.0,41.4,,0.0
대전광역시,2017,actual_registered_est,766620.0,49.76462597915354,164.87437645925306,771514.0,774514.0,753095.0,50.63749445522805,47.57529850968216,49.204562061396274,-16175.0,-10631.0,499.0,-1048.0,0.0297869279983718,25736793.0,0.28,18.8,42.0,10549.0,0.2
대전광역시,2018,actual_registered_est,759207.0,48.60832147576778,161.5160357812268,766620.0,776298.0,756237.0,49.76462597915354,48.98229235036986,46.81435569817883,-14753.0,-16175.0,311.0,-5610.0,0.0293609765358381,25857689.0,0.43,19.6,42.6,20664.0,0.4
대전광역시,2019,actual_registered_est,753904.0,47.288206323445934,159.70879624756705,759207.0,779597.0,759350.0,48.60832147576778,50.128659665807774,45.7387382868374,-16342.0,-14753.0,-8838.0,-5758.0,0.0290536260266696,25948706.0,0.35,20.4,43.1,30420.0,0.6
대전광역시,2020,actual_registered_est,746190.0,46.2056570646043,158.04183357242732,753904.0,774512.0,762913.0,47.288206323445934,50.31556863714884,45.55298421678451,-11097.0,-16342.0,-20616.0,-1045.0,0.0287818684296125,25925697.0,0.14,21.8,43.7,40542.0,0.8
대전광역시,2021,actual_registered_est,741608.0,44.4724907120465,154.90397434104304,746190.0,771514.0,769470.0,46.2056570646043,50.63749445522805,46.136057472063534,-8931.0,-11097.0,-10631.0,3344.0,0.0286656755160162,25870941.0,-0.13,23.1,44.3,49526.0,1.0
대전광역시,2022,actual_registered_est,736306.0,41.908887420972896,151.6779664677537,741608.0,766620.0,774514.0,44.4724907120465,49.76462597915354,47.57529850968216,-2996.0,-8931.0,-16175.0,499.0,0.0285183374552833,25818686.0,-0.19,24.4,44.9,47265.0,1.0
대전광역시,2023,actual_registered_est,737472.0,39.87031901190397,150.97576141108823,736306.0,759207.0,776298.0,41.908887420972896,48.60832147576778,48.98229235036986,-2474.0,-2996.0,-14753.0,311.0,0.0285179889410193,25859888.0,0.08,25.8,45.5,45293.0,1.0
대전광역시,2024,actual_registered_est,736669.0,38.25145364428657,149.01505375390948,737472.0,753904.0,779597.0,39.87031901190397,47.288206323445934,50.128659665807774,-1693.0,-2474.0,-16342.0,-8838.0,0.0284683455156855,25876776.0,0.07,27.4,46.1,43379.0,1.0
대전광역시,2025,kosis_projection(중위),732508.0,35.69086459136556,145.6397841328911,736669.0,746190.0,774512.0,38.25145364428657,46.2056570646043,50.31556863714884,2824.0,-1693.0,-11097.0,-20616.0,0.0283501335228327,25837903.0,-0.13,29.3,46.7,40483.0,1.0
대전광역시,2026,kosis_projection(중위),728172.0,33.33407750180552,142.4290864285811,732508.0,741608.0,771514.0,35.69086459136556,44.4724907120465,50.63749445522805,1491.0,2824.0,-8931.0,-10631.0,0.0282291347968594,25795052.0,-0.15,31.3,47.3,39090.0,1.0
대전광역시,2027,kosis_projection(중위),723964.0,32.34382081216501,138.83521928407887,728172.0,736306.0,766620.0,33.33407750180552,41.908887420972896,49.76462597915354,,1491.0,-2996.0,-16175.0,0.0281116307793242,25753184.0,-0.14,33.0,47.9,38855.0,1.0
대전광역시,2028,kosis_projection(중위),719891.0,32.14730384523398,134.71182529956334,723964.0,737472.0,759207.0,32.34382081216501,39.87031901190397,48.60832147576778,,,-2474.0,-14753.0,0.0279984142719568,25711849.0,-0.15,34.8,48.5,38385.0,1.0
대전광역시,2029,kosis_projection(중위),716019.0,31.5509558195272,130.72342130018134,719891.0,736669.0,753904.0,32.14730384523398,38.25145364428657,47.288206323445934,,,-1693.0,-16342.0,0.0278929402309497,25670259.0,-0.15,36.3,49.1,37740.0,1.0
대전광역시,2030,kosis_projection(중위),712384.0,31.36449763222715,127.4218807352322,716019.0,732508.0,746190.0,31.5509558195272,35.69086459136556,46.2056570646043,,,2824.0,-11097.0,0.0277978854792704,25627273.0,-0.15,38.0,49.7,37901.0,1.0
대전광역시,2031,kosis_projection(중위),708969.0,31.82029690841157,124.03539075344582,712384.0,728172.0,741608.0,31.36449763222715,33.33407750180552,44.4724907120465,,,1491.0,-8931.0,0.0277136104286537,25581979.0,-0.16,39.7,50.3,37967.0,1.0
대전광역시,2032,kosis_projection(중위),705752.0,31.93180425185553,120.87921102046174,708969.0,723964.0,736306.0,31.82029690841157,32.34382081216501,41.908887420972896,,,,-2996.0,0.0276398292354897,25533877.0,-0.17,41.4,50.9,37757.0,1.0
대전광역시,2033,kosis_projection(중위),702684.0,31.557102686858467,117.58421845595733,705752.0,719891.0,737472.0,31.93180425185553,32.14730384523398,39.87031901190397,,,,-2474.0,0.0275753163316341,25482355.0,-0.19,43.2,51.4,37243.0,1.0
대전광역시,2034,kosis_projection(중위),699724.0,31.284738049991454,114.89079919224714,702684.0,716019.0,736669.0,31.557102686858467,31.5509558195272,38.25145364428657,,,,-1693.0,0.0275194149361466,25426558.0,-0.2,45.5,52.0,37303.0,1.0
대전광역시,2035,kosis_projection(중위),696803.0,31.203083687310333,111.974150323423,699724.0,712384.0,732508.0,31.284738049991454,31.36449763222715,35.69086459136556,,,,2824.0,0.0274704612009593,25365537.0,-0.22,47.7,52.5,37059.0,1.0
대전광역시,2036,kosis_projection(중위),693893.0,30.518357742039523,108.81657319608908,696803.0,708969.0,728172.0,31.203083687310333,31.82029690841157,33.33407750180552,,,,1491.0,0.0274276252611016,25299055.0,-0.24,50.1,53.0,35819.0,1.0
대전광역시,2037,kosis_projection(중위),690939.0,29.38654712414932,106.32986483279048,693893.0,705752.0,723964.0,30.518357742039523,31.93180425185553,32.34382081216501,,,,,0.027389034095738,25226848.0,-0.27,52.4,53.4,33564.0,1.0
대전광역시,2038,kosis_projection(중위),687835.0,27.91141799121043,103.91615736191252,690939.0,702684.0,719891.0,29.38654712414932,31.557102686858467,32.14730384523398,,,,,0.0273534947520986,25146147.0,-0.3,54.7,53.9,31164.0,1.0
대전광역시,2039,kosis_projection(중위),684534.0,26.44292982369413,101.19089279550464,687835.0,699724.0,716019.0,27.91141799121043,31.284738049991454,31.5509558195272,,,,,0.0273209588242313,25055270.0,-0.34,57.1,54.3,28174.0,1.0
대전광역시,2040,kosis_projection(중위),680965.0,24.53845497451113,98.73051095543092,684534.0,696803.0,712384.0,26.44292982369413,31.203083687310333,31.36449763222715,,,,,0.0272880995210071,24954651.0,-0.38,59.1,54.6,24944.0,1.0
대전광역시,2041,kosis_projection(중위),677116.0,22.547412849281383,96.23144679742994,680965.0,693893.0,708969.0,24.53845497451113,30.518357742039523,31.82029690841157,,,,,0.0272542958110803,24844377.0,-0.42,60.9,55.0,22378.0,1.0
대전광역시,2042,kosis_projection(중위),673022.0,20.92182619061792,93.30112874980198,677116.0,690939.0,705752.0,22.547412849281383,29.38654712414932,31.93180425185553,,,,,0.0272203209514715,24724984.0,-0.45,62.6,55.4,20760.0,1.0
대전광역시,2043,kosis_projection(중위),668692.0,19.5961416179324,89.77820184792202,673022.0,687835.0,702684.0,20.92182619061792,27.91141799121043,31.557102686858467,,,,,0.0271863148787801,24596640.0,-0.49,64.4,55.7,19721.0,1.0
대전광역시,2044,kosis_projection(중위),664159.0,18.42865359818224,86.58025275570445,668692.0,684534.0,699724.0,19.5961416179324,26.44292982369413,31.284738049991454,,,,,0.0271533946700507,24459520.0,-0.53,66.2,56.0,19193.0,1.0
대전광역시,2045,kosis_projection(중위),659412.0,17.456730149823393,83.47257609473802,664159.0,680965.0,696803.0,18.42865359818224,24.53845497451113,31.203083687310333,,,,,0.0271208731133517,24313819.0,-0.58,68.4,56.4,19238.0,1.0
대전광역시,2046,kosis_projection(중위),654413.0,16.730366432950333,80.04480398337226,659412.0,677116.0,693893.0,17.456730149823393,22.547412849281383,30.518357742039523,,,,,0.0270878551298759,24158908.0,-0.62,70.7,56.7,15387.0,0.8
대전광역시,2047,kosis_projection(중위),649200.0,16.33948437465493,76.85962190839489,654413.0,673022.0,690939.0,16.730366432950333,20.92182619061792,29.38654712414932,,,,,0.0270562342072985,23994470.0,-0.67,72.9,57.0,11417.0,0.6
대전광역시,2048,kosis_projection(중위),643789.0,16.257613786509836,73.9308181391753,649200.0,668692.0,687835.0,16.33948437465493,19.5961416179324,27.91141799121043,,,,,0.0270265697802019,23820596.0,-0.72,74.9,57.3,7697.0,0.4
대전광역시,2049,kosis_projection(중위),638173.0,16.47101345736796,71.50080687605931,643789.0,664159.0,684534.0,16.257613786509836,18.42865359818224,26.44292982369413,,,,,0.0269989628524329,23636945.0,-0.77,76.3,57.7,3958.0,0.2
대전광역시,2050,kosis_projection(중위),632363.0,16.928228645102216,69.05571240667587,638173.0,659412.0,680965.0,16.47101345736796,17.456730149823393,24.53845497451113,,,,,0.0269741438300799,23443302.0,-0.82,77.3,58.1,,0.0
대전광역시,2051,kosis_projection(중위),626411.0,17.463944105843133,66.85548867054602,632363.0,654413.0,677116.0,16.928228645102216,16.730366432950333,22.547412849281383,,,,,0.0269537106118174,23240251.0,-0.87,78.4,58.4,,0.0
대전광역시,2052,kosis_projection(중위),620321.0,17.93770650077613,65.3024736890183,626411.0,649200.0,673022.0,17.463944105843133,16.33948437465493,20.92182619061792,,,,,0.026937202617358,23028412.0,-0.92,79.3,58.8,,0.0
부산광역시,1970,actual_registered_est,1032010.0,76.9398731217373,244.2708282538178,,,,,,,72518.0,,,,0.0632800827195112,16308607.0,2.18,5.7,18.5,,0.0
부산광역시,1971,actual_registered_est,1087057.0,81.6123557730186,255.64098173377147,1032010.0,,,76.9398731217373,,,61430.0,72518.0,,,0.065293085110089,16648884.0,1.97,5.8,18.6,,0.0
부산광역시,1972,actual_registered_est,1143248.0,87.08739424622661,269.19859676035827,1087057.0,,,81.6123557730186,,,42842.0,61430.0,,,0.0674266273746511,16955438.0,1.88,5.6,18.7,,0.0
부산광역시,1973,actual_registered_est,1198433.0,91.48938119038144,283.33300582922715,1143248.0,,,87.08739424622661,,,67400.0,42842.0,,,0.0695353381402141,17234877.0,1.77,5.6,18.9,,0.0
부산광역시,1974,actual_registered_est,1254982.0,97.50004006008773,300.44538300410494,1198433.0,,,91.48938119038144,,,126971.0,67400.0,,,0.0716550200371435,17514223.0,1.71,5.7,19.2,,0.0
부산광역시,1975,actual_registered_est,1310001.0,107.27792396901296,319.15368275049696,1254982.0,1032010.0,,97.50004006008773,76.9398731217373,,111534.0,126971.0,72518.0,,0.0737371204989714,17765828.0,1.68,6.0,19.6,,0.0
부산광역시,1976,actual_registered_est,1376272.0,120.36467808451611,342.4698280320355,1310001.0,1087057.0,,107.27792396901296,81.6123557730186,,95499.0,111534.0,61430.0,,0.076211854327017,18058503.0,1.6,6.0,20.0,,0.0
부산광역시,1977,actual_registered_est,1443836.0,132.01770609606388,367.2706933806269,1376272.0,1143248.0,,120.36467808451611,87.08739424622661,,88997.0,95499.0,42842.0,,0.0786856649824713,18349416.0,1.56,6.0,20.5,,0.0
부산광역시,1978,actual_registered_est,1512747.0,143.82703900682637,395.2102808928735,1443836.0,1198433.0,,132.01770609606388,91.48938119038144,,112359.0,88997.0,67400.0,,0.081167912397395,18637254.0,1.52,6.0,20.9,,0.0
부산광역시,1979,actual_registered_est,1583340.0,155.85615859696765,426.1763913441424,1512747.0,1254982.0,,143.82703900682637,97.50004006008773,,75430.0,112359.0,126971.0,,0.083644661856256,18929361.0,1.52,6.1,21.4,,0.0
부산광역시,1980,actual_registered_est,1656543.0,166.82301794707303,458.2439876018042,1583340.0,1310001.0,1032010.0,155.85615859696765,107.27792396901296,76.9398731217373,51134.0,75430.0,111534.0,72518.0,0.0861179941334191,19235736.0,1.56,6.1,21.8,,0.0
부산광역시,1981,actual_registered_est,1699668.0,175.57920751890867,482.838528345462,1656543.0,1376272.0,1087057.0,166.82301794707303,120.36467808451611,81.6123557730186,25771.0,51134.0,95499.0,61430.0,0.0870032678667955,19535680.0,1.56,6.2,22.2,,0.0
부산광역시,1982,actual_registered_est,1732535.0,180.63387631144124,500.9291941360153,1699668.0,1443836.0,1143248.0,175.57920751890867,132.01770609606388,87.08739424622661,13555.0,25771.0,88997.0,42842.0,0.0873368333901956,19837392.0,1.55,6.3,22.7,,0.0
부산광역시,1983,actual_registered_est,1759359.0,181.7235468246737,515.19896338781,1732535.0,1512747.0,1198433.0,180.63387631144124,143.82703900682637,91.48938119038144,6157.0,13555.0,112359.0,67400.0,0.0874036718942507,20129120.0,1.47,6.3,23.2,,0.0
부산광역시,1984,actual_registered_est,1784119.0,180.19068218403376,528.9110571205354,1759359.0,1583340.0,1254982.0,181.7235468246737,155.85615859696765,97.50004006008773,22478.0,6157.0,75430.0,126971.0,0.0875633706213566,20375175.0,1.23,6.4,23.8,,0.0
부산광역시,1985,actual_registered_est,1806061.0,177.55575252805644,541.3745919722033,1784119.0,1656543.0,1310001.0,180.19068218403376,166.82301794707303,107.27792396901296,13455.0,22478.0,51134.0,111534.0,0.0877768327533583,20575600.0,0.98,6.5,24.3,,0.0
부산광역시,1986,actual_registered_est,1826958.0,176.74641979516403,557.3159888140248,1806061.0,1699668.0,1376272.0,177.55575252805644,175.57920751890867,120.36467808451611,31965.0,13455.0,25771.0,95499.0,0.087952930091411,20771997.0,0.99,6.6,24.8,,0.0
부산광역시,1987,actual_registered_est,1851982.0,175.97134435219664,570.9980377489179,1826958.0,1732535.0,1443836.0,176.74641979516403,180.63387631144124,132.01770609606388,31129.0,31965.0,13555.0,88997.0,0.0883580041584009,20959980.0,0.99,6.7,25.4,,0.0
부산광역시,1988,actual_registered_est,1875287.0,175.28261055558124,585.6422945752073,1851982.0,1759359.0,1512747.0,175.97134435219664,181.7235468246737,143.82703900682637,23225.0,31129.0,6157.0,112359.0,0.0886441487318547,21155226.0,0.98,6.9,25.9,,0.0
부산광역시,1989,actual_registered_est,1889544.0,176.19959504465737,595.6830573903591,1875287.0,1784119.0,1583340.0,175.28261055558124,180.19068218403376,155.85615859696765,-6658.0,23225.0,22478.0,75430.0,0.0884726124527675,21357389.0,0.99,7.0,26.4,,0.0
부산광역시,1990,actual_registered_est,1889516.0,180.03095976326935,602.8930451376239,1889544.0,1806061.0,1656543.0,176.19959504465737,177.55575252805644,166.82301794707303,-35860.0,-6658.0,13455.0,51134.0,0.0876066461052047,21568181.0,0.99,7.4,27.0,,0.0
부산광역시,1991,actual_registered_est,1898481.0,182.68224703564985,605.8696049414754,1889516.0,1826958.0,1699668.0,180.03095976326935,176.74641979516403,175.57920751890867,-35548.0,-35860.0,31965.0,25771.0,0.0871505919459652,21783914.0,0.99,7.5,27.5,,0.0
부산광역시,1992,actual_registered_est,1907117.0,184.6732051342344,606.2250356570041,1898481.0,1851982.0,1732535.0,182.68224703564985,175.97134435219664,180.63387631144124,-51995.0,-35548.0,31129.0,13555.0,0.0866333646093754,22013655.0,1.04,7.7,27.9,,0.0
부산광역시,1993,actual_registered_est,1914301.0,184.5610099724788,602.764080187046,1907117.0,1875287.0,1759359.0,184.6732051342344,175.28261055558124,181.7235468246737,-58925.0,-51995.0,23225.0,6157.0,0.0860648017309523,22242554.0,1.02,7.9,28.4,,0.0
부산광역시,1994,actual_registered_est,1920239.0,181.62153947194548,595.406469734692,1914301.0,1889544.0,1784119.0,184.5610099724788,176.19959504465737,180.19068218403376,-57475.0,-58925.0,-6658.0,22478.0,0.0854484076891147,22472496.0,1.01,8.1,28.8,,0.0
부산광역시,1995,actual_registered_est,1925224.0,176.25283957632735,585.348620157476,1920239.0,1889516.0,1806061.0,181.62153947194548,180.03095976326935,177.55575252805644,-54909.0,-57475.0,-35860.0,13455.0,0.0847917244449529,22705329.0,1.01,8.3,29.3,,0.0
부산광역시,1996,actual_registered_est,1912428.0,167.68243749871107,568.3728340200371,1925224.0,1898481.0,1826958.0,176.25283957632735,182.68224703564985,176.74641979516403,-47245.0,-54909.0,-35548.0,31965.0,0.0834228445080968,22924512.0,0.95,8.6,29.8,,0.0
부산광역시,1997,actual_registered_est,1902137.0,158.59669707202085,554.4590697590488,1912428.0,1907117.0,1851982.0,167.68243749871107,184.6732051342344,175.97134435219664,-44437.0,-47245.0,-51995.0,31129.0,0.0821725177176589,23148092.0,0.94,8.9,30.3,,0.0
부산광역시,1998,actual_registered_est,1887110.0,150.97915240830275,540.9087765656996,1902137.0,1914301.0,1875287.0,158.59669707202085,184.5610099724788,175.28261055558124,-40921.0,-44437.0,-58925.0,23225.0,0.0810067013577211,23295727.0,0.72,9.3,30.7,,0.0
부산광역시,1999,actual_registered_est,1876039.0,145.83884984227606,531.9751231366508,1887110.0,1920239.0,1889544.0,150.97915240830275,181.62153947194548,176.19959504465737,-33357.0,-40921.0,-57475.0,-6658.0,0.0799749354554727,23457837.0,0.71,9.6,31.2,,0.0
부산광역시,2000,actual_registered_est,1866962.0,143.88931339009096,526.0323314642562,1876039.0,1925224.0,1889516.0,145.83884984227606,176.25283957632735,180.03095976326935,-43694.0,-33357.0,-54909.0,-35860.0,0.0788853772139323,23666769.0,0.84,10.1,31.8,,0.0
부산광역시,2001,actual_registered_est,1858228.0,144.99878949615152,519.8702267179626,1866962.0,1912428.0,1898481.0,143.88931339009096,167.68243749871107,182.68224703564985,-41188.0,-43694.0,-47245.0,-35548.0,0.077896887822668,23854971.0,0.77,10.5,32.3,,0.0
부산광역시,2002,actual_registered_est,1841471.0,145.7077640760399,510.5604082080197,1858228.0,1902137.0,1907117.0,144.99878949615152,158.59669707202085,184.6732051342344,-49442.0,-41188.0,-44437.0,-51995.0,0.0767555359577735,23991377.0,0.58,11.0,32.9,,0.0
부산광역시,2003,actual_registered_est,1823508.0,144.7640986716743,499.1147600851669,1841471.0,1887110.0,1914301.0,145.7077640760399,150.97915240830275,184.5610099724788,-42263.0,-49442.0,-40921.0,-58925.0,0.0755987594478342,24120872.0,0.52,11.5,33.5,,0.0
부산광역시,2004,actual_registered_est,1809016.0,140.42827290552654,484.17273788063153,1823508.0,1876039.0,1920239.0,144.7640986716743,145.83884984227606,181.62153947194548,-33229.0,-42263.0,-33357.0,-57475.0,0.0747195666055643,24210740.0,0.4,12.0,34.1,,0.0
부산광역시,2005,actual_registered_est,1789393.0,132.36102122792286,466.959070037959,1809016.0,1866962.0,1925224.0,140.42827290552654,143.88931339009096,176.25283957632735,-36975.0,-33229.0,-43694.0,-54909.0,0.0738099958116149,24243234.0,0.21,12.5,34.8,,0.0
부산광역시,2006,actual_registered_est,1772957.0,123.51002138717917,450.39009653220046,1789393.0,1858228.0,1912428.0,132.36102122792286,144.99878949615152,167.68243749871107,-34686.0,-36975.0,-41188.0,-47245.0,0.0727529314130853,24369561.0,0.53,13.0,35.4,,0.0
부산광역시,2007,actual_registered_est,1758736.0,114.9095859906278,434.949136588957,1772957.0,1841471.0,1902137.0,123.51002138717917,145.7077640760399,158.59669707202085,-36076.0,-34686.0,-49442.0,-44437.0,0.0718109654941225,24491190.0,0.51,13.5,36.1,,0.0
부산광역시,2008,actual_registered_est,1744222.0,107.97491940302956,419.984184876226,1758736.0,1823508.0,1887110.0,114.9095859906278,144.7640986716743,150.97915240830275,-34604.0,-36076.0,-42263.0,-40921.0,0.070697425644205,24671648.0,0.76,14.0,36.7,,0.0
부산광역시,2009,actual_registered_est,1732711.0,104.36822934842212,408.12196727070034,1744222.0,1809016.0,1876039.0,107.97491940302956,140.42827290552654,145.83884984227606,-29784.0,-34604.0,-33229.0,-33357.0,0.0699397412831283,24774341.0,0.51,14.4,37.3,,0.0
부산광역시,2010,actual_registered_est,1719564.0,102.67392448647595,398.3686732373176,1732711.0,1789393.0,1866962.0,104.36822934842212,132.36102122792286,143.88931339009096,-28466.0,-29784.0,-36975.0,-43694.0,0.0691112142326103,24881114.0,0.5,14.8,37.9,,0.0
부산광역시,2011,actual_registered_est,1719138.0,103.0764676600886,395.5119555232554,1719564.0,1772957.0,1858228.0,102.67392448647595,123.51002138717917,144.99878949615152,-24863.0,-28466.0,-34686.0,-41188.0,0.0685738779547574,25069867.0,0.77,15.0,38.5,,0.0
부산광역시,2012,actual_registered_est,1711058.0,105.10345212272436,391.6461927333137,1719138.0,1758736.0,1841471.0,103.0764676600886,114.9095859906278,145.7077640760399,-20610.0,-24863.0,-36076.0,-49442.0,0.0679331474730599,25187380.0,0.53,15.6,39.1,,0.0
부산광역시,2013,actual_registered_est,1706570.0,107.67992530751168,388.0911291106265,1711058.0,1744222.0,1823508.0,105.10345212272436,107.97491940302956,144.7640986716743,-17710.0,-20610.0,-34604.0,-42263.0,0.0674925240215478,25285319.0,0.46,16.3,39.7,,0.0
부산광역시,2014,actual_registered_est,1704522.0,109.60201646604848,384.52019576488834,1706570.0,1732711.0,1809016.0,107.67992530751168,104.36822934842212,140.42827290552654,-15092.0,-17710.0,-29784.0,-33229.0,0.0669882822520049,25445077.0,0.63,16.8,40.3,,0.0
부산광역시,2015,actual_registered_est,1703339.0,110.65609101838638,378.5016388378861,1704522.0,1719564.0,1789393.0,109.60201646604848,102.67392448647595,132.36102122792286,-13560.0,-15092.0,-28466.0,-36975.0,0.0665733626505292,25585894.0,0.53,17.5,40.9,,0.0
부산광역시,2016,actual_registered_est,1697939.0,111.4424063566124,371.1785668302375,1703339.0,1719138.0,1772957.0,110.65609101838638,103.0764676600886,123.51002138717917,-21392.0,-13560.0,-24863.0,-34686.0,0.0661424320542259,25670949.0,0.4,18.0,41.4,,0.0
부산광역시,2017,actual_registered_est,1685161.0,109.39110234491191,362.4218897347465,1697939.0,1711058.0,1758736.0,111.4424063566124,105.10345212272436,114.9095859906278,-28398.0,-21392.0,-20610.0,-36076.0,0.0654767281999742,25736793.0,0.28,18.8,42.0,24320.0,0.2
부산광역시,2018,actual_registered_est,1673513.0,107.14687548702338,356.02831057715247,1685161.0,1706570.0,1744222.0,109.39110234491191,107.67992530751168,107.97491940302956,-26759.0,-28398.0,-17710.0,-34604.0,0.0647201302482986,25857689.0,0.43,19.6,42.6,47192.0,0.4
부산광역시,2019,actual_registered_est,1660469.0,104.1519884039426,351.7576577341431,1673513.0,1704522.0,1732711.0,107.14687548702338,109.60201646604848,104.36822934842212,-23354.0,-26759.0,-15092.0,-29784.0,0.0639904355924337,25948706.0,0.35,20.4,43.1,68869.0,0.6
부산광역시,2020,actual_registered_est,1642998.0,101.73789804986768,347.9843156244804,1660469.0,1703339.0,1719564.0,104.1519884039426,110.65609101838638,102.67392448647595,-14347.0,-23354.0,-13560.0,-28466.0,0.0633733395865885,25925697.0,0.14,21.8,43.7,90702.0,0.8
부산광역시,2021,actual_registered_est,1630270.0,97.76346457040384,340.5239725690287,1642998.0,1697939.0,1719138.0,101.73789804986768,111.4424063566124,103.0764676600886,-18903.0,-14347.0,-21392.0,-24863.0,0.0630154890771077,25870941.0,-0.13,23.1,44.3,109510.0,1.0
부산광역시,2022,actual_registered_est,1613179.0,91.81853346418151,332.3125307528181,1630270.0,1685161.0,1711058.0,97.76346457040384,109.39110234491191,105.10345212272436,-13562.0,-18903.0,-28398.0,-20610.0,0.0624810650704687,25818686.0,-0.19,24.4,44.9,101165.0,1.0
부산광역시,2023,actual_registered_est,1602086.0,86.6143798062912,327.980118155055,1613179.0,1673513.0,1706570.0,91.81853346418151,107.14687548702338,107.67992530751168,-11432.0,-13562.0,-26759.0,-17710.0,0.0619525498331624,25859888.0,0.08,25.8,45.5,94043.0,1.0
부산광역시,2024,actual_registered_est,1590811.0,82.60267938968677,321.7928088155067,1602086.0,1660469.0,1704522.0,86.6143798062912,104.1519884039426,109.60201646604848,-13657.0,-11432.0,-23354.0,-15092.0,0.061476398760031,25876776.0,0.07,27.4,46.1,86901.0,1.0
부산광역시,2025,kosis_projection(중위),1576043.0,76.79143067812169,313.3543419377728,1590811.0,1642998.0,1703339.0,82.60267938968677,101.73789804986768,110.65609101838638,-12181.0,-13657.0,-14347.0,-13560.0,0.0609973262923078,25837903.0,-0.13,29.3,46.7,78357.0,1.0
부산광역시,2026,kosis_projection(중위),1561238.0,71.46996656114743,305.3752438127051,1576043.0,1630270.0,1697939.0,76.79143067812169,97.76346457040384,111.4424063566124,-4765.0,-12181.0,-18903.0,-21392.0,0.0605247083820571,25795052.0,-0.15,31.3,47.3,72872.0,1.0
부산광역시,2027,kosis_projection(중위),1546776.0,69.10377557524595,296.6266073221188,1561238.0,1613179.0,1685161.0,71.46996656114743,91.81853346418151,109.39110234491191,,-4765.0,-13562.0,-28398.0,0.0600615442346857,25753184.0,-0.14,33.0,47.9,71540.0,1.0
부산광역시,2028,kosis_projection(중위),1532696.0,68.443756088595,286.8104696257344,1546776.0,1602086.0,1673513.0,69.10377557524595,86.6143798062912,107.14687548702338,,,-11432.0,-26759.0,0.059610493201014,25711849.0,-0.15,34.8,48.5,69396.0,1.0
부산광역시,2029,kosis_projection(중위),1519023.0,66.93485446873011,277.32767369813564,1532696.0,1590811.0,1660469.0,68.443756088595,82.60267938968677,104.1519884039426,,,-13657.0,-23354.0,0.0591744321707077,25670259.0,-0.15,36.3,49.1,67813.0,1.0
부산광역시,2030,kosis_projection(중위),1505727.0,66.29341889525942,269.32464262787903,1519023.0,1576043.0,1642998.0,66.93485446873011,76.79143067812169,101.73789804986768,,,-12181.0,-14347.0,0.0587548663488307,25627273.0,-0.15,38.0,49.7,68680.0,1.0
부산광역시,2031,kosis_projection(중위),1492684.0,66.99538071542679,261.1477274907881,1505727.0,1561238.0,1630270.0,66.29341889525942,71.46996656114743,97.76346457040384,,,-4765.0,-18903.0,0.0583490432855096,25581979.0,-0.16,39.7,50.3,69449.0,1.0
부산광역시,2032,kosis_projection(중위),1479806.0,66.95393781770555,253.45699586164176,1492684.0,1546776.0,1613179.0,66.99538071542679,69.10377557524595,91.81853346418151,,,,-13562.0,0.0579546145694991,25533877.0,-0.17,41.4,50.9,69565.0,1.0
부산광역시,2033,kosis_projection(중위),1467029.0,65.88336264608172,245.4865322352929,1479806.0,1532696.0,1602086.0,66.95393781770555,68.443756088595,86.6143798062912,,,,-11432.0,0.05757038546869,25482355.0,-0.19,43.2,51.4,69296.0,1.0
부산광역시,2034,kosis_projection(중위),1454235.0,65.01900897801036,238.7773198623136,1467029.0,1519023.0,1590811.0,65.88336264608172,66.93485446873011,82.60267938968677,,,,-13657.0,0.0571935454260069,25426558.0,-0.2,45.5,52.0,69893.0,1.0
부산광역시,2035,kosis_projection(중위),1441317.0,64.5426827538674,231.61531512020625,1454235.0,1505727.0,1576043.0,65.01900897801036,66.29341889525942,76.79143067812169,,,,-12181.0,0.0568218603059734,25365537.0,-0.22,47.7,52.5,69489.0,1.0
부산광역시,2036,kosis_projection(중위),1428208.0,62.814530012614014,223.97214033178025,1441317.0,1492684.0,1561238.0,64.5426827538674,66.99538071542679,71.46996656114743,,,,-4765.0,0.0564530177115311,25299055.0,-0.24,50.1,53.0,68137.0,1.0
부산광역시,2037,kosis_projection(중위),1414916.0,60.17824397047042,217.7440078353553,1428208.0,1479806.0,1546776.0,62.814530012614014,66.95393781770555,69.10377557524595,,,,,0.0560877046549771,25226848.0,-0.27,52.4,53.4,64447.0,1.0
부산광역시,2038,kosis_projection(중위),1401245.0,56.860635040516485,211.69611305413807,1414916.0,1467029.0,1532696.0,60.17824397047042,65.88336264608172,68.443756088595,,,,,0.0557240439260933,25146147.0,-0.3,54.7,53.9,60950.0,1.0
부산광역시,2039,kosis_projection(중위),1387075.0,53.58145378491139,205.04366127076892,1401245.0,1454235.0,1519023.0,56.860635040516485,65.01900897801036,66.93485446873011,,,,,0.0553606087661398,25055270.0,-0.34,57.1,54.3,56136.0,1.0
부산광역시,2040,kosis_projection(중위),1372452.0,49.45606838336441,198.9865664487941,1387075.0,1441317.0,1505727.0,53.58145378491139,64.5426827538674,66.29341889525942,,,,,0.0549978438889007,24954651.0,-0.38,59.1,54.6,50154.0,1.0
부산광역시,2041,kosis_projection(중위),1357414.0,45.20078371415599,192.91511812316733,1372452.0,1428208.0,1492684.0,49.45606838336441,62.814530012614014,66.99538071542679,,,,,0.0546366688929249,24844377.0,-0.42,60.9,55.0,44850.0,1.0
부산광역시,2042,kosis_projection(중위),1342079.0,41.72039483416337,186.0525890259241,1357414.0,1414916.0,1479806.0,45.20078371415599,60.17824397047042,66.95393781770555,,,,,0.0542802777951241,24724984.0,-0.45,62.6,55.4,41039.0,1.0
부산광역시,2043,kosis_projection(중위),1326499.0,38.87329631586097,178.09498988034358,1342079.0,1401245.0,1467029.0,41.72039483416337,56.860635040516485,65.88336264608172,,,,,0.0539300896382595,24596640.0,-0.49,64.4,55.7,37789.0,1.0
부산광역시,2044,kosis_projection(중위),1310710.0,36.36873182125581,170.86511375955064,1326499.0,1387075.0,1454235.0,38.87329631586097,53.58145378491139,65.01900897801036,,,,,0.0535869060390392,24459520.0,-0.53,66.2,56.0,35699.0,1.0
부산광역시,2045,kosis_projection(중위),1294840.0,34.278527638558785,163.90910452116518,1310710.0,1372452.0,1441317.0,36.36873182125581,49.45606838336441,64.5426827538674,,,,,0.0532553113108228,24313819.0,-0.58,68.4,56.4,35194.0,1.0
부산광역시,2046,kosis_projection(중위),1278883.0,32.69522643173473,156.42711720682055,1294840.0,1357414.0,1428208.0,34.278527638558785,45.20078371415599,62.814530012614014,,,,,0.0529362916568911,24158908.0,-0.62,70.7,56.7,27758.0,0.8
부산광역시,2047,kosis_projection(중위),1262814.0,31.78331734611136,149.5061715659701,1278883.0,1342079.0,1414916.0,32.69522643173473,41.72039483416337,60.17824397047042,,,,,0.0526293766855446,23994470.0,-0.67,72.9,57.0,20500.0,0.6
부산광역시,2048,kosis_projection(중위),1246694.0,31.48278327520212,143.16663905285895,1262814.0,1326499.0,1401245.0,31.78331734611136,38.87329631586097,56.860635040516485,,,,,0.0523368097087075,23820596.0,-0.72,74.9,57.3,13910.0,0.4
부산광역시,2049,kosis_projection(중위),1230491.0,31.75852601123858,137.8640264532174,1246694.0,1310710.0,1387075.0,31.48278327520212,36.36873182125581,53.58145378491139,,,,,0.0520579541899344,23636945.0,-0.77,76.3,57.7,7265.0,0.2
부산광역시,2050,kosis_projection(중위),1214182.0,32.503404710217865,132.5918863079632,1230491.0,1294840.0,1372452.0,31.75852601123858,34.278527638558785,49.45606838336441,,,,,0.0517922773848155,23443302.0,-0.82,77.3,58.1,,0.0
부산광역시,2051,kosis_projection(중위),1197724.0,33.39179067772894,127.830487192021,1214182.0,1278883.0,1357414.0,32.503404710217865,32.69522643173473,45.20078371415599,,,,,0.0515366206673069,23240251.0,-0.87,78.4,58.4,,0.0
부산광역시,2052,kosis_projection(중위),1181178.0,34.15590361953528,124.3450492036337,1197724.0,1262814.0,1342079.0,33.39179067772894,31.78331734611136,41.72039483416337,,,,,0.0512922037351077,23028412.0,-0.92,79.3,58.8,,0.0
서울특별시,1970,actual_registered_est,2864147.0,213.53194909158293,677.9271130422064,,,,,,,293828.0,,,,0.1756218050996017,16308607.0,2.18,5.7,18.5,,0.0
서울특별시,1971,actual_registered_est,2991528.0,224.59323424709729,703.511549812076,2864147.0,,,213.53194909158293,,,252689.0,293828.0,,,0.179683394995124,16648884.0,1.97,5.8,18.6,,0.0
서울특별시,1972,actual_registered_est,3120911.0,237.7366998799782,734.8754266912922,2991528.0,,,224.59323424709729,,,138774.0,252689.0,,,0.1840654897856369,16955438.0,1.88,5.6,18.7,,0.0
서울특별시,1973,actual_registered_est,3245901.0,247.7948069647952,767.3944951066053,3120911.0,,,237.7366998799782,,,184590.0,138774.0,,,0.1883332848850618,17234877.0,1.77,5.6,18.9,,0.0
서울특별시,1974,actual_registered_est,3372843.0,262.0374854909365,807.4658496677357,3245901.0,,,247.7948069647952,,,230732.0,184590.0,,,0.1925773698325069,17514223.0,1.71,5.7,19.2,,0.0
서울특별시,1975,actual_registered_est,3493989.0,286.1279390554417,851.2355767970606,3372843.0,2864147.0,,262.0374854909365,213.53194909158293,,459569.0,230732.0,293828.0,,0.1966690772870254,17765828.0,1.68,6.0,19.6,,0.0
서울특별시,1976,actual_registered_est,3645645.0,318.8373278214087,907.177808032024,3493989.0,2991528.0,,286.1279390554417,224.59323424709729,,260890.0,459569.0,252689.0,,0.2018796906919693,18058503.0,1.6,6.0,20.0,,0.0
서울특별시,1977,actual_registered_est,3799541.0,347.41250878766334,966.4948495522486,3645645.0,3120911.0,,318.8373278214087,237.7366998799782,,215396.0,260890.0,138774.0,,0.2070660450447033,18349416.0,1.56,6.0,20.5,,0.0
서울특별시,1978,actual_registered_est,3955311.0,376.0580384433943,1033.3384044580305,3799541.0,3245901.0,,347.41250878766334,247.7948069647952,,278528.0,215396.0,184590.0,,0.2122260607705405,18637254.0,1.52,6.0,20.9,,0.0
서울특별시,1979,actual_registered_est,4113208.0,404.8838521039803,1107.1230072428268,3955311.0,3372843.0,,376.0580384433943,262.0374854909365,,148425.0,278528.0,230732.0,,0.217292490750216,18929361.0,1.52,6.1,21.4,,0.0
서울특별시,1980,actual_registered_est,4274921.0,430.5081260826428,1182.5571963557193,4113208.0,3493989.0,2864147.0,404.8838521039803,286.1279390554417,213.53194909158293,164904.0,148425.0,459569.0,293828.0,0.2222384940196725,19235736.0,1.56,6.1,21.8,,0.0
서울특별시,1981,actual_registered_est,4413309.0,455.903915797713,1253.7246230992068,4274921.0,3645645.0,2991528.0,430.5081260826428,318.8373278214087,224.59323424709729,148382.0,164904.0,260890.0,252689.0,0.2259101807564415,19535680.0,1.56,6.2,22.2,,0.0
서울특별시,1982,actual_registered_est,4543903.0,473.7467424745744,1313.7822139363548,4413309.0,3799541.0,3120911.0,455.903915797713,347.41250878766334,237.7366998799782,131860.0,148382.0,215396.0,138774.0,0.2290574789266653,19837392.0,1.55,6.3,22.7,,0.0
서울특별시,1983,actual_registered_est,4672572.0,482.62825076272617,1368.2848416695545,4543903.0,3955311.0,3245901.0,473.7467424745744,376.0580384433943,247.7948069647952,141831.0,131860.0,278528.0,184590.0,0.2321299689206483,20129120.0,1.47,6.3,23.2,,0.0
서울특별시,1984,actual_registered_est,4792911.0,484.0696740169011,1420.882588938654,4672572.0,4113208.0,3372843.0,482.62825076272617,404.8838521039803,262.0374854909365,132746.0,141831.0,148425.0,230732.0,0.2352328753004575,20375175.0,1.23,6.4,23.8,,0.0
서울특별시,1985,actual_registered_est,4876533.0,479.4170775753979,1461.7618469774748,4792911.0,4274921.0,3493989.0,484.0696740169011,430.5081260826428,286.1279390554417,30364.0,132746.0,164904.0,459569.0,0.2370056280254281,20575600.0,0.98,6.5,24.3,,0.0
서울특별시,1986,actual_registered_est,4926219.0,476.5799604462244,1502.749714607252,4876533.0,4413309.0,3645645.0,479.4170775753979,455.903915797713,318.8373278214087,-5823.0,30364.0,148382.0,260890.0,0.2371567355801178,20771997.0,0.99,6.6,24.8,,0.0
서울특별시,1987,actual_registered_est,4987271.0,473.8797582906983,1537.6617886794168,4926219.0,4543903.0,3799541.0,476.5799604462244,473.7467424745744,347.41250878766334,84399.0,-5823.0,131860.0,215396.0,0.2379425457467039,20959980.0,0.99,6.7,25.4,,0.0
서울특별시,1988,actual_registered_est,5099544.0,476.6531122772412,1592.560845058506,4987271.0,4672572.0,3955311.0,473.8797582906983,482.62825076272617,376.0580384433943,188556.0,84399.0,141831.0,278528.0,0.2410536290181915,21155226.0,0.98,6.9,25.9,,0.0
서울특별시,1989,actual_registered_est,5220199.0,486.7824987682347,1645.6796457272733,5099544.0,4792911.0,4113208.0,476.6531122772412,484.0696740169011,404.8838521039803,109644.0,188556.0,132746.0,148425.0,0.2444212164698596,21357389.0,0.99,7.0,26.4,,0.0
서울특별시,1990,actual_registered_est,5272803.0,502.3867406958427,1682.4076943941193,5220199.0,4876533.0,4274921.0,486.7824987682347,479.4170775753979,430.5081260826428,-90992.0,109644.0,30364.0,164904.0,0.2444713812444359,21568181.0,0.99,7.4,27.0,,0.0
서울특별시,1991,actual_registered_est,5266726.0,506.79324165007705,1680.7906958010096,5272803.0,4926219.0,4413309.0,502.3867406958427,476.5799604462244,455.903915797713,-36879.0,-90992.0,-5823.0,148382.0,0.2417713364090585,21783914.0,0.99,7.5,27.5,,0.0
서울특별시,1992,actual_registered_est,5259938.0,509.3392850398558,1672.0033965423363,5266726.0,4987271.0,4543903.0,506.79324165007705,473.8797582906983,473.7467424745744,-104884.0,-36879.0,84399.0,131860.0,0.2389397853286971,22013655.0,1.04,7.7,27.9,,0.0
서울특별시,1993,actual_registered_est,5248516.0,506.0183397578096,1652.6225076866149,5259938.0,5099544.0,4672572.0,509.3392850398558,476.6531122772412,482.62825076272617,-182632.0,-104884.0,188556.0,141831.0,0.235967326414044,22242554.0,1.02,7.9,28.4,,0.0
서울특별시,1994,actual_registered_est,5232588.0,494.9127103357594,1622.463010414908,5248516.0,5220199.0,4792911.0,506.0183397578096,486.7824987682347,484.0696740169011,-236497.0,-182632.0,109644.0,132746.0,0.2328440952887476,22472496.0,1.01,8.1,28.8,,0.0
서울특별시,1995,actual_registered_est,5212363.0,477.1879945671696,1584.7763635867211,5232588.0,5272803.0,4876533.0,494.9127103357594,502.3867406958427,479.4170775753979,-321898.0,-236497.0,-90992.0,30364.0,0.229565623118696,22705329.0,1.01,8.3,29.3,,0.0
서울특별시,1996,actual_registered_est,5137748.0,450.4797607513212,1526.9366434923445,5212363.0,5266726.0,4926219.0,477.1879945671696,506.79324165007705,476.5799604462244,-211237.0,-321898.0,-36879.0,-5823.0,0.2241159157499186,22924512.0,0.95,8.6,29.8,,0.0
서울특별시,1997,actual_registered_est,5098995.0,425.1448583286845,1486.3198730722556,5137748.0,5259938.0,4987271.0,450.4797607513212,509.3392850398558,473.8797582906983,-178319.0,-211237.0,-104884.0,84399.0,0.2202771183041781,23148092.0,0.94,8.9,30.3,,0.0
서울특별시,1998,actual_registered_est,5060672.0,404.881522103338,1450.5576782065125,5098995.0,5248516.0,5099544.0,425.1448583286845,506.0183397578096,476.6531122772412,-134013.0,-178319.0,-182632.0,188556.0,0.2172360622186206,23295727.0,0.72,9.3,30.7,,0.0
서울특별시,1999,actual_registered_est,5050557.0,392.618396495412,1432.150761249459,5060672.0,5232588.0,5220199.0,404.881522103338,494.9127103357594,486.7824987682347,-81122.0,-134013.0,-236497.0,109644.0,0.2153036104735488,23457837.0,0.71,9.6,31.2,,0.0
서울특별시,2000,actual_registered_est,5075696.0,391.19082896000623,1430.120270623505,5050557.0,5212363.0,5272803.0,392.618396495412,477.1879945671696,502.3867406958427,-46939.0,-81122.0,-321898.0,-90992.0,0.2144651008340006,23666769.0,0.84,10.1,31.8,,0.0
서울특별시,2001,actual_registered_est,5079359.0,396.34582323395335,1421.0352631172943,5075696.0,5137748.0,5266726.0,391.19082896000623,450.4797607513212,506.79324165007705,-113949.0,-46939.0,-211237.0,-36879.0,0.2129266474480308,23854971.0,0.77,10.5,32.3,,0.0
서울특별시,2002,actual_registered_est,5053965.0,399.8987439218771,1401.2463044321871,5079359.0,5098995.0,5259938.0,396.34582323395335,425.1448583286845,509.3392850398558,-106421.0,-113949.0,-178319.0,-104884.0,0.2106575625067289,23991377.0,0.58,11.0,32.9,,0.0
서울특별시,2003,actual_registered_est,5044288.0,400.4544020428441,1380.6786671188097,5053965.0,5060672.0,5248516.0,399.8987439218771,404.881522103338,506.0183397578096,-68968.0,-106421.0,-134013.0,-182632.0,0.2091254412361211,24120872.0,0.52,11.5,33.5,,0.0
서울특별시,2004,actual_registered_est,5038512.0,391.123980204581,1348.5287857511578,5044288.0,5050557.0,5232588.0,400.4544020428441,392.618396495412,494.9127103357594,-47204.0,-68968.0,-81122.0,-236497.0,0.2081106153715252,24210740.0,0.4,12.0,34.1,,0.0
서울특별시,2005,actual_registered_est,5012084.0,370.7427919524288,1307.950843438045,5038512.0,5075696.0,5212363.0,391.123980204581,391.19082896000623,477.1879945671696,-51007.0,-47204.0,-46939.0,-321898.0,0.2067415593150649,24243234.0,0.21,12.5,34.8,,0.0
서울특별시,2006,actual_registered_est,5016395.0,349.4585902176638,1274.3313167175784,5012084.0,5079359.0,5137748.0,370.7427919524288,396.34582323395335,450.4797607513212,-36551.0,-51007.0,-113949.0,-211237.0,0.205846752840562,24369561.0,0.53,13.0,35.4,,0.0
서울특별시,2007,actual_registered_est,5012803.0,327.51880747455954,1239.7052978619497,5016395.0,5053965.0,5098995.0,349.4585902176638,399.8987439218771,425.1448583286845,-52883.0,-36551.0,-106421.0,-178319.0,0.2046778045493093,24491190.0,0.51,13.5,36.1,,0.0
서울특별시,2008,actual_registered_est,5026851.0,311.18391556581594,1210.395190365241,5012803.0,5044288.0,5060672.0,327.51880747455954,400.4544020428441,404.881522103338,-57994.0,-52883.0,-68968.0,-134013.0,0.2037501102480061,24671648.0,0.76,14.0,36.7,,0.0
서울특별시,2009,actual_registered_est,5028886.0,302.91025301684414,1184.5015397836587,5026851.0,5038512.0,5050557.0,311.18391556581594,391.123980204581,392.618396495412,-52264.0,-57994.0,-47204.0,-81122.0,0.2029876798741084,24774341.0,0.51,14.4,37.3,,0.0
서울특별시,2010,actual_registered_est,4994235.0,298.20216476834554,1157.0065265296173,5028886.0,5012084.0,5075696.0,302.91025301684414,370.7427919524288,391.19082896000623,-115023.0,-52264.0,-51007.0,-46939.0,0.2007239306085732,24881114.0,0.5,14.8,37.9,,0.0
서울특별시,2011,actual_registered_est,4977967.0,298.4700788933106,1145.2515520570385,4994235.0,5016395.0,5079359.0,298.20216476834554,349.4585902176638,396.34582323395335,-113058.0,-115023.0,-36551.0,-113949.0,0.1985637578372474,25069867.0,0.77,15.0,38.5,,0.0
서울특별시,2012,actual_registered_est,4951465.0,304.14869897154,1133.3469792971698,4977967.0,5012803.0,5053965.0,298.4700788933106,327.51880747455954,399.8987439218771,-103647.0,-113058.0,-52883.0,-106421.0,0.1965851549466439,25187380.0,0.53,15.6,39.1,,0.0
서울특별시,2013,actual_registered_est,4918124.0,310.3202476154395,1118.430709707818,4951465.0,5026851.0,5044288.0,304.14869897154,311.18391556581594,400.4544020428441,-100550.0,-103647.0,-57994.0,-68968.0,0.1945051197495274,25285319.0,0.46,16.3,39.7,,0.0
서울특별시,2014,actual_registered_est,4904120.0,315.3385177730048,1106.3120232267488,4918124.0,5028886.0,5038512.0,310.3202476154395,302.91025301684414,391.123980204581,-87831.0,-100550.0,-52264.0,-47204.0,0.1927335492048226,25445077.0,0.63,16.8,40.3,,0.0
서울특별시,2015,actual_registered_est,4881464.0,317.12050548186613,1084.7177948301205,4904120.0,4994235.0,5012084.0,315.3385177730048,298.20216476834554,370.7427919524288,-137256.0,-87831.0,-115023.0,-51007.0,0.1907873142912262,25585894.0,0.53,17.5,40.9,,0.0
서울특별시,2016,actual_registered_est,4820273.0,316.37345182353846,1053.737515817994,4881464.0,4977967.0,5016395.0,317.12050548186613,298.4700788933106,349.4585902176638,-140257.0,-137256.0,-113058.0,-36551.0,0.1877715155758363,25670949.0,0.4,18.0,41.4,,0.0
서울특별시,2017,actual_registered_est,4772820.0,309.824426920539,1026.4742916337327,4820273.0,4951465.0,5012803.0,316.37345182353846,304.14869897154,327.51880747455954,-98486.0,-140257.0,-103647.0,-52883.0,0.1854473476940192,25736793.0,0.28,18.8,42.0,73520.0,0.2
서울특별시,2018,actual_registered_est,4735107.0,303.1658075836476,1007.3612488292882,4772820.0,4918124.0,5026851.0,309.824426920539,310.3202476154395,311.18391556581594,-110230.0,-98486.0,-100550.0,-57994.0,0.1831218172668098,25857689.0,0.43,19.6,42.6,143342.0,0.4
서울특별시,2019,actual_registered_est,4703424.0,295.0196371668639,996.3844007750546,4735107.0,4904120.0,5028886.0,303.1658075836476,315.3385177730048,302.91025301684414,-49588.0,-110230.0,-87831.0,-52264.0,0.1812585182474995,25948706.0,0.35,20.4,43.1,209794.0,0.6
서울특별시,2020,actual_registered_est,4666345.0,288.94991465328,988.3243140239464,4703424.0,4881464.0,4994235.0,295.0196371668639,317.12050548186613,298.20216476834554,-64850.0,-49588.0,-137256.0,-115023.0,0.1799891821616213,25925697.0,0.14,21.8,43.7,279200.0,0.8
서울특별시,2021,actual_registered_est,4604919.0,276.1461816178176,961.856202493206,4666345.0,4820273.0,4977967.0,288.94991465328,316.37345182353846,298.4700788933106,-106243.0,-64850.0,-140257.0,-113058.0,0.1779958061826974,25870941.0,-0.13,23.1,44.3,338676.0,1.0
서울특별시,2022,actual_registered_est,4552192.0,259.1005669472386,937.7449396457132,4604919.0,4772820.0,4951465.0,276.1461816178176,309.824426920539,304.14869897154,-35340.0,-106243.0,-98486.0,-103647.0,0.176313852687933,25818686.0,-0.19,24.4,44.9,318261.0,1.0
서울특별시,2023,actual_registered_est,4535176.0,245.18749714583143,928.4442659969376,4552192.0,4735107.0,4918124.0,259.1005669472386,303.1658075836476,310.3202476154395,-31250.0,-35340.0,-110230.0,-100550.0,0.1753749281512742,25859888.0,0.08,25.8,45.5,300630.0,1.0
서울특별시,2024,actual_registered_est,4520521.0,234.72753635557348,914.421103386564,4535176.0,4703424.0,4904120.0,245.18749714583143,295.0196371668639,315.3385177730048,-44692.0,-31250.0,-49588.0,-87831.0,0.1746941350035259,25876776.0,0.07,27.4,46.1,285631.0,1.0
서울특별시,2025,kosis_projection(중위),4487832.0,218.6660135053778,892.2863418620423,4520521.0,4666345.0,4881464.0,234.72753635557348,288.94991465328,317.12050548186613,-26769.0,-44692.0,-64850.0,-137256.0,0.1736918046329069,25837903.0,-0.13,29.3,46.7,262904.0,1.0
서울특별시,2026,kosis_projection(중위),4456334.0,204.00095434860307,871.6506271054428,4487832.0,4604919.0,4820273.0,218.6660135053778,276.1461816178176,316.37345182353846,-18412.0,-26769.0,-106243.0,-140257.0,0.1727592563100861,25795052.0,-0.15,31.3,47.3,251948.0,1.0
서울특별시,2027,kosis_projection(중위),4426944.0,197.77818162434733,848.9589827648023,4456334.0,4552192.0,4772820.0,204.00095434860307,259.1005669472386,309.824426920539,,-18412.0,-35340.0,-98486.0,0.17189889995738,25753184.0,-0.14,33.0,47.9,250982.0,1.0
서울특별시,2028,kosis_projection(중위),4399089.0,196.44481001321927,823.193106797044,4426944.0,4535176.0,4735107.0,197.77818162434733,245.18749714583143,303.1658075836476,,,-31250.0,-110230.0,0.1710918961915185,25711849.0,-0.15,34.8,48.5,247617.0,1.0
서울특별시,2029,kosis_projection(중위),4372478.0,192.67066963286533,798.2822854138988,4399089.0,4520521.0,4703424.0,196.44481001321927,234.72753635557348,295.0196371668639,,,-44692.0,-49588.0,0.1703324458082016,25670259.0,-0.15,36.3,49.1,242127.0,1.0
서울특별시,2030,kosis_projection(중위),4347133.0,191.39346572280752,777.5579780935453,4372478.0,4487832.0,4666345.0,192.67066963286533,218.6660135053778,288.94991465328,,,-26769.0,-64850.0,0.169629168113205,25627273.0,-0.15,38.0,49.7,243569.0,1.0
서울특별시,2031,kosis_projection(중위),4322978.0,194.02603426740976,756.3127096509858,4347133.0,4456334.0,4604919.0,191.39346572280752,204.00095434860307,276.1461816178176,,,-18412.0,-106243.0,0.168985284523922,25581979.0,-0.16,39.7,50.3,241902.0,1.0
서울특별시,2032,kosis_projection(중위),4299848.0,194.5469579239344,736.4658318331516,4322978.0,4426944.0,4552192.0,194.02603426740976,197.77818162434733,259.1005669472386,,,,-35340.0,0.1683977721048785,25533877.0,-0.17,41.4,50.9,238116.0,1.0
서울특별시,2033,kosis_projection(중위),4277731.0,192.1102464745999,715.8177166405109,4299848.0,4399089.0,4535176.0,194.5469579239344,196.44481001321927,245.18749714583143,,,,-31250.0,0.1678703165386401,25482355.0,-0.19,43.2,51.4,232471.0,1.0
서울특별시,2034,kosis_projection(중위),4256570.0,190.3117192513793,698.9051813539958,4277731.0,4372478.0,4520521.0,192.1102464745999,192.67066963286533,234.72753635557348,,,,-44692.0,0.1674064574528727,25426558.0,-0.2,45.5,52.0,229407.0,1.0
서울특별시,2035,kosis_projection(중위),4236149.0,189.69624378614324,680.7364275389428,4256570.0,4347133.0,4487832.0,190.3117192513793,191.39346572280752,218.6660135053778,,,,-26769.0,0.1670041127061493,25365537.0,-0.22,47.7,52.5,223656.0,1.0
서울특별시,2036,kosis_projection(중위),4216213.0,185.43478122799576,661.1881810665367,4236149.0,4322978.0,4456334.0,189.69624378614324,194.02603426740976,204.00095434860307,,,,-18412.0,0.1666549600370448,25299055.0,-0.24,50.1,53.0,215547.0,1.0
서울특별시,2037,kosis_projection(중위),4196577.0,178.48595573649945,645.8189003231797,4216213.0,4299848.0,4426944.0,185.43478122799576,194.5469579239344,197.77818162434733,,,,,0.1663536007352167,25226848.0,-0.27,52.4,53.4,200679.0,1.0
서울특별시,2038,kosis_projection(중위),4176504.0,169.47690781359242,630.9743570575168,4196577.0,4277731.0,4399089.0,178.48595573649945,192.1102464745999,196.44481001321927,,,,,0.166089222336925,25146147.0,-0.3,54.7,53.9,187635.0,1.0
서울특별시,2039,kosis_projection(중위),4155366.0,160.51803347936635,614.2648800966567,4176504.0,4256570.0,4372478.0,169.47690781359242,190.3117192513793,192.67066963286533,,,,,0.1658479832785677,25055270.0,-0.34,57.1,54.3,172547.0,1.0
서울특별시,2040,kosis_projection(중위),4133113.0,148.9360058961424,599.2442465127194,4155366.0,4236149.0,4347133.0,160.51803347936635,189.69624378614324,191.39346572280752,,,,,0.1656249570470851,24954651.0,-0.38,59.1,54.6,154521.0,1.0
서울특별시,2041,kosis_projection(중위),4109690.0,136.84933912736255,584.0674486925872,4133113.0,4216213.0,4322978.0,148.9360058961424,185.43478122799576,194.02603426740976,,,,,0.165417309518367,24844377.0,-0.42,60.9,55.0,139213.0,1.0
서울특별시,2042,kosis_projection(중위),4085110.0,126.99133370016902,566.3193388434606,4109690.0,4196577.0,4299848.0,136.84933912736255,178.48595573649945,194.5469579239344,,,,,0.1652219471608151,24724984.0,-0.45,62.6,55.4,127515.0,1.0
서울특별시,2043,kosis_projection(중위),4059243.0,118.95686009343726,544.9916215593495,4085110.0,4176504.0,4277731.0,126.99133370016902,169.47690781359242,192.1102464745999,,,,,0.1650324190621158,24596640.0,-0.49,64.4,55.7,117635.0,1.0
서울특별시,2044,kosis_projection(중위),4031979.0,111.87674081981152,525.6117299105974,4059243.0,4155366.0,4256570.0,118.95686009343726,160.51803347936635,190.3117192513793,,,,,0.1648429323224658,24459520.0,-0.53,66.2,56.0,111034.0,1.0
서울특별시,2045,kosis_projection(중위),4003447.0,105.98395835702112,506.7818516325918,4031979.0,4133113.0,4236149.0,111.87674081981152,148.9360058961424,189.69624378614324,,,,,0.1646572675399121,24313819.0,-0.58,68.4,56.4,110143.0,1.0
서울특별시,2046,kosis_projection(중위),3973648.0,101.58812113384091,486.0384424803897,4003447.0,4109690.0,4216213.0,105.98395835702112,136.84933912736255,185.43478122799576,,,,,0.1644796196914198,24158908.0,-0.62,70.7,56.7,86707.0,0.8
서울특별시,2047,kosis_projection(중위),3942521.0,99.22791170093798,466.7601254249953,3973648.0,4085110.0,4196577.0,101.58812113384091,126.99133370016902,178.48595573649945,,,,,0.1643095679962924,23994470.0,-0.67,72.9,57.0,64920.0,0.6
서울특별시,2048,kosis_projection(중위),3910146.0,98.74297870399508,449.029562206909,3942521.0,4059243.0,4176504.0,99.22791170093798,118.95686009343726,169.47690781359242,,,,,0.1641497970915589,23820596.0,-0.72,74.9,57.3,44663.0,0.4
서울특별시,2049,kosis_projection(중위),3876528.0,100.05178040415954,434.3256137091925,3910146.0,4031979.0,4155366.0,98.74297870399508,111.87674081981152,160.51803347936635,,,,,0.1640029200051022,23636945.0,-0.77,76.3,57.7,23453.0,0.2
서울특별시,2050,kosis_projection(중위),3841602.0,102.83890268640316,419.5131006920248,3876528.0,4003447.0,4133113.0,100.05178040415954,105.98395835702112,148.9360058961424,,,,,0.1638677862017901,23443302.0,-0.82,77.3,58.1,,0.0
서울특별시,2051,kosis_projection(중위),3805460.0,106.09382775369816,406.1484998127684,3841602.0,3973648.0,4109690.0,102.83890268640316,101.58812113384091,136.84933912736255,,,,,0.1637443588711671,23240251.0,-0.87,78.4,58.4,,0.0
서울특별시,2052,kosis_projection(중위),3768447.0,108.97147807301428,396.71220394918106,3805460.0,3942521.0,4085110.0,106.09382775369816,99.22791170093798,126.99133370016902,,,,,0.1636433723697491,23028412.0,-0.92,79.3,58.8,,0.0
세종특별자치시,1970,actual_registered_est,,,,,,,,,,0.0,,,,,16308607.0,2.18,5.7,18.5,,0.0
세종특별자치시,1971,actual_registered_est,,,,,,,,,,0.0,0.0,,,,16648884.0,1.97,5.8,18.6,,0.0
세종특별자치시,1972,actual_registered_est,,,,,,,,,,0.0,0.0,,,,16955438.0,1.88,5.6,18.7,,0.0
세종특별자치시,1973,actual_registered_est,,,,,,,,,,0.0,0.0,,,,17234877.0,1.77,5.6,18.9,,0.0
세종특별자치시,1974,actual_registered_est,,,,,,,,,,0.0,0.0,,,,17514223.0,1.71,5.7,19.2,,0.0
세종특별자치시,1975,actual_registered_est,,,,,,,,,,0.0,0.0,0.0,,,17765828.0,1.68,6.0,19.6,,0.0
세종특별자치시,1976,actual_registered_est,,,,,,,,,,0.0,0.0,0.0,,,18058503.0,1.6,6.0,20.0,,0.0
세종특별자치시,1977,actual_registered_est,,,,,,,,,,0.0,0.0,0.0,,,18349416.0,1.56,6.0,20.5,,0.0
세종특별자치시,1978,actual_registered_est,,,,,,,,,,0.0,0.0,0.0,,,18637254.0,1.52,6.0,20.9,,0.0
세종특별자치시,1979,actual_registered_est,,,,,,,,,,0.0,0.0,0.0,,,18929361.0,1.52,6.1,21.4,,0.0
세종특별자치시,1980,actual_registered_est,,,,,,,,,,0.0,0.0,0.0,0.0,,19235736.0,1.56,6.1,21.8,,0.0
세종특별자치시,1981,actual_registered_est,,,,,,,,,,0.0,0.0,0.0,0.0,,19535680.0,1.56,6.2,22.2,,0.0
세종특별자치시,1982,actual_registered_est,,,,,,,,,,0.0,0.0,0.0,0.0,,19837392.0,1.55,6.3,22.7,,0.0
세종특별자치시,1983,actual_registered_est,,,,,,,,,,0.0,0.0,0.0,0.0,,20129120.0,1.47,6.3,23.2,,0.0
세종특별자치시,1984,actual_registered_est,,,,,,,,,,0.0,0.0,0.0,0.0,,20375175.0,1.23,6.4,23.8,,0.0
세종특별자치시,1985,actual_registered_est,,,,,,,,,,0.0,0.0,0.0,0.0,,20575600.0,0.98,6.5,24.3,,0.0
세종특별자치시,1986,actual_registered_est,,,,,,,,,,0.0,0.0,0.0,0.0,,20771997.0,0.99,6.6,24.8,,0.0
세종특별자치시,1987,actual_registered_est,,,,,,,,,,0.0,0.0,0.0,0.0,,20959980.0,0.99,6.7,25.4,,0.0
세종특별자치시,1988,actual_registered_est,,,,,,,,,,0.0,0.0,0.0,0.0,,21155226.0,0.98,6.9,25.9,,0.0
세종특별자치시,1989,actual_registered_est,,,,,,,,,,0.0,0.0,0.0,0.0,,21357389.0,0.99,7.0,26.4,,0.0
세종특별자치시,1990,actual_registered_est,,,,,,,,,,0.0,0.0,0.0,0.0,,21568181.0,0.99,7.4,27.0,,0.0
세종특별자치시,1991,actual_registered_est,,,,,,,,,,0.0,0.0,0.0,0.0,,21783914.0,0.99,7.5,27.5,,0.0
세종특별자치시,1992,actual_registered_est,,,,,,,,,,0.0,0.0,0.0,0.0,,22013655.0,1.04,7.7,27.9,,0.0
세종특별자치시,1993,actual_registered_est,,,,,,,,,,0.0,0.0,0.0,0.0,,22242554.0,1.02,7.9,28.4,,0.0
세종특별자치시,1994,actual_registered_est,,,,,,,,,,0.0,0.0,0.0,0.0,,22472496.0,1.01,8.1,28.8,,0.0
세종특별자치시,1995,actual_registered_est,,,,,,,,,,0.0,0.0,0.0,0.0,,22705329.0,1.01,8.3,29.3,,0.0
세종특별자치시,1996,actual_registered_est,,,,,,,,,,0.0,0.0,0.0,0.0,,22924512.0,0.95,8.6,29.8,,0.0
세종특별자치시,1997,actual_registered_est,,,,,,,,,,0.0,0.0,0.0,0.0,,23148092.0,0.94,8.9,30.3,,0.0
세종특별자치시,1998,actual_registered_est,,,,,,,,,,0.0,0.0,0.0,0.0,,23295727.0,0.72,9.3,30.7,,0.0
세종특별자치시,1999,actual_registered_est,,,,,,,,,,0.0,0.0,0.0,0.0,,23457837.0,0.71,9.6,31.2,,0.0
세종특별자치시,2000,actual_registered_est,,,,,,,,,,0.0,0.0,0.0,0.0,,23666769.0,0.84,10.1,31.8,,0.0
세종특별자치시,2001,actual_registered_est,,,,,,,,,,0.0,0.0,0.0,0.0,,23854971.0,0.77,10.5,32.3,,0.0
세종특별자치시,2002,actual_registered_est,,,,,,,,,,0.0,0.0,0.0,0.0,,23991377.0,0.58,11.0,32.9,,0.0
세종특별자치시,2003,actual_registered_est,,,,,,,,,,0.0,0.0,0.0,0.0,,24120872.0,0.52,11.5,33.5,,0.0
세종특별자치시,2004,actual_registered_est,,,,,,,,,,0.0,0.0,0.0,0.0,,24210740.0,0.4,12.0,34.1,,0.0
세종특별자치시,2005,actual_registered_est,,,,,,,,,,0.0,0.0,0.0,0.0,,24243234.0,0.21,12.5,34.8,,0.0
세종특별자치시,2006,actual_registered_est,,,,,,,,,,0.0,0.0,0.0,0.0,,24369561.0,0.53,13.0,35.4,,0.0
세종특별자치시,2007,actual_registered_est,,,,,,,,,,0.0,0.0,0.0,0.0,,24491190.0,0.51,13.5,36.1,,0.0
세종특별자치시,2008,actual_registered_est,,,,,,,,,,0.0,0.0,0.0,0.0,,24671648.0,0.76,14.0,36.7,,0.0
세종특별자치시,2009,actual_registered_est,,,,,,,,,,0.0,0.0,0.0,0.0,,24774341.0,0.51,14.4,37.3,,0.0
세종특별자치시,2010,actual_registered_est,,,,,,,,,,0.0,0.0,0.0,0.0,,24881114.0,0.5,14.8,37.9,,0.0
세종특별자치시,2011,actual_registered_est,,,,,,,,,,0.0,0.0,0.0,0.0,,25069867.0,0.77,15.0,38.5,,0.0
세종특별자치시,2012,actual_registered_est,52900.0,3.249435505571476,12.108346762992426,,,,,,,17493.0,0.0,0.0,0.0,0.0021002581451504,25187380.0,0.53,15.6,39.1,,0.0
세종특별자치시,2013,actual_registered_est,61123.0,3.856695051812136,13.899983056440009,52900.0,,,3.249435505571476,,,8696.0,17493.0,0.0,0.0,0.0024173315748952,25285319.0,0.46,16.3,39.7,,0.0
세종특별자치시,2014,actual_registered_est,68048.0,4.375536377049793,15.35083165920365,61123.0,,,3.856695051812136,,,33456.0,8696.0,0.0,0.0,0.0026743090618275,25445077.0,0.63,16.8,40.3,,0.0
세종특별자치시,2015,actual_registered_est,94881.0,6.163870240695197,21.08365627428097,68048.0,,,4.375536377049793,,,53044.0,33456.0,0.0,0.0,0.0037083324116014,25585894.0,0.53,17.5,40.9,,0.0
세종특별자치시,2016,actual_registered_est,118560.0,7.781558523386272,25.917851514920702,94881.0,,,6.163870240695197,,,29816.0,53044.0,0.0,0.0,0.0046184502177928,25670949.0,0.4,18.0,41.4,,0.0
세종특별자치시,2017,actual_registered_est,133811.0,8.68625181562771,28.77828022799968,118560.0,52900.0,,7.781558523386272,3.249435505571476,,34690.0,29816.0,17493.0,0.0,0.0051992103289636,25736793.0,0.28,18.8,42.0,0.0,0.2
세종특별자치시,2018,actual_registered_est,152006.0,9.732202830381643,32.33822466726619,133811.0,61123.0,,8.68625181562771,3.856695051812136,,31433.0,34690.0,8696.0,0.0,0.0058785609185724,25857689.0,0.43,19.6,42.6,0.0,0.4
세종특별자치시,2019,actual_registered_est,165825.0,10.401280287125976,35.128757955592235,152006.0,68048.0,,9.732202830381643,4.375536377049793,,23724.0,31433.0,33456.0,0.0,0.0063904920730922,25948706.0,0.35,20.4,43.1,0.0,0.6
세종특별자치시,2020,actual_registered_est,175036.0,10.83859793076841,37.07234133556251,165825.0,94881.0,,10.401280287125976,6.163870240695197,,13025.0,23724.0,53044.0,0.0,0.006751448186716,25925697.0,0.14,21.8,43.7,0.0,0.8
세종특별자치시,2021,actual_registered_est,181114.0,10.860981384803818,37.830334096724506,175036.0,118560.0,,10.83859793076841,7.781558523386272,,14085.0,13025.0,29816.0,0.0,0.007000673071768,25870941.0,-0.13,23.1,44.3,0.0,1.0
세종특별자치시,2022,actual_registered_est,191037.0,10.873397916410298,39.353344506360486,181114.0,133811.0,52900.0,10.860981384803818,8.68625181562771,3.249435505571476,10128.0,14085.0,34690.0,17493.0,0.007399175930177,25818686.0,-0.19,24.4,44.9,0.0,1.0
세종특별자치시,2023,actual_registered_est,194433.0,10.511728901492566,39.80445388901832,191037.0,152006.0,61123.0,10.873397916410298,9.732202830381643,3.856695051812136,1690.0,10128.0,31433.0,8696.0,0.0075187100578316,25859888.0,0.08,25.8,45.5,0.0,1.0
세종특별자치시,2024,actual_registered_est,195298.0,10.14082633288747,39.50531645560084,194433.0,165825.0,68048.0,10.511728901492566,10.401280287125976,4.375536377049793,2808.0,1690.0,23724.0,33456.0,0.0075472307678514,25876776.0,0.07,27.4,46.1,0.0,1.0
세종특별자치시,2025,kosis_projection(중위),199495.0,9.72023381540471,39.66428862973661,195298.0,175036.0,94881.0,10.14082633288747,10.83859793076841,6.163870240695197,-47.0,2808.0,13025.0,53044.0,0.0077210213228217,25837903.0,-0.13,29.3,46.7,0.0,1.0
세종특별자치시,2026,kosis_projection(중위),204062.0,9.341499704978272,39.91414698009415,199495.0,181114.0,118560.0,9.72023381540471,10.860981384803818,7.781558523386272,-1988.0,-47.0,14085.0,29816.0,0.0079108970200951,25795052.0,-0.15,31.3,47.3,0.0,1.0
세종특별자치시,2027,kosis_projection(중위),207891.0,9.287739794329273,39.86744171282887,204062.0,191037.0,133811.0,9.341499704978272,10.873397916410298,8.68625181562771,,-1988.0,10128.0,34690.0,0.0080724387322359,25753184.0,-0.14,33.0,47.9,0.0,1.0
세종특별자치시,2028,kosis_projection(중위),211641.0,9.450996794110726,39.60397534935829,207891.0,194433.0,152006.0,9.287739794329273,10.511728901492566,9.732202830381643,,,1690.0,31433.0,0.0082312633369929,25711849.0,-0.15,34.8,48.5,0.0,1.0
세종특별자치시,2029,kosis_projection(중위),215286.0,9.486450882675925,39.30471464867671,211641.0,195298.0,165825.0,9.450996794110726,10.14082633288747,10.401280287125976,,,2808.0,23724.0,0.0083865924375753,25670259.0,-0.15,36.3,49.1,0.0,1.0
세종특별자치시,2030,kosis_projection(중위),218821.0,9.634144978525033,39.13982257373025,215286.0,199495.0,175036.0,9.486450882675925,9.72023381540471,10.83859793076841,,,-47.0,13025.0,0.0085385987030301,25627273.0,-0.15,38.0,49.7,0.0,1.0
세종특별자치시,2031,kosis_projection(중위),222254.0,9.975313827659749,38.883733613904624,218821.0,204062.0,181114.0,9.634144978525033,9.341499704978272,10.860981384803818,,,-1988.0,14085.0,0.0086879126904138,25581979.0,-0.16,39.7,50.3,0.0,1.0
세종특별자치시,2032,kosis_projection(중위),225558.0,10.205389291762588,38.632937744920746,222254.0,207891.0,191037.0,9.975313827659749,9.287739794329273,10.873397916410298,,,,10128.0,0.00883367613935,25533877.0,-0.17,41.4,50.9,543.0,1.0
세종특별자치시,2033,kosis_projection(중위),228739.0,10.272526642828524,38.27623305126802,225558.0,211641.0,194433.0,10.205389291762588,9.450996794110726,10.511728901492566,,,,1690.0,0.0089763681574956,25482355.0,-0.19,43.2,51.4,1088.0,1.0
세종특별자치시,2034,kosis_projection(중위),231791.0,10.36340145163746,38.05879637624286,228739.0,215286.0,195298.0,10.272526642828524,9.486450882675925,10.14082633288747,,,,2808.0,0.0091160982151024,25426558.0,-0.2,45.5,52.0,1779.0,1.0
세종특별자치시,2035,kosis_projection(중위),234716.0,10.510665124505394,37.71815659133578,231791.0,218821.0,199495.0,10.36340145163746,9.634144978525033,9.72023381540471,,,,-47.0,0.0092533424386008,25365537.0,-0.22,47.7,52.5,3197.0,1.0
세종특별자치시,2036,kosis_projection(중위),237530.0,10.446892409156236,37.2495480301243,234716.0,222254.0,204062.0,10.510665124505394,9.975313827659749,9.341499704978272,,,,-1988.0,0.0093888882410825,25299055.0,-0.24,50.1,53.0,4888.0,1.0
세종특별자치시,2037,kosis_projection(중위),240240.0,10.217724113280092,36.97097244102531,237530.0,225558.0,207891.0,10.446892409156236,10.205389291762588,9.287739794329273,,,,,0.0095231873597525,25226848.0,-0.27,52.4,53.4,6089.0,1.0
세종특별자치시,2038,kosis_projection(중위),242830.0,9.85371438034649,36.68606641446453,240240.0,228739.0,211641.0,10.217724113280092,10.272526642828524,9.450996794110726,,,,,0.009656747811106,25146147.0,-0.3,54.7,53.9,7465.0,1.0
세종특별자치시,2039,kosis_projection(중위),245319.0,9.476451281337114,36.26415726567329,242830.0,231791.0,215286.0,9.85371438034649,10.36340145163746,9.486450882675925,,,,,0.0097911138055985,25055270.0,-0.34,57.1,54.3,8698.0,1.0
세종특별자치시,2040,kosis_projection(중위),247720.0,8.926546983010724,35.91597537888049,245319.0,234716.0,218821.0,9.476451281337114,10.510665124505394,9.634144978525033,,,,,0.0099268068305182,24954651.0,-0.38,59.1,54.6,9030.0,1.0
세종특별자치시,2041,kosis_projection(중위),250037.0,8.326029021018217,35.53515536907855,247720.0,237530.0,222254.0,8.926546983010724,10.446892409156236,9.975313827659749,,,,,0.0100641283941231,24844377.0,-0.42,60.9,55.0,9129.0,1.0
세종특별자치시,2042,kosis_projection(중위),252303.0,7.8431901384672,34.97679821307667,250037.0,240240.0,225558.0,8.326029021018217,10.217724113280092,10.205389291762588,,,,,0.0102043746519714,24724984.0,-0.45,62.6,55.4,9017.0,1.0
세종특별자치시,2043,kosis_projection(중위),254505.0,7.458315670700238,34.169694360490915,252303.0,242830.0,228739.0,7.8431901384672,9.85371438034649,10.272526642828524,,,,,0.0103471449758991,24596640.0,-0.49,64.4,55.7,8483.0,1.0
세종특별자치시,2044,kosis_projection(중위),256655.0,7.121496643486667,33.457733420785274,254505.0,245319.0,231791.0,7.458315670700238,9.476451281337114,10.36340145163746,,,,,0.0104930513763148,24459520.0,-0.53,66.2,56.0,8020.0,1.0
세종특별자치시,2045,kosis_projection(중위),258751.0,6.849960848448244,32.75435166040284,256655.0,247720.0,234716.0,7.121496643486667,8.926546983010724,10.510665124505394,,,,,0.0106421372964897,24313819.0,-0.58,68.4,56.4,7746.0,1.0
세종특별자치시,2046,kosis_projection(중위),260765.0,6.66657600458471,31.89558170562637,258751.0,250037.0,237530.0,6.849960848448244,8.326029021018217,10.446892409156236,,,,,0.010793741174063,24158908.0,-0.62,70.7,56.7,5956.0,0.8
세종특별자치시,2047,kosis_projection(중위),262667.0,6.610972492664027,31.09748353021004,260765.0,252303.0,240240.0,6.66657600458471,7.8431901384672,10.217724113280092,,,,,0.0109469807001363,23994470.0,-0.67,72.9,57.0,4324.0,0.6
세종특별자치시,2048,kosis_projection(중위),264456.0,6.678311545436851,30.36934219412532,262667.0,254505.0,242830.0,6.610972492664027,7.458315670700238,9.85371438034649,,,,,0.0111019892197491,23820596.0,-0.72,74.9,57.3,2937.0,0.4
세종특별자치시,2049,kosis_projection(중위),266096.0,6.867841160550171,29.81335579300892,264456.0,256655.0,245319.0,6.678311545436851,7.121496643486667,9.476451281337114,,,,,0.0112576307978886,23636945.0,-0.77,76.3,57.7,1476.0,0.2
세종특별자치시,2050,kosis_projection(중위),267573.0,7.162874683142332,29.219679417979044,266096.0,258751.0,247720.0,6.867841160550171,6.849960848448244,8.926546983010724,,,,,0.0114136225349142,23443302.0,-0.82,77.3,58.1,,0.0
세종특별자치시,2051,kosis_projection(중위),268890.0,7.496483827104186,28.69804704678417,267573.0,260765.0,250037.0,7.162874683142332,6.66657600458471,8.326029021018217,,,,,0.0115700127335113,23240251.0,-0.87,78.4,58.4,,0.0
세종특별자치시,2052,kosis_projection(중위),270010.0,7.807828740723855,28.42451073036675,268890.0,262667.0,252303.0,7.496483827104186,6.610972492664027,7.8431901384672,,,,,0.0117250811736388,23028412.0,-0.92,79.3,58.8,,0.0
울산광역시,1970,actual_registered_est,144194.0,10.750155584651106,34.12989002939022,,,,,,,0.0,,,,0.0088415889842706,16308607.0,2.18,5.7,18.5,,0.0
울산광역시,1971,actual_registered_est,153335.0,11.51184397180259,36.0594798011032,144194.0,,,10.750155584651106,,,0.0,0.0,,,0.00920992662331,16648884.0,1.97,5.8,18.6,,0.0
울산광역시,1972,actual_registered_est,162640.0,12.389169979047676,38.29655488319653,153335.0,,,11.51184397180259,,,0.0,0.0,,,0.0095922028083261,16955438.0,1.88,5.6,18.7,,0.0
울산광역시,1973,actual_registered_est,172194.0,13.145434500465644,40.71003018588268,162640.0,,,12.389169979047676,,,0.0,0.0,,,0.009991019953319,17234877.0,1.77,5.6,18.9,,0.0
울산광역시,1974,actual_registered_est,182247.0,14.158840366499923,43.630322758692245,172194.0,,,13.145434500465644,,,0.0,0.0,,,0.0104056571621818,17514223.0,1.71,5.7,19.2,,0.0
울산광역시,1975,actual_registered_est,192340.0,15.751007744421536,46.859520977640926,182247.0,144194.0,,14.158840366499923,10.750155584651106,,0.0,0.0,0.0,,0.0108264022369236,17765828.0,1.68,6.0,19.6,,0.0
울산광역시,1976,actual_registered_est,208029.0,18.193600986755385,51.765679935126414,192340.0,153335.0,,15.751007744421536,11.51184397180259,,0.0,0.0,0.0,,0.0115197256383876,18058503.0,1.6,6.0,20.0,,0.0
울산광역시,1977,actual_registered_est,224801.0,20.554766848936623,57.18296201414725,208029.0,162640.0,,18.193600986755385,12.389169979047676,,0.0,0.0,0.0,,0.0122511255944058,18349416.0,1.56,6.0,20.5,,0.0
울산광역시,1978,actual_registered_est,242774.0,23.082158198193923,63.4255303322277,224801.0,172194.0,,20.554766848936623,13.145434500465644,,0.0,0.0,0.0,,0.0130262752227339,18637254.0,1.52,6.0,20.9,,0.0
울산광역시,1979,actual_registered_est,262180.0,25.80770249027561,70.5691299926783,242774.0,182247.0,,23.082158198193923,14.158840366499923,,0.0,0.0,0.0,,0.0138504411215994,18929361.0,1.52,6.1,21.4,,0.0
울산광역시,1980,actual_registered_est,283361.0,28.536015780152137,78.38521219843665,262180.0,192340.0,144194.0,25.80770249027561,15.751007744421536,10.750155584651106,0.0,0.0,0.0,0.0,0.0147309674035867,19235736.0,1.56,6.1,21.8,,0.0
울산광역시,1981,actual_registered_est,296602.0,30.639597914724146,84.25814522855094,283361.0,208029.0,153335.0,28.536015780152137,18.193600986755385,11.51184397180259,0.0,0.0,0.0,0.0,0.0151825787482186,19535680.0,1.56,6.2,22.2,,0.0
울산광역시,1982,actual_registered_est,310318.0,32.3537147758711,89.72248506719923,296602.0,224801.0,162640.0,30.639597914724146,20.554766848936623,12.389169979047676,0.0,0.0,0.0,0.0,0.0156430845344992,19837392.0,1.55,6.3,22.7,,0.0
울산광역시,1983,actual_registered_est,324335.0,33.50044337703705,94.97609969902976,310318.0,242774.0,172194.0,32.3537147758711,23.082158198193923,13.145434500465644,0.0,0.0,0.0,0.0,0.0161127262393984,20129120.0,1.47,6.3,23.2,,0.0
울산광역시,1984,actual_registered_est,337998.0,34.136786950219715,100.20120826280464,324335.0,262180.0,182247.0,33.50044337703705,25.80770249027561,14.158840366499923,0.0,0.0,0.0,0.0,0.0165887164159326,20375175.0,1.23,6.4,23.8,,0.0
울산광역시,1985,actual_registered_est,350826.0,34.49007228239131,105.16161004708049,337998.0,283361.0,192340.0,34.136786950219715,28.536015780152137,15.751007744421536,0.0,0.0,0.0,0.0,0.0170505841870953,20575600.0,0.98,6.5,24.3,,0.0
울산광역시,1986,actual_registered_est,355942.0,34.435096020122124,108.5805846059086,350826.0,296602.0,208029.0,34.49007228239131,30.639597914724146,18.193600986755385,0.0,0.0,0.0,0.0,0.0171356658678508,20771997.0,0.99,6.6,24.8,,0.0
울산광역시,1987,actual_registered_est,364868.0,34.66897219902638,112.4951063441071,355942.0,310318.0,224801.0,34.435096020122124,32.3537147758711,20.554766848936623,0.0,0.0,0.0,0.0,0.0174078410380162,20959980.0,0.99,6.7,25.4,,0.0
울산광역시,1988,actual_registered_est,379213.0,35.44494501194411,118.42623099970729,364868.0,324335.0,242774.0,34.66897219902638,33.50044337703705,23.082158198193923,0.0,0.0,0.0,0.0,0.0179252634786317,21155226.0,0.98,6.9,25.9,,0.0
울산광역시,1989,actual_registered_est,395855.0,36.91339852176125,124.79419197608556,379213.0,337998.0,262180.0,35.44494501194411,34.136786950219715,25.80770249027561,0.0,0.0,0.0,0.0,0.0185348031072524,21357389.0,0.99,7.0,26.4,,0.0
울산광역시,1990,actual_registered_est,412832.0,39.33416874003185,131.72343690672932,395855.0,350826.0,283361.0,36.91339852176125,34.49007228239131,28.536015780152137,0.0,0.0,0.0,0.0,0.0191407889242027,21568181.0,0.99,7.4,27.0,,0.0
울산광역시,1991,actual_registered_est,430990.0,41.47221997475599,137.54351032942995,412832.0,355942.0,296602.0,39.33416874003185,34.435096020122124,30.639597914724146,0.0,0.0,0.0,0.0,0.0197847824775657,21783914.0,0.99,7.5,27.5,,0.0
울산광역시,1992,actual_registered_est,449825.0,43.55822138836107,142.98817359627748,430990.0,364868.0,310318.0,41.47221997475599,34.66897219902638,32.3537147758711,0.0,0.0,0.0,0.0,0.0204339079539494,22013655.0,1.04,7.7,27.9,,0.0
울산광역시,1993,actual_registered_est,469098.0,45.22653472785621,147.70687811769568,449825.0,379213.0,324335.0,43.55822138836107,35.44494501194411,33.50044337703705,0.0,0.0,0.0,0.0,0.0210901140219778,22242554.0,1.02,7.9,28.4,,0.0
울산광역시,1994,actual_registered_est,488792.0,46.23130533312321,151.5592169279759,469098.0,395855.0,337998.0,45.22653472785621,36.91339852176125,34.136786950219715,0.0,0.0,0.0,0.0,0.0217506769163514,22472496.0,1.01,8.1,28.8,,0.0
울산광역시,1995,actual_registered_est,508820.0,46.5820963343626,154.70256183619514,488792.0,412832.0,350826.0,46.23130533312321,39.33416874003185,34.49007228239131,0.0,0.0,0.0,0.0,0.0224097171197122,22705329.0,1.01,8.3,29.3,,0.0
울산광역시,1996,actual_registered_est,518006.0,45.4189693515036,153.95117529098263,508820.0,430990.0,355942.0,46.5820963343626,41.47221997475599,34.435096020122124,0.0,0.0,0.0,0.0,0.0225961625704398,22924512.0,0.95,8.6,29.8,,0.0
울산광역시,1997,actual_registered_est,526644.0,43.910611555738285,153.51288699719555,518006.0,449825.0,364868.0,45.4189693515036,43.55822138836107,34.66897219902638,3838.0,0.0,0.0,0.0,0.0227510759850099,23148092.0,0.94,8.9,30.3,,0.0
울산광역시,1998,actual_registered_est,529087.0,42.32986249357572,151.6540116192571,526644.0,469098.0,379213.0,43.910611555738285,45.22653472785621,35.44494501194411,-5568.0,3838.0,0.0,0.0,0.0227117616891715,23295727.0,0.72,9.3,30.7,,0.0
울산광역시,1999,actual_registered_est,530018.0,41.20235001282142,150.29345915231048,529087.0,488792.0,395855.0,42.32986249357572,46.23130533312321,36.91339852176125,-1900.0,-5568.0,0.0,0.0,0.0225944958181779,23457837.0,0.71,9.6,31.2,,0.0
울산광역시,2000,actual_registered_est,534677.0,41.20828726855376,150.64976624608008,530018.0,508820.0,412832.0,41.20235001282142,46.5820963343626,39.33416874003185,3216.0,-1900.0,0.0,0.0,0.022591888229441,23666769.0,0.84,10.1,31.8,,0.0
울산광역시,2001,actual_registered_est,541403.0,42.24604280507285,151.4665048399793,534677.0,518006.0,430990.0,41.20828726855376,45.4189693515036,41.47221997475599,5988.0,3216.0,0.0,0.0,0.022695605037625,23854971.0,0.77,10.5,32.3,,0.0
울산광역시,2002,actual_registered_est,546969.0,43.27932941051337,151.65088992285644,541403.0,526644.0,449825.0,42.24604280507285,43.910611555738285,43.55822138836107,2625.0,5988.0,3838.0,0.0,0.022798566334896,23991377.0,0.58,11.0,32.9,,0.0
울산광역시,2003,actual_registered_est,550588.0,43.70991273931335,150.70216172661256,546969.0,529087.0,469098.0,43.27932941051337,42.32986249357572,45.22653472785621,1872.0,2625.0,-5568.0,0.0,0.0228262062830896,24120872.0,0.52,11.5,33.5,,0.0
울산광역시,2004,actual_registered_est,553383.0,42.957397250924814,148.10978023776326,550588.0,530018.0,488792.0,43.70991273931335,41.20235001282142,46.23130533312321,1764.0,1872.0,-1900.0,0.0,0.0228569221758607,24210740.0,0.4,12.0,34.1,,0.0
울산광역시,2005,actual_registered_est,554975.0,41.05138320981835,144.82598841859576,553383.0,534677.0,508820.0,42.957397250924814,41.20828726855376,46.5820963343626,-392.0,1764.0,3216.0,0.0,0.0228919541015031,24243234.0,0.21,12.5,34.8,,0.0
울산광역시,2006,actual_registered_est,558244.0,38.88911483993377,141.81255893319562,554975.0,541403.0,518006.0,41.05138320981835,42.24604280507285,45.4189693515036,-2411.0,-392.0,5988.0,0.0,0.0229074294772893,24369561.0,0.53,13.0,35.4,,0.0
울산광역시,2007,actual_registered_est,560664.0,36.63180154375036,138.65658217976488,558244.0,546969.0,526644.0,38.88911483993377,43.27932941051337,43.910611555738285,-992.0,-2411.0,2625.0,3838.0,0.0228924768457555,24491190.0,0.51,13.5,36.1,,0.0
울산광역시,2008,actual_registered_est,568153.0,35.171138985513004,136.8032707935013,560664.0,550588.0,529087.0,36.63180154375036,43.70991273931335,42.32986249357572,3906.0,-992.0,1872.0,-5568.0,0.023028579201519,24671648.0,0.76,14.0,36.7,,0.0
울산광역시,2009,actual_registered_est,571366.0,34.41569755711746,134.57928988249682,568153.0,553383.0,530018.0,35.171138985513004,42.957397250924814,41.20235001282142,-5031.0,3906.0,1764.0,-1900.0,0.0230628132550528,24774341.0,0.51,14.4,37.3,,0.0
울산광역시,2010,actual_registered_est,571568.0,34.12791246553551,132.41425490700382,571366.0,554975.0,534677.0,34.41569755711746,41.05138320981835,41.20828726855376,-3525.0,-5031.0,-392.0,3216.0,0.0229719617859554,24881114.0,0.5,14.8,37.9,,0.0
울산광역시,2011,actual_registered_est,578008.0,34.656335279234405,132.97889662614972,571568.0,558244.0,541403.0,34.12791246553551,38.88911483993377,42.24604280507285,1872.0,-3525.0,-2411.0,5988.0,0.0230558861760215,25069867.0,0.77,15.0,38.5,,0.0
울산광역시,2012,actual_registered_est,584553.0,35.90675374458077,133.79906286101155,578008.0,560664.0,546969.0,34.656335279234405,36.63180154375036,43.27932941051337,4006.0,1872.0,-992.0,2625.0,0.0232081701232919,25187380.0,0.53,15.6,39.1,,0.0
울산광역시,2013,actual_registered_est,591049.0,37.293584308337465,134.41046881739788,584553.0,568153.0,550588.0,35.90675374458077,35.171138985513004,43.70991273931335,2307.0,4006.0,3906.0,1872.0,0.0233751846278862,25285319.0,0.46,16.3,39.7,,0.0
울산광역시,2014,actual_registered_est,598273.0,38.46939329453784,134.96338039687788,591049.0,571366.0,553383.0,37.293584308337465,34.41569755711746,42.957397250924814,2786.0,2307.0,-5031.0,1764.0,0.0235123281411174,25445077.0,0.63,16.8,40.3,,0.0
울산광역시,2015,actual_registered_est,605412.0,39.33011888744596,134.52955293815398,598273.0,571568.0,554975.0,38.46939329453784,34.12791246553551,41.05138320981835,-80.0,2786.0,-3525.0,-392.0,0.0236619443510553,25585894.0,0.53,17.5,40.9,,0.0
울산광역시,2016,actual_registered_est,605913.0,39.76845031697492,132.4558296639689,605412.0,578008.0,558244.0,39.33011888744596,34.656335279234405,38.88911483993377,-7622.0,-80.0,1872.0,-2411.0,0.0236030619670507,25670949.0,0.4,18.0,41.4,,0.0
울산광역시,2017,actual_registered_est,600998.0,39.01338431585312,129.25461180670757,605913.0,584553.0,560664.0,39.76845031697492,35.90675374458077,36.63180154375036,-11917.0,-7622.0,4006.0,-992.0,0.0233517050861775,25736793.0,0.28,18.8,42.0,9685.0,0.2
울산광역시,2018,actual_registered_est,597507.0,38.25545910406724,127.11547969332932,600998.0,591049.0,568153.0,39.01338431585312,37.293584308337465,35.171138985513004,-12654.0,-11917.0,2307.0,3906.0,0.0231075174583467,25857689.0,0.43,19.6,42.6,18634.0,0.4
울산광역시,2019,actual_registered_est,593106.0,37.20224179693134,125.64496979351416,597507.0,598273.0,571366.0,38.25545910406724,38.46939329453784,34.41569755711746,-10172.0,-12654.0,2786.0,-5031.0,0.0228568623036539,25948706.0,0.35,20.4,43.1,27031.0,0.6
울산광역시,2020,actual_registered_est,587960.0,36.407722065030015,124.52897582015892,593106.0,605412.0,571568.0,37.20224179693134,39.33011888744596,34.12791246553551,-13584.0,-10172.0,-80.0,-3525.0,0.0226786573954019,25925697.0,0.14,21.8,43.7,35408.0,0.8
울산광역시,2021,actual_registered_est,580679.0,34.82195638960266,121.28979854098463,587960.0,605913.0,578008.0,36.407722065030015,39.76845031697492,34.656335279234405,-13674.0,-13584.0,-7622.0,1872.0,0.0224452214552226,25870941.0,-0.13,23.1,44.3,42701.0,1.0
울산광역시,2022,actual_registered_est,574581.0,32.70386285488646,118.36285138381106,580679.0,600998.0,584553.0,34.82195638960266,39.01338431585312,35.90675374458077,-9536.0,-13674.0,-11917.0,4006.0,0.0222544632984033,25818686.0,-0.19,24.4,44.9,39210.0,1.0
울산광역시,2023,actual_registered_est,571612.0,30.90334655557425,117.02079120524571,574581.0,597507.0,591049.0,32.70386285488646,38.25545910406724,37.293584308337465,-6215.0,-9536.0,-12654.0,2307.0,0.0221041947281442,25859888.0,0.08,25.8,45.5,36543.0,1.0
울산광역시,2024,actual_registered_est,570748.0,29.63602467942763,115.45218259481034,571612.0,593106.0,598273.0,30.90334655557425,37.20224179693134,38.46939329453784,-4854.0,-6215.0,-10172.0,2786.0,0.022056379821041,25876776.0,0.07,27.4,46.1,34079.0,1.0
울산광역시,2025,kosis_projection(중위),566336.0,27.59426721512339,112.60089007449066,570748.0,587960.0,605412.0,29.63602467942763,36.407722065030015,39.33011888744596,-5474.0,-4854.0,-13584.0,-80.0,0.0219188066461895,25837903.0,-0.13,29.3,46.7,31265.0,1.0
울산광역시,2026,kosis_projection(중위),562012.0,25.72764616731311,109.92850002732833,566336.0,580679.0,605913.0,27.59426721512339,34.82195638960266,39.76845031697492,-5302.0,-5474.0,-13674.0,-7622.0,0.0217875893407774,25795052.0,-0.15,31.3,47.3,29641.0,1.0
울산광역시,2027,kosis_projection(중위),557812.0,24.92081287864506,106.97210267263374,562012.0,574581.0,600998.0,25.72764616731311,32.70386285488646,39.01338431585312,,-5302.0,-9536.0,-11917.0,0.0216599236816698,25753184.0,-0.14,33.0,47.9,29625.0,1.0
울산광역시,2028,kosis_projection(중위),553683.0,24.725153717633205,103.60964030295996,557812.0,571612.0,597507.0,24.92081287864506,30.90334655557425,38.25545910406724,,,-6215.0,-12654.0,0.0215341572673361,25711849.0,-0.15,34.8,48.5,29280.0,1.0
울산광역시,2029,kosis_projection(중위),549551.0,24.21564137484758,100.33139748936266,553683.0,570748.0,593106.0,24.725153717633205,29.63602467942763,37.20224179693134,,,-4854.0,-10172.0,0.0214080816247315,25670259.0,-0.15,36.3,49.1,29087.0,1.0
울산광역시,2030,kosis_projection(중위),545363.0,24.010977958803533,97.54736089441712,549551.0,566336.0,587960.0,24.21564137484758,27.59426721512339,36.407722065030015,,,-5474.0,-13584.0,0.0212805708980428,25627273.0,-0.15,38.0,49.7,29472.0,1.0
울산광역시,2031,kosis_projection(중위),541094.0,24.2856482234908,94.6653601558672,545363.0,562012.0,580679.0,24.010977958803533,25.72764616731311,34.82195638960266,,,-5302.0,-13674.0,0.0211513737854291,25581979.0,-0.16,39.7,50.3,29751.0,1.0
울산광역시,2032,kosis_projection(중위),536755.0,24.28552181390165,91.93388174782068,541094.0,557812.0,574581.0,24.2856482234908,24.92081287864506,32.70386285488646,,,,-9536.0,0.0210212886981479,25533877.0,-0.17,41.4,50.9,29818.0,1.0
울산광역시,2033,kosis_projection(중위),532320.0,23.90616109413121,89.07621515286415,536755.0,553683.0,571612.0,24.28552181390165,24.725153717633205,30.90334655557425,,,,-6215.0,0.0208897490047525,25482355.0,-0.19,43.2,51.4,29623.0,1.0
울산광역시,2034,kosis_projection(중위),527762.0,23.596297858497906,86.65559272412942,532320.0,549551.0,570748.0,23.90616109413121,24.21564137484758,29.63602467942763,,,,-4854.0,0.0207563288747143,25426558.0,-0.2,45.5,52.0,29810.0,1.0
울산광역시,2035,kosis_projection(중위),523113.0,23.425184330320004,84.06268873431482,527762.0,545363.0,566336.0,23.596297858497906,24.010977958803533,27.59426721512339,,,,-5474.0,0.0206229814886237,25365537.0,-0.22,47.7,52.5,29907.0,1.0
울산광역시,2036,kosis_projection(중위),518392.0,22.79958510405978,81.29443734447099,523113.0,541094.0,562012.0,23.425184330320004,24.2856482234908,25.72764616731311,,,,-5302.0,0.0204905677306919,25299055.0,-0.24,50.1,53.0,29602.0,1.0
울산광역시,2037,kosis_projection(중위),513596.0,21.84391539162588,79.03822661430584,518392.0,536755.0,557812.0,22.79958510405978,24.28552181390165,24.92081287864506,,,,,0.0203591031269542,25226848.0,-0.27,52.4,53.4,28236.0,1.0
울산광역시,2038,kosis_projection(중위),508712.0,20.642847876517827,76.85476348818136,513596.0,532320.0,553683.0,21.84391539162588,23.90616109413121,24.725153717633205,,,,,0.0202302165814905,25146147.0,-0.3,54.7,53.9,26673.0,1.0
울산광역시,2039,kosis_projection(중위),503721.0,19.458287029893373,74.46230239819262,508712.0,527762.0,549551.0,20.642847876517827,23.596297858497906,24.21564137484758,,,,,0.0201043932074968,25055270.0,-0.34,57.1,54.3,24586.0,1.0
울산광역시,2040,kosis_projection(중위),498628.0,17.96797298984608,72.29416668504932,503721.0,523113.0,545363.0,19.458287029893373,23.425184330320004,24.010977958803533,,,,,0.0199813653975765,24954651.0,-0.38,59.1,54.6,21835.0,1.0
울산광역시,2041,kosis_projection(중위),493461.0,16.431850513086744,70.13047390418566,498628.0,518392.0,541094.0,17.96797298984608,22.79958510405978,24.2856482234908,,,,,0.0198620798581506,24844377.0,-0.42,60.9,55.0,19368.0,1.0
울산광역시,2042,kosis_projection(중위),488200.0,15.176376918228032,67.67923047932062,493461.0,513596.0,536755.0,16.431850513086744,21.84391539162588,24.28552181390165,,,,,0.0197452099463441,24724984.0,-0.45,62.6,55.4,17236.0,1.0
울산광역시,2043,kosis_projection(중위),482850.0,14.150007746793229,64.8271622245655,488200.0,508712.0,532320.0,15.176376918228032,20.642847876517827,23.90616109413121,,,,,0.0196307300509337,24596640.0,-0.49,64.4,55.7,15614.0,1.0
울산광역시,2044,kosis_projection(중위),477417.0,13.24705757941,62.23642912295121,482850.0,503721.0,527762.0,14.150007746793229,19.458287029893373,23.596297858497906,,,,,0.0195186577659741,24459520.0,-0.53,66.2,56.0,14497.0,1.0
울산광역시,2045,kosis_projection(중위),471896.0,12.49258601721088,59.735605006888704,477417.0,498628.0,523113.0,13.24705757941,17.96797298984608,23.425184330320004,,,,,0.0194085511617899,24313819.0,-0.58,68.4,56.4,14011.0,1.0
울산광역시,2046,kosis_projection(중위),466256.0,11.920047021623487,57.03030062983348,471896.0,493461.0,518392.0,12.49258601721088,16.431850513086744,22.79958510405978,,,,,0.0192995478106874,24158908.0,-0.62,70.7,56.7,10835.0,0.8
울산광역시,2047,kosis_projection(중위),460490.0,11.589909364887324,54.51800260720389,466256.0,488200.0,513596.0,11.920047021623487,15.176376918228032,21.84391539162588,,,,,0.0191915053760303,23994470.0,-0.67,72.9,57.0,8088.0,0.6
울산광역시,2048,kosis_projection(중위),454613.0,11.480349270221447,52.20640773095673,460490.0,482850.0,508712.0,11.589909364887324,14.150007746793229,20.642847876517827,,,,,0.0190848709243043,23820596.0,-0.72,74.9,57.3,5531.0,0.4
울산광역시,2049,kosis_projection(중위),448605.0,11.578332195255133,50.26163668571781,454613.0,477417.0,503721.0,11.480349270221447,13.24705757941,19.458287029893373,,,,,0.0189789754978911,23636945.0,-0.77,76.3,57.7,2808.0,0.2
울산광역시,2050,kosis_projection(중위),442453.0,11.844376645552332,48.31703803269792,448605.0,471896.0,498628.0,11.578332195255133,12.49258601721088,17.96797298984608,,,,,0.0188733225379257,23443302.0,-0.82,77.3,58.1,,0.0
울산광역시,2051,kosis_projection(중위),436197.0,12.160897600994328,46.554360622061495,442453.0,466256.0,493461.0,11.844376645552332,11.920047021623487,16.431850513086744,,,,,0.0187690313671741,23240251.0,-0.87,78.4,58.4,,0.0
울산광역시,2052,kosis_projection(중위),429855.0,12.430036751764202,45.2517242324425,436197.0,460490.0,488200.0,12.160897600994328,11.589909364887324,15.176376918228032,,,,,0.0186662892777843,23028412.0,-0.92,79.3,58.8,,0.0
인천광역시,1970,actual_registered_est,405637.0,30.24162490041972,96.0119436443386,,,,,,,0.0,,,,0.0248725718879607,16308607.0,2.18,5.7,18.5,,0.0
인천광역시,1971,actual_registered_est,422917.0,31.75109738169913,99.45652994452124,405637.0,,,30.24162490041972,,,0.0,0.0,,,0.0254021230492085,16648884.0,1.97,5.8,18.6,,0.0
인천광역시,1972,actual_registered_est,440142.0,33.52800081725284,103.63946298204554,422917.0,,,31.75109738169913,,,0.0,0.0,,,0.0259587514047115,16955438.0,1.88,5.6,18.7,,0.0
인천광역시,1973,actual_registered_est,456937.0,34.88295413509919,108.0288457382178,440142.0,,,33.52800081725284,,,0.0,0.0,,,0.0265123447066085,17234877.0,1.77,5.6,18.9,,0.0
인천광역시,1974,actual_registered_est,474039.0,36.8282744215008,113.48595351477782,456937.0,,,34.88295413509919,,,0.0,0.0,,,0.0270659452035068,17514223.0,1.71,5.7,19.2,,0.0
인천광역시,1975,actual_registered_est,490399.0,40.15950112746479,119.47521174957956,474039.0,405637.0,,36.8282744215008,30.24162490041972,,0.0,0.0,0.0,,0.0276034981313564,17765828.0,1.68,6.0,19.6,,0.0
인천광역시,1976,actual_registered_est,516552.0,45.17610995058606,128.53816295732528,490399.0,422917.0,,40.15950112746479,31.75109738169913,,0.0,0.0,0.0,,0.0286043643816987,18058503.0,1.6,6.0,20.0,,0.0
인천광역시,1977,actual_registered_est,543583.0,49.70272297741343,138.27200964647045,516552.0,440142.0,,45.17610995058606,33.52800081725284,,0.0,0.0,0.0,,0.0296239945729063,18349416.0,1.56,6.0,20.5,,0.0
인천광역시,1978,actual_registered_est,571552.0,54.34129553615351,149.31989715721372,543583.0,456937.0,,49.70272297741343,34.88295413509919,,0.0,0.0,0.0,,0.0306671787592743,18637254.0,1.52,6.0,20.9,,0.0
인천광역시,1979,actual_registered_est,600631.0,59.12314499365599,161.66758378454634,571552.0,474039.0,,54.34129553615351,36.8282744215008,,0.0,0.0,0.0,,0.0317301254912936,18929361.0,1.52,6.1,21.4,,0.0
인천광역시,1980,actual_registered_est,631243.0,63.569652172001696,174.6186543094418,600631.0,490399.0,405637.0,59.12314499365599,40.15950112746479,30.24162490041972,0.0,0.0,0.0,0.0,0.0328161605045941,19235736.0,1.56,6.1,21.8,,0.0
인천광역시,1981,actual_registered_est,661966.0,68.38245215210377,188.05007169325543,631243.0,516552.0,422917.0,63.569652172001696,45.17610995058606,31.75109738169913,36107.0,0.0,0.0,0.0,0.0338849735458402,19535680.0,1.56,6.2,22.2,,0.0
인천광역시,1982,actual_registered_est,687475.0,71.67605509684253,198.77018226971296,661966.0,543583.0,440142.0,68.38245215210377,49.70272297741343,33.52800081725284,10018.0,36107.0,0.0,0.0,0.0346555131843944,19837392.0,1.55,6.3,22.7,,0.0
인천광역시,1983,actual_registered_est,710962.0,73.43500462245832,208.1933735003056,687475.0,571552.0,456937.0,71.67605509684253,54.34129553615351,34.88295413509919,27989.0,10018.0,0.0,0.0,0.0353200736048073,20129120.0,1.47,6.3,23.2,,0.0
인천광역시,1984,actual_registered_est,742112.0,74.9510921283601,220.00283749112856,710962.0,600631.0,474039.0,73.43500462245832,59.12314499365599,36.8282744215008,45638.0,27989.0,0.0,0.0,0.0364223620165225,20375175.0,1.23,6.4,23.8,,0.0
인천광역시,1985,actual_registered_est,775914.0,76.2809197292087,232.58357561318263,742112.0,631243.0,490399.0,74.9510921283601,63.569652172001696,40.15950112746479,42113.0,45638.0,0.0,0.0,0.0377103948366025,20575600.0,0.98,6.5,24.3,,0.0
인천광역시,1986,actual_registered_est,802112.0,77.59916991782987,244.68534165514205,775914.0,661966.0,516552.0,76.2809197292087,68.38245215210377,45.17610995058606,30979.0,42113.0,36107.0,0.0,0.0386150643098976,20771997.0,0.99,6.6,24.8,,0.0
인천광역시,1987,actual_registered_est,829255.0,78.79402562270087,255.67363926511104,802112.0,687475.0,543583.0,77.59916991782987,71.67605509684253,49.70272297741343,45184.0,30979.0,10018.0,0.0,0.0395637304997428,20959980.0,0.99,6.7,25.4,,0.0
인천광역시,1988,actual_registered_est,861394.0,80.51428343337011,269.00882835177555,829255.0,710962.0,571552.0,78.79402562270087,73.43500462245832,54.34129553615351,46964.0,45184.0,27989.0,0.0,0.0407177876520912,21155226.0,0.98,6.9,25.9,,0.0
인천광역시,1989,actual_registered_est,899758.0,83.90225114535085,283.6507624863113,861394.0,742112.0,600631.0,80.51428343337011,74.9510921283601,59.12314499365599,66414.0,46964.0,45638.0,0.0,0.0421286515875138,21357389.0,0.99,7.0,26.4,,0.0
인천광역시,1990,actual_registered_est,957563.0,91.23552588271043,305.53224898922184,899758.0,775914.0,631243.0,83.90225114535085,76.2809197292087,63.569652172001696,116685.0,66414.0,42113.0,0.0,0.044397021705261,21568181.0,0.99,7.4,27.0,,0.0
인천광역시,1991,actual_registered_est,999917.0,96.21749409614628,319.1073904686248,957563.0,802112.0,661966.0,91.23552588271043,77.59916991782987,68.38245215210377,80398.0,116685.0,30979.0,36107.0,0.0459016226376949,21783914.0,0.99,7.5,27.5,,0.0
인천광역시,1992,actual_registered_est,1043990.0,101.09341976821,331.8584412888962,999917.0,829255.0,687475.0,96.21749409614628,78.79402562270087,71.67605509684253,59381.0,80398.0,45184.0,10018.0,0.0474246552878202,22013655.0,1.04,7.7,27.9,,0.0
인천광역시,1993,actual_registered_est,1089217.0,105.01326050563286,342.9663794403773,1043990.0,861394.0,710962.0,101.09341976821,80.51428343337011,73.43500462245832,39663.0,59381.0,46964.0,27989.0,0.0489699609136612,22242554.0,1.02,7.9,28.4,,0.0
인천광역시,1994,actual_registered_est,1135533.0,107.40186590377378,352.0935127331775,1089217.0,899758.0,742112.0,105.01326050563286,83.90225114535085,74.9510921283601,36861.0,39663.0,66414.0,45638.0,0.0505299010844189,22472496.0,1.01,8.1,28.8,,0.0
인천광역시,1995,actual_registered_est,1182621.0,108.26808173625297,359.56624814528305,1135533.0,957563.0,775914.0,107.40186590377378,91.23552588271043,76.2809197292087,18556.0,36861.0,116685.0,42113.0,0.0520856139102851,22705329.0,1.01,8.3,29.3,,0.0
인천광역시,1996,actual_registered_est,1203990.0,105.5663156595036,357.8253447616248,1182621.0,999917.0,802112.0,108.26808173625297,96.21749409614628,77.59916991782987,12338.0,18556.0,80398.0,30979.0,0.0525197657424507,22924512.0,0.95,8.6,29.8,,0.0
인천광역시,1997,actual_registered_est,1227044.0,102.30867995419928,357.6743813896803,1203990.0,1043990.0,829255.0,105.5663156595036,101.09341976821,78.79402562270087,27040.0,12338.0,59381.0,45184.0,0.0530084293772463,23148092.0,0.94,8.9,30.3,,0.0
인천광역시,1998,actual_registered_est,1247464.0,99.80396340429068,357.5648616401554,1227044.0,1089217.0,861394.0,102.30867995419928,105.01326050563286,80.51428343337011,20811.0,27040.0,39663.0,46964.0,0.0535490478575749,23295727.0,0.72,9.3,30.7,,0.0
인천광역시,1999,actual_registered_est,1262246.0,98.12402879578389,357.9261791885696,1247464.0,1135533.0,899758.0,99.80396340429068,107.40186590377378,83.90225114535085,1810.0,20811.0,36861.0,66414.0,0.0538091384981488,23457837.0,0.71,9.6,31.2,,0.0
인천광역시,2000,actual_registered_est,1277321.0,98.44487550830942,359.8959934151071,1262246.0,1182621.0,957563.0,98.12402879578389,108.26808173625297,91.23552588271043,13165.0,1810.0,18556.0,116685.0,0.0539710764912608,23666769.0,0.84,10.1,31.8,,0.0
인천광역시,2001,actual_registered_est,1292221.0,100.83287990575236,361.5203431654847,1277321.0,1203990.0,999917.0,98.44487550830942,105.5663156595036,96.21749409614628,1117.0,13165.0,12338.0,80398.0,0.0541698835014303,23854971.0,0.77,10.5,32.3,,0.0
인천광역시,2002,actual_registered_est,1303385.0,103.13130865500963,361.37239068777615,1292221.0,1227044.0,1043990.0,100.83287990575236,102.30867995419928,101.09341976821,230.0,1117.0,27040.0,59381.0,0.0543272276535023,23991377.0,0.58,11.0,32.9,,0.0
인천광역시,2003,actual_registered_est,1305026.0,103.60300729862465,357.200373617722,1303385.0,1247464.0,1089217.0,103.13130865500963,99.80396340429068,105.01326050563286,-16171.0,230.0,20811.0,39663.0,0.0541035995713587,24120872.0,0.52,11.5,33.5,,0.0
인천광역시,2004,actual_registered_est,1303733.0,101.20472871436232,348.93664626257004,1305026.0,1262246.0,1135533.0,103.60300729862465,98.12402879578389,107.40186590377378,-1335.0,-16171.0,1810.0,36861.0,0.0538493660251607,24210740.0,0.4,12.0,34.1,,0.0
인천광역시,2005,actual_registered_est,1307179.0,96.69175377778664,341.1207544754837,1303733.0,1277321.0,1182621.0,101.20472871436232,98.44487550830942,108.26808173625297,10965.0,-1335.0,13165.0,18556.0,0.0539193327094891,24243234.0,0.21,12.5,34.8,,0.0
인천광역시,2006,actual_registered_est,1321114.0,92.03315049090408,335.6069334958724,1307179.0,1292221.0,1203990.0,96.69175377778664,100.83287990575236,105.5663156595036,9618.0,10965.0,1117.0,12338.0,0.0542116454211054,24369561.0,0.53,13.0,35.4,,0.0
인천광역시,2007,actual_registered_est,1340310.0,87.57111197990963,331.4691217223876,1321114.0,1303385.0,1227044.0,92.03315049090408,103.13130865500963,102.30867995419928,22721.0,9618.0,230.0,27040.0,0.0547262097105122,24491190.0,0.51,13.5,36.1,,0.0
인천광역시,2008,actual_registered_est,1364073.0,84.44204478263016,328.4496394476553,1340310.0,1305026.0,1247464.0,87.57111197990963,103.60300729862465,99.80396340429068,9419.0,22721.0,-16171.0,20811.0,0.0552890913489038,24671648.0,0.76,14.0,36.7,,0.0
인천광역시,2009,actual_registered_est,1368504.0,82.43056074338597,322.33681479359365,1364073.0,1303733.0,1262246.0,84.44204478263016,101.20472871436232,98.12402879578389,2098.0,9419.0,-1335.0,1810.0,0.0552387649786527,24774341.0,0.51,14.4,37.3,,0.0
인천광역시,2010,actual_registered_est,1379554.0,82.37217295838705,319.59909409550005,1368504.0,1307179.0,1277321.0,82.43056074338597,96.69175377778664,98.44487550830942,3612.0,2098.0,10965.0,13165.0,0.0554458293145556,24881114.0,0.5,14.8,37.9,,0.0
인천광역시,2011,actual_registered_est,1394025.0,83.58326837627637,320.7151222288764,1379554.0,1321114.0,1292221.0,82.37217295838705,92.03315049090408,100.83287990575236,28809.0,3612.0,9618.0,1117.0,0.0556056001413968,25069867.0,0.77,15.0,38.5,,0.0
인천광역시,2012,actual_registered_est,1411329.0,86.69229797056116,323.0408493131821,1394025.0,1340310.0,1303385.0,83.58326837627637,87.57111197990963,103.13130865500963,27794.0,28809.0,22721.0,230.0,0.0560331801084511,25187380.0,0.53,15.6,39.1,,0.0
인천광역시,2013,actual_registered_est,1427323.0,90.0601991302399,324.5875614100604,1411329.0,1364073.0,1305026.0,86.69229797056116,84.44204478263016,103.60300729862465,22035.0,27794.0,9419.0,-16171.0,0.0564486847090993,25285319.0,0.46,16.3,39.7,,0.0
인천광역시,2014,actual_registered_est,1442354.0,92.7444215198577,325.3781661030305,1427323.0,1368504.0,1303733.0,90.0601991302399,82.43056074338597,101.20472871436232,9324.0,22035.0,2098.0,-1335.0,0.0566849925429583,25445077.0,0.63,16.8,40.3,,0.0
인천광역시,2015,actual_registered_est,1451459.0,94.2929030647781,322.5309877869287,1442354.0,1379554.0,1307179.0,92.7444215198577,82.37217295838705,96.69175377778664,9538.0,9324.0,3612.0,10965.0,0.0567288756843907,25585894.0,0.53,17.5,40.9,,0.0
인천광역시,2016,actual_registered_est,1463157.0,96.03274143389244,319.8539631327331,1451459.0,1394025.0,1321114.0,94.2929030647781,83.58326837627637,92.03315049090408,5777.0,9538.0,28809.0,9618.0,0.0569966073322805,25670949.0,0.4,18.0,41.4,,0.0
인천광역시,2017,actual_registered_est,1470977.0,95.48749084153472,316.3580596135017,1463157.0,1411329.0,1340310.0,96.03274143389244,86.69229797056116,87.57111197990963,-1670.0,5777.0,27794.0,22721.0,0.0571546346120124,25736793.0,0.28,18.8,42.0,19692.0,0.2
인천광역시,2018,actual_registered_est,1476018.0,94.50223384138953,314.01261592916666,1470977.0,1427323.0,1364073.0,95.48749084153472,90.0601991302399,84.44204478263016,-67.0,-1670.0,22035.0,9419.0,0.0570823633929544,25857689.0,0.43,19.6,42.6,38194.0,0.4
인천광역시,2019,actual_registered_est,1484864.0,93.13726309219372,314.55708157981303,1476018.0,1442354.0,1368504.0,94.50223384138953,92.7444215198577,82.43056074338597,-2337.0,-67.0,9324.0,2098.0,0.0572230461125884,25948706.0,0.35,20.4,43.1,56153.0,0.6
인천광역시,2020,actual_registered_est,1480370.0,91.6676296234582,313.53996859461296,1484864.0,1451459.0,1379554.0,93.13726309219372,94.2929030647781,82.37217295838705,-15748.0,-2337.0,9538.0,3612.0,0.0571004899116116,25925697.0,0.14,21.8,43.7,74071.0,0.8
인천광역시,2021,actual_registered_est,1478830.0,88.68196330095647,308.8918193638211,1480370.0,1463157.0,1394025.0,91.6676296234582,96.03274143389244,83.58326837627637,11423.0,-15748.0,5777.0,28809.0,0.0571618171909556,25870941.0,-0.13,23.1,44.3,89935.0,1.0
인천광역시,2022,actual_registered_est,1491604.0,84.89875691991219,307.2682573483949,1478830.0,1470977.0,1411329.0,88.68196330095647,95.48749084153472,86.69229797056116,28101.0,11423.0,-1670.0,27794.0,0.0577722661796189,25818686.0,-0.19,24.4,44.9,84086.0,1.0
인천광역시,2023,actual_registered_est,1509407.0,81.6038284962696,309.0068112473781,1491604.0,1476018.0,1427323.0,84.89875691991219,94.50223384138953,90.0601991302399,33507.0,28101.0,-67.0,22035.0,0.0583686596013099,25859888.0,0.08,25.8,45.5,79398.0,1.0
인천광역시,2024,actual_registered_est,1528908.0,79.38837318847256,309.2709314560301,1509407.0,1484864.0,1442354.0,81.6038284962696,93.13726309219372,92.7444215198577,25643.0,33507.0,-2337.0,9324.0,0.0590841764831909,25876776.0,0.07,27.4,46.1,74402.0,1.0
인천광역시,2025,kosis_projection(중위),1532741.0,74.68157547034878,304.744887935192,1528908.0,1480370.0,1451459.0,79.38837318847256,91.6676296234582,94.2929030647781,32264.0,25643.0,-15748.0,9538.0,0.0593214162929553,25837903.0,-0.13,29.3,46.7,68369.0,1.0
인천광역시,2026,kosis_projection(중위),1536240.0,70.32561430729788,300.4856815903982,1532741.0,1478830.0,1463157.0,74.68157547034878,88.68196330095647,96.03274143389244,10729.0,32264.0,11423.0,5777.0,0.0595556077964099,25795052.0,-0.15,31.3,47.3,64738.0,1.0
인천광역시,2027,kosis_projection(중위),1539702.0,68.78773750094217,295.2700200591947,1536240.0,1491604.0,1470977.0,70.32561430729788,84.89875691991219,95.48749084153472,,10729.0,28101.0,-1670.0,0.0597868597529532,25753184.0,-0.14,33.0,47.9,64639.0,1.0
인천광역시,2028,kosis_projection(중위),1543049.0,68.90607751879722,288.7478067049955,1539702.0,1509407.0,1476018.0,68.78773750094217,81.6038284962696,94.50223384138953,,,33507.0,-67.0,0.0600131480236991,25711849.0,-0.15,34.8,48.5,63853.0,1.0
인천광역시,2029,kosis_projection(중위),1546201.0,68.13243704302367,282.2895547991907,1543049.0,1528908.0,1484864.0,68.90607751879722,79.38837318847256,93.13726309219372,,,25643.0,-2337.0,0.0602331671059493,25670259.0,-0.15,36.3,49.1,63509.0,1.0
인천광역시,2030,kosis_projection(중위),1549086.0,68.2024079416666,277.08013029576455,1546201.0,1532741.0,1480370.0,68.13243704302367,74.68157547034878,91.6676296234582,,,32264.0,-15748.0,0.0604467748090091,25627273.0,-0.15,38.0,49.7,64919.0,1.0
인천광역시,2031,kosis_projection(중위),1551615.0,69.64035097098042,271.4578110240474,1549086.0,1536240.0,1478830.0,68.2024079416666,70.32561430729788,88.68196330095647,,,10729.0,11423.0,0.0606526570911499,25581979.0,-0.16,39.7,50.3,66157.0,1.0
인천광역시,2032,kosis_projection(중위),1553780.0,70.30089721382028,266.12705383672034,1551615.0,1539702.0,1491604.0,69.64035097098042,68.78773750094217,84.89875691991219,,,,28101.0,0.0608517069303654,25533877.0,-0.17,41.4,50.9,66619.0,1.0
인천광역시,2033,kosis_projection(중위),1555541.0,69.85838167742328,260.29776223906947,1553780.0,1543049.0,1509407.0,70.30089721382028,68.90607751879722,81.6038284962696,,,,33507.0,0.0610438477919328,25482355.0,-0.19,43.2,51.4,66608.0,1.0
인천광역시,2034,kosis_projection(중위),1556824.0,69.60577460532994,255.62186456613028,1555541.0,1546201.0,1528908.0,69.85838167742328,68.13243704302367,79.38837318847256,,,,25643.0,0.0612282637705032,25426558.0,-0.2,45.5,52.0,67295.0,1.0
인천광역시,2035,kosis_projection(중위),1557599.0,69.74983165725591,250.30148344598592,1556824.0,1549086.0,1532741.0,69.60577460532994,68.2024079416666,74.68157547034878,,,,32264.0,0.061406111764951,25365537.0,-0.22,47.7,52.5,67193.0,1.0
인천광역시,2036,kosis_projection(중위),1557863.0,68.51693322614136,244.3046884303184,1557599.0,1551615.0,1536240.0,69.74983165725591,69.64035097098042,70.32561430729788,,,,10729.0,0.0615779126927863,25299055.0,-0.24,50.1,53.0,65727.0,1.0
인천광역시,2037,kosis_projection(중위),1557592.0,66.2464424619221,239.70067809840785,1557863.0,1553780.0,1539702.0,68.51693322614136,70.30089721382028,68.78773750094217,,,,,0.0617434251001155,25226848.0,-0.27,52.4,53.4,62099.0,1.0
인천광역시,2038,kosis_projection(중위),1556615.0,63.16534040342237,235.1689711804625,1557592.0,1555541.0,1543049.0,66.2464424619221,69.85838167742328,68.90607751879722,,,,,0.0619027241032194,25146147.0,-0.3,54.7,53.9,59368.0,1.0
인천광역시,2039,kosis_projection(중위),1554796.0,60.06036444962608,229.8369333807808,1556615.0,1556824.0,1546201.0,63.16534040342237,69.60577460532994,68.13243704302367,,,,,0.0620546495807069,25055270.0,-0.34,57.1,54.3,55669.0,1.0
인천광역시,2040,kosis_projection(중위),1552228.0,55.93426517981902,225.0516011238854,1554796.0,1557599.0,1549086.0,60.06036444962608,69.74983165725591,68.2024079416666,,,,,0.0622019518525825,24954651.0,-0.38,59.1,54.6,50737.0,1.0
인천광역시,2041,kosis_projection(중위),1548883.0,51.57654590385326,220.1266134753036,1552228.0,1557863.0,1551615.0,55.93426517981902,68.51693322614136,69.64035097098042,,,,,0.0623434026942998,24844377.0,-0.42,60.9,55.0,46375.0,1.0
인천광역시,2042,kosis_projection(중위),1544804.0,48.02238379513793,214.15638255095536,1548883.0,1557592.0,1553780.0,51.57654590385326,66.2464424619221,70.30089721382028,,,,,0.0624794742030975,24724984.0,-0.45,62.6,55.4,43127.0,1.0
인천광역시,2043,kosis_projection(중위),1540033.0,45.13094932239249,206.76394143560995,1544804.0,1556615.0,1555541.0,48.02238379513793,63.16534040342237,69.85838167742328,,,,,0.0626115192969446,24596640.0,-0.49,64.4,55.7,39856.0,1.0
인천광역시,2044,kosis_projection(중위),1534580.0,42.580531527388,200.04897061373697,1540033.0,1554796.0,1556824.0,45.13094932239249,60.06036444962608,69.60577460532994,,,,,0.0627395795175048,24459520.0,-0.53,66.2,56.0,38155.0,1.0
인천광역시,2045,kosis_projection(중위),1528454.0,40.463032253611054,193.4814544204636,1534580.0,1552228.0,1557599.0,42.580531527388,55.93426517981902,69.74983165725591,,,,,0.0628635920996203,24313819.0,-0.58,68.4,56.4,38471.0,1.0
인천광역시,2046,kosis_projection(중위),1521641.0,38.90144527905311,186.1201650609975,1528454.0,1548883.0,1557863.0,40.463032253611054,51.57654590385326,68.51693322614136,,,,,0.0629846762941437,24158908.0,-0.62,70.7,56.7,30828.0,0.8
인천광역시,2047,kosis_projection(중위),1514127.0,38.10852504273437,179.25944045177485,1521641.0,1544804.0,1557592.0,38.90144527905311,48.02238379513793,66.2464424619221,,,,,0.0631031650209402,23994470.0,-0.67,72.9,57.0,23498.0,0.6
인천광역시,2048,kosis_projection(중위),1505901.0,38.02854174072397,172.93320166483466,1514127.0,1540033.0,1556615.0,38.10852504273437,45.13094932239249,63.16534040342237,,,,,0.0632184434008284,23820596.0,-0.72,74.9,57.3,16483.0,0.4
인천광역시,2049,kosis_projection(중위),1496967.0,38.63617483383933,167.71995738903698,1505901.0,1534580.0,1554796.0,38.02854174072397,42.580531527388,60.06036444962608,,,,,0.0633316615154792,23636945.0,-0.77,76.3,57.7,8577.0,0.2
인천광역시,2050,kosis_projection(중위),1487318.0,39.81519976971476,162.4190600418942,1496967.0,1528454.0,1552228.0,38.63617483383933,40.463032253611054,55.93426517981902,,,,,0.0634431958433159,23443302.0,-0.82,77.3,58.1,,0.0
인천광역시,2051,kosis_projection(중위),1476962.0,41.176770226663145,157.6329538558981,1487318.0,1521641.0,1548883.0,39.81519976971476,38.90144527905311,51.57654590385326,,,,,0.063551895373247,23240251.0,-0.87,78.4,58.4,,0.0
인천광역시,2052,kosis_projection(중위),1465928.0,42.38996618729617,154.32127019719664,1476962.0,1514127.0,1544804.0,41.176770226663145,38.10852504273437,48.02238379513793,,,,,0.0636573637817492,23028412.0,-0.92,79.3,58.8,,0.0
전라남도,1970,actual_registered_est,1742691.0,129.92357092508163,412.4849313092644,,,,,,,-86372.0,,,,0.1068571337821801,16308607.0,2.18,5.7,18.5,,0.0
전라남도,1971,actual_registered_est,1736830.0,130.39499113409133,408.4467753803768,1742691.0,,,129.92357092508163,,,-85649.0,-86372.0,,,0.1043211064477354,16648884.0,1.97,5.8,18.6,,0.0
전라남도,1972,actual_registered_est,1724486.0,131.36344183772755,406.0616868193805,1736830.0,,,130.39499113409133,,,-41002.0,-85649.0,,,0.1017069567887305,16955438.0,1.88,5.6,18.7,,0.0
전라남도,1973,actual_registered_est,1708647.0,130.43954622644878,403.9575766113679,1724486.0,,,131.36344183772755,,,-59451.0,-41002.0,,,0.0991389146554396,17234877.0,1.77,5.6,18.9,,0.0
전라남도,1974,actual_registered_est,1691857.0,131.44102885614282,405.0341951941749,1708647.0,,,130.43954622644878,,,-83974.0,-59451.0,,,0.0965990326833225,17514223.0,1.71,5.7,19.2,,0.0
전라남도,1975,actual_registered_est,1672490.0,136.96268556965566,407.4663628984853,1691857.0,1742691.0,,131.44102885614282,129.92357092508163,,-133291.0,-83974.0,-86372.0,,0.094140841620216,17765828.0,1.68,6.0,19.6,,0.0
전라남도,1976,actual_registered_est,1639729.0,143.40584799432492,408.02814316439,1672490.0,1736830.0,,136.96268556965566,130.39499113409133,,-71088.0,-133291.0,-85649.0,,0.0908009373755953,18058503.0,1.6,6.0,20.0,,0.0
전라남도,1977,actual_registered_est,1606017.0,146.84678889519463,408.5249136128164,1639729.0,1724486.0,,143.40584799432492,131.36344183772755,,-76770.0,-71088.0,-41002.0,,0.0875241479074865,18349416.0,1.56,6.0,20.5,,0.0
전라남도,1978,actual_registered_est,1570908.0,149.3567967360937,410.40503926754576,1606017.0,1708647.0,,146.84678889519463,130.43954622644878,,-90449.0,-76770.0,-59451.0,,0.0842885974511051,18637254.0,1.52,6.0,20.9,,0.0
전라남도,1979,actual_registered_est,1535687.0,151.16543296278846,413.34997151219073,1570908.0,1691857.0,,149.3567967360937,131.44102885614282,,-86252.0,-90449.0,-83974.0,,0.081127249884452,18929361.0,1.52,6.1,21.4,,0.0
전라남도,1980,actual_registered_est,1500942.0,151.15313891852833,415.2005998268848,1535687.0,1672490.0,1742691.0,151.16543296278846,136.96268556965566,129.92357092508163,-82773.0,-86252.0,-133291.0,-86372.0,0.0780288313376727,19235736.0,1.56,6.1,21.8,,0.0
전라남도,1981,actual_registered_est,1483539.0,153.25263636392182,421.4410034801493,1500942.0,1639729.0,1736830.0,151.15313891852833,143.40584799432492,130.39499113409133,-64538.0,-82773.0,-71088.0,-85649.0,0.0759399723992203,19535680.0,1.56,6.2,22.2,,0.0
전라남도,1982,actual_registered_est,1466126.0,152.85810822926413,423.9021524424382,1483539.0,1606017.0,1724486.0,153.25263636392182,146.84678889519463,131.36344183772755,-66954.0,-64538.0,-76770.0,-41002.0,0.0739071950587053,19837392.0,1.55,6.3,22.7,,0.0
전라남도,1983,actual_registered_est,1441490.0,148.89097421975782,422.1163240327268,1466126.0,1570908.0,1708647.0,152.85810822926413,149.3567967360937,130.43954622644878,-85868.0,-66954.0,-90449.0,-59451.0,0.0716121718187382,20129120.0,1.47,6.3,23.2,,0.0
전라남도,1984,actual_registered_est,1410959.0,142.50263841352628,418.2858969854216,1441490.0,1535687.0,1691857.0,148.89097421975782,151.16543296278846,131.44102885614282,-79791.0,-85868.0,-86252.0,-83974.0,0.0692489266963351,20375175.0,1.23,6.4,23.8,,0.0
전라남도,1985,actual_registered_est,1382811.0,135.9456007903799,414.503574851389,1410959.0,1500942.0,1672490.0,142.50263841352628,151.15313891852833,136.96268556965566,-61356.0,-79791.0,-82773.0,-133291.0,0.0672063512121153,20575600.0,0.98,6.5,24.3,,0.0
전라남도,1986,actual_registered_est,1368672.0,132.4102009317602,417.5152297108466,1382811.0,1483539.0,1639729.0,135.9456007903799,153.25263636392182,143.40584799432492,-76907.0,-61356.0,-64538.0,-71088.0,0.0658902463735191,20771997.0,0.99,6.6,24.8,,0.0
전라남도,1987,actual_registered_est,1346313.0,127.92376412343042,415.0915512115447,1368672.0,1466126.0,1606017.0,132.4102009317602,152.85810822926413,146.84678889519463,-103978.0,-76907.0,-66954.0,-76770.0,0.064232551748618,20959980.0,0.99,6.7,25.4,,0.0
전라남도,1988,actual_registered_est,1315528.0,122.9620757243892,410.8324947050416,1346313.0,1441490.0,1570908.0,127.92376412343042,148.89097421975782,149.3567967360937,-108839.0,-103978.0,-85868.0,-90449.0,0.0621845401226155,21155226.0,0.98,6.9,25.9,,0.0
전라남도,1989,actual_registered_est,1284657.0,119.79400488757308,404.9910504639884,1315528.0,1410959.0,1535687.0,122.9620757243892,142.50263841352628,151.16543296278846,-104178.0,-108839.0,-79791.0,-86252.0,0.0601504706403952,21357389.0,0.99,7.0,26.4,,0.0
전라남도,1990,actual_registered_est,1255133.0,119.58766087217656,400.4787238757021,1284657.0,1382811.0,1500942.0,119.79400488757308,135.9456007903799,151.15313891852833,-100070.0,-104178.0,-61356.0,-82773.0,0.0581937345574019,21568181.0,0.99,7.4,27.0,,0.0
전라남도,1991,actual_registered_est,1208029.0,116.24317135869626,385.52298020777954,1255133.0,1368672.0,1483539.0,119.58766087217656,132.4102009317602,153.25263636392182,-100570.0,-100070.0,-76907.0,-64538.0,0.0554550940661994,21783914.0,0.99,7.5,27.5,,0.0
전라남도,1992,actual_registered_est,1163341.0,112.6506193034121,369.79715413698,1208029.0,1346313.0,1466126.0,116.24317135869626,127.92376412343042,152.85810822926413,-76533.0,-100570.0,-103978.0,-66954.0,0.0528463356039694,22013655.0,1.04,7.7,27.9,,0.0
전라남도,1993,actual_registered_est,1119984.0,107.97955921927468,352.6541153059047,1163341.0,1315528.0,1441490.0,112.6506193034121,122.9620757243892,148.89097421975782,-59255.0,-76533.0,-108839.0,-85868.0,0.0503532103372661,22242554.0,1.02,7.9,28.4,,0.0
전라남도,1994,actual_registered_est,1078061.0,101.96600447374782,334.273230659648,1119984.0,1284657.0,1410959.0,107.97955921927468,119.79400488757308,142.50263841352628,-46442.0,-59255.0,-104178.0,-79791.0,0.0479724637619248,22472496.0,1.01,8.1,28.8,,0.0
전라남도,1995,actual_registered_est,1037880.0,95.0171497651591,315.55893022788064,1078061.0,1255133.0,1382811.0,101.96600447374782,119.58766087217656,135.9456007903799,-19164.0,-46442.0,-100070.0,-61356.0,0.045710854927493,22705329.0,1.01,8.3,29.3,,0.0
전라남도,1996,actual_registered_est,1032206.0,90.50422712948908,306.77120890955706,1037880.0,1208029.0,1368672.0,95.0171497651591,116.24317135869626,132.4102009317602,-19522.0,-19164.0,-100570.0,-76907.0,0.0450263019775513,22924512.0,0.95,8.6,29.8,,0.0
전라남도,1997,actual_registered_est,1026440.0,85.58268607498044,299.1997777044861,1032206.0,1163341.0,1346313.0,90.50422712948908,112.6506193034121,127.92376412343042,-21590.0,-19522.0,-76533.0,-103978.0,0.0443423155567206,23148092.0,0.94,8.9,30.3,,0.0
전라남도,1998,actual_registered_est,1023744.0,81.90513610922812,293.4392348916997,1026440.0,1119984.0,1315528.0,85.58268607498044,107.97955921927468,122.9620757243892,1237.0,-21590.0,-59255.0,-108839.0,0.0439455699322025,23295727.0,0.72,9.3,30.7,,0.0
전라남도,1999,actual_registered_est,1021408.0,79.40185035582923,289.63344929010555,1023744.0,1078061.0,1284657.0,81.90513610922812,101.96600447374782,119.79400488757308,-24153.0,1237.0,-46442.0,-104178.0,0.0435422924969595,23457837.0,0.71,9.6,31.2,,0.0
전라남도,2000,actual_registered_est,1011129.0,77.92909419624465,284.8941463624444,1021408.0,1037880.0,1255133.0,79.40185035582923,95.0171497651591,119.58766087217656,-33538.0,-24153.0,-19164.0,-100070.0,0.0427235758290453,23666769.0,0.84,10.1,31.8,,0.0
전라남도,2001,actual_registered_est,998647.0,77.92510183570758,279.3881279914053,1011129.0,1032206.0,1208029.0,77.92909419624465,90.50422712948908,116.24317135869626,-36424.0,-33538.0,-19522.0,-100570.0,0.0418632661511095,23854971.0,0.77,10.5,32.3,,0.0
전라남도,2002,actual_registered_est,973329.0,77.01538188783198,269.86211108440136,998647.0,1026440.0,1163341.0,77.92510183570758,85.58268607498044,112.6506193034121,-46152.0,-36424.0,-21590.0,-76533.0,0.0405699514454714,23991377.0,0.58,11.0,32.9,,0.0
전라남도,2003,actual_registered_est,955502.0,75.85510225838446,261.531702351126,973329.0,1023744.0,1119984.0,77.01538188783198,81.90513610922812,107.97955921927468,-36103.0,-46152.0,1237.0,-59255.0,0.0396130786648177,24120872.0,0.52,11.5,33.5,,0.0
전라남도,2004,actual_registered_est,931740.0,72.32807172352003,249.3748572665469,955502.0,1021408.0,1078061.0,75.85510225838446,79.40185035582923,101.96600447374782,-32252.0,-36103.0,-24153.0,-46442.0,0.0384845733752871,24210740.0,0.4,12.0,34.1,,0.0
전라남도,2005,actual_registered_est,916631.0,67.80300093337358,239.20355077278407,931740.0,1011129.0,1037880.0,72.32807172352003,77.92909419624465,95.0171497651591,-20007.0,-32252.0,-33538.0,-19164.0,0.0378097658092975,24243234.0,0.21,12.5,34.8,,0.0
전라남도,2006,actual_registered_est,905736.0,63.09655154137304,230.0870943134488,916631.0,998647.0,1032206.0,67.80300093337358,77.92510183570758,90.50422712948908,-24685.0,-20007.0,-36424.0,-19522.0,0.0371666933187676,24369561.0,0.53,13.0,35.4,,0.0
전라남도,2007,actual_registered_est,893939.0,58.40681056786,221.07809029507308,905736.0,973329.0,1026440.0,63.09655154137304,77.01538188783198,85.58268607498044,-16573.0,-24685.0,-46152.0,-21590.0,0.0365004313796103,24491190.0,0.51,13.5,36.1,,0.0
전라남도,2008,actual_registered_est,888121.0,54.978548255404434,213.8470758059804,893939.0,955502.0,1023744.0,58.40681056786,75.85510225838446,81.90513610922812,-13318.0,-16573.0,-36103.0,1237.0,0.0359976358287861,24671648.0,0.76,14.0,36.7,,0.0
전라남도,2009,actual_registered_est,883250.0,53.20173910824934,208.0403065438184,888121.0,931740.0,1021408.0,54.978548255404434,72.32807172352003,79.40185035582923,-7425.0,-13318.0,-32252.0,-24153.0,0.0356518060359304,24774341.0,0.51,14.4,37.3,,0.0
전라남도,2010,actual_registered_est,878816.0,52.473468635948926,203.593913305772,883250.0,916631.0,1011129.0,53.20173910824934,67.80300093337358,77.92909419624465,-10061.0,-7425.0,-20007.0,-33538.0,0.0353206050179264,24881114.0,0.5,14.8,37.9,,0.0
전라남도,2011,actual_registered_est,881745.0,52.86786748762741,202.85787948544728,878816.0,905736.0,998647.0,52.473468635948926,63.09655154137304,77.92510183570758,-5222.0,-10061.0,-24685.0,-36424.0,0.0351715068931159,25069867.0,0.77,15.0,38.5,,0.0
전라남도,2012,actual_registered_est,885977.0,54.42202497012664,202.79237693829376,881745.0,893939.0,973329.0,52.86786748762741,58.40681056786,77.01538188783198,-5054.0,-5222.0,-16573.0,-46152.0,0.0351754330938747,25187380.0,0.53,15.6,39.1,,0.0
전라남도,2013,actual_registered_est,888449.0,56.05871541134172,202.0422107310025,885977.0,888121.0,955502.0,54.42202497012664,54.978548255404434,75.85510225838446,-2306.0,-5054.0,-13318.0,-36103.0,0.0351369504177503,25285319.0,0.46,16.3,39.7,,0.0
전라남도,2014,actual_registered_est,894525.0,57.5186144733198,201.7943611854741,888449.0,883250.0,931740.0,56.05871541134172,53.20173910824934,72.32807172352003,-596.0,-2306.0,-7425.0,-32252.0,0.0351551304010595,25445077.0,0.63,16.8,40.3,,0.0
전라남도,2015,actual_registered_est,899920.0,58.462601648448285,199.9726389303541,894525.0,878816.0,916631.0,57.5186144733198,52.473468635948926,67.80300093337358,3936.0,-596.0,-10061.0,-20007.0,0.035172505600156,25585894.0,0.53,17.5,40.9,,0.0
전라남도,2016,actual_registered_est,902337.0,59.22392183971659,197.25570497991737,899920.0,881745.0,905736.0,58.462601648448285,52.86786748762741,63.09655154137304,-3205.0,3936.0,-5222.0,-24685.0,0.0351501224204839,25670949.0,0.4,18.0,41.4,,0.0
전라남도,2017,actual_registered_est,900464.0,58.453019967770885,193.659753885895,902337.0,885977.0,893939.0,59.22392183971659,54.42202497012664,58.40681056786,-3047.0,-3205.0,-5054.0,-16573.0,0.0349874205383708,25736793.0,0.28,18.8,42.0,14444.0,0.2
전라남도,2018,actual_registered_est,902497.0,57.78248133501929,191.9999917604156,900464.0,888449.0,888121.0,58.453019967770885,56.05871541134172,54.978548255404434,-8030.0,-3047.0,-2306.0,-13318.0,0.0349024617010437,25857689.0,0.43,19.6,42.6,28508.0,0.4
전라남도,2019,actual_registered_est,904057.0,56.70646918461178,191.51756086874025,902497.0,894525.0,883250.0,57.78248133501929,57.5186144733198,53.20173910824934,-8788.0,-8030.0,-596.0,-7425.0,0.0348401573473451,25948706.0,0.35,20.4,43.1,42286.0,0.6
전라남도,2020,actual_registered_est,905572.0,56.07492633150786,191.79868305907365,904057.0,899920.0,878816.0,56.70646918461178,58.462601648448285,52.473468635948926,-9754.0,-8788.0,3936.0,-10061.0,0.0349295141418955,25925697.0,0.14,21.8,43.7,55884.0,0.8
전라남도,2021,actual_registered_est,900863.0,54.022639184483374,188.1684920292056,905572.0,902337.0,881745.0,56.07492633150786,59.22392183971659,52.86786748762741,-4487.0,-9754.0,-3205.0,-5222.0,0.0348214237742647,25870941.0,-0.13,23.1,44.3,67636.0,1.0
전라남도,2022,actual_registered_est,897115.0,51.06177531986172,184.80438688224567,900863.0,900464.0,885977.0,54.022639184483374,58.453019967770885,54.42202497012664,-345.0,-4487.0,-3047.0,-5054.0,0.0347467334317478,25818686.0,-0.19,24.4,44.9,63210.0,1.0
전라남도,2023,actual_registered_est,895601.0,48.41932653359071,183.3480361227708,897115.0,902497.0,888449.0,51.06177531986172,57.78248133501929,56.05871541134172,-1800.0,-345.0,-8030.0,-2306.0,0.0346328259426336,25859888.0,0.08,25.8,45.5,58746.0,1.0
전라남도,2024,actual_registered_est,892167.0,46.325669525203615,180.46953714960748,895601.0,904057.0,894525.0,48.41932653359071,56.70646918461178,57.5186144733198,-3988.0,-1800.0,-8788.0,-596.0,0.0344775176011107,25876776.0,0.07,27.4,46.1,54034.0,1.0
전라남도,2025,kosis_projection(중위),888339.0,43.2836050394386,176.6226446630321,892167.0,905572.0,899920.0,46.325669525203615,56.07492633150786,58.462601648448285,1334.0,-3988.0,-9754.0,3936.0,0.0343812344213847,25837903.0,-0.13,29.3,46.7,48546.0,1.0
전라남도,2026,kosis_projection(중위),884797.0,40.5040179674102,173.06464459598732,888339.0,900863.0,902337.0,43.2836050394386,54.022639184483374,59.22392183971659,-897.0,1334.0,-4487.0,-3205.0,0.0343010357180129,25795052.0,-0.15,31.3,47.3,44956.0,1.0
전라남도,2027,kosis_projection(중위),881641.0,39.388199585418576,169.07307761827187,884797.0,897115.0,900464.0,40.5040179674102,51.06177531986172,58.453019967770885,,-897.0,-345.0,-3047.0,0.0342342523549709,25753184.0,-0.14,33.0,47.9,44183.0,1.0
전라남도,2028,kosis_projection(중위),878766.0,39.24199303903074,164.44180003805587,881641.0,895601.0,902497.0,39.388199585418576,48.41932653359071,57.78248133501929,,,-1800.0,-8030.0,0.0341774720285577,25711849.0,-0.15,34.8,48.5,43018.0,1.0
전라남도,2029,kosis_projection(중위),876061.0,38.603112356251465,159.9422517945169,878766.0,892167.0,904057.0,39.24199303903074,46.325669525203615,56.70646918461178,,,-3988.0,-8788.0,0.0341274702370552,25670259.0,-0.15,36.3,49.1,42138.0,1.0
전라남도,2030,kosis_projection(중위),873385.0,38.45297166208493,156.21962215033014,876061.0,888339.0,905572.0,38.603112356251465,43.2836050394386,56.07492633150786,,,1334.0,-9754.0,0.0340802940679642,25627273.0,-0.15,38.0,49.7,42637.0,1.0
전라남도,2031,kosis_projection(중위),870706.0,39.079456844989565,152.33156730600325,873385.0,884797.0,900863.0,38.45297166208493,40.5040179674102,54.022639184483374,,,-897.0,-4487.0,0.0340359125460934,25581979.0,-0.16,39.7,50.3,42923.0,1.0
전라남도,2032,kosis_projection(중위),867968.0,39.271279816245,148.663109748195,870706.0,881641.0,897115.0,39.079456844989565,39.388199585418576,51.06177531986172,,,,-345.0,0.0339928010149026,25533877.0,-0.17,41.4,50.9,42278.0,1.0
전라남도,2033,kosis_projection(중위),865132.0,38.85254162850903,144.76759123765345,867968.0,878766.0,895601.0,39.271279816245,39.24199303903074,48.41932653359071,,,,-1800.0,0.0339502373308903,25482355.0,-0.19,43.2,51.4,41662.0,1.0
전라남도,2034,kosis_projection(중위),862175.0,38.547940371134025,141.56435222112674,865132.0,876061.0,892167.0,38.85254162850903,38.603112356251465,46.325669525203615,,,,-3988.0,0.0339084432898861,25426558.0,-0.2,45.5,52.0,41009.0,1.0
전라남도,2035,kosis_projection(중위),859068.0,38.4693675215094,138.0496487099544,862175.0,873385.0,888339.0,38.547940371134025,38.45297166208493,43.2836050394386,,,,1334.0,0.033867526636633,25365537.0,-0.22,47.7,52.5,40125.0,1.0
전라남도,2036,kosis_projection(중위),855843.0,37.641138972464525,134.2136358975526,859068.0,870706.0,884797.0,38.4693675215094,39.079456844989565,40.5040179674102,,,,-897.0,0.0338290501364576,25299055.0,-0.24,50.1,53.0,38818.0,1.0
전라남도,2037,kosis_projection(중위),852456.0,36.2560781997598,131.18601100227554,855843.0,867968.0,881641.0,37.641138972464525,39.271279816245,39.388199585418576,,,,,0.0337916175655397,25226848.0,-0.27,52.4,53.4,36657.0,1.0
전라남도,2038,kosis_projection(중위),848877.0,34.4462854756224,128.24592513162054,852456.0,865132.0,878766.0,36.2560781997598,38.85254162850903,39.24199303903074,,,,,0.033757736324376,25146147.0,-0.3,54.7,53.9,34578.0,1.0
전라남도,2039,kosis_projection(중위),845107.0,32.645719707878165,124.92751541593336,848877.0,862175.0,876061.0,34.4462854756224,38.547940371134025,38.603112356251465,,,,,0.0337297103563441,25055270.0,-0.34,57.1,54.3,32562.0,1.0
전라남도,2040,kosis_projection(중위),841100.0,30.30889176251541,121.94787215879369,845107.0,859068.0,873385.0,32.645719707878165,38.4693675215094,38.45297166208493,,,,,0.0337051397753468,24954651.0,-0.38,59.1,54.6,29816.0,1.0
전라남도,2041,kosis_projection(중위),836852.0,27.86649191238552,118.93306127062844,841100.0,855843.0,870706.0,30.30889176251541,37.641138972464525,39.079456844989565,,,,,0.0336837587032268,24844377.0,-0.42,60.9,55.0,26927.0,1.0
전라남도,2042,kosis_projection(중위),832408.0,25.876561978181808,115.3968309808077,836852.0,852456.0,867968.0,27.86649191238552,36.2560781997598,39.271279816245,,,,,0.0336666749713569,24724984.0,-0.45,62.6,55.4,24518.0,1.0
전라남도,2043,kosis_projection(중위),827764.0,24.25777573266345,111.1351167270482,832408.0,848877.0,865132.0,25.876561978181808,34.4462854756224,38.85254162850903,,,,,0.033653539670459,24596640.0,-0.49,64.4,55.7,22714.0,1.0
전라남도,2044,kosis_projection(중위),822925.0,22.83398969566642,107.27710457734985,827764.0,845107.0,862175.0,24.25777573266345,32.645719707878165,38.547940371134025,,,,,0.0336443642393636,24459520.0,-0.53,66.2,56.0,21348.0,1.0
전라남도,2045,kosis_projection(중위),817819.0,21.650266592658944,103.52474433165088,822925.0,841100.0,859068.0,22.83398969566642,30.30889176251541,38.4693675215094,,,,,0.0336359746693845,24313819.0,-0.58,68.4,56.4,20851.0,1.0
전라남도,2046,kosis_projection(중위),812401.0,20.76940161716727,99.36917329101898,817819.0,836852.0,855843.0,21.650266592658944,27.86649191238552,37.641138972464525,,,,,0.0336273891187465,24158908.0,-0.62,70.7,56.7,16599.0,0.8
전라남도,2047,kosis_projection(중위),806642.0,20.30208619060444,95.49938252531034,812401.0,832408.0,852456.0,20.76940161716727,25.876561978181808,36.2560781997598,,,,,0.0336178294415338,23994470.0,-0.67,72.9,57.0,12569.0,0.6
전라남도,2048,kosis_projection(중위),800551.0,20.216327048775664,91.93290098484896,806642.0,827764.0,848877.0,20.30208619060444,24.25777573266345,34.4462854756224,,,,,0.0336075134308142,23820596.0,-0.72,74.9,57.3,8633.0,0.4
전라남도,2049,kosis_projection(중위),794097.0,20.49535529308749,88.97050836976506,800551.0,822925.0,845107.0,20.216327048775664,22.83398969566642,32.645719707878165,,,,,0.033595585216279,23636945.0,-0.77,76.3,57.7,4482.0,0.2
전라남도,2050,kosis_projection(중위),787289.0,21.07556609380036,85.97404143654742,794097.0,817819.0,841100.0,20.49535529308749,21.650266592658944,30.30889176251541,,,,,0.0335826838727752,23443302.0,-0.82,77.3,58.1,,0.0
전라남도,2051,kosis_projection(중위),780197.0,21.75140091656516,83.2687352142507,787289.0,812401.0,836852.0,21.07556609380036,20.76940161716727,27.86649191238552,,,,,0.033570936905974,23240251.0,-0.87,78.4,58.4,,0.0
전라남도,2052,kosis_projection(중위),772801.0,22.34694218236412,81.35435841982947,780197.0,806642.0,832408.0,21.75140091656516,20.30208619060444,25.876561978181808,,,,,0.0335585884080934,23028412.0,-0.92,79.3,58.8,,0.0
전북특별자치도,1970,actual_registered_est,1254387.0,93.51883860190956,296.90618447575287,,,,,,,-91270.0,,,,0.0769156433777575,16308607.0,2.18,5.7,18.5,,0.0
전북특별자치도,1971,actual_registered_est,1261585.0,94.71529446745082,296.68437620161603,1254387.0,,,93.51883860190956,,,-74495.0,-91270.0,,,0.0757759499075133,16648884.0,1.97,5.8,18.6,,0.0
전북특별자치도,1972,actual_registered_est,1264240.0,96.30401041755552,297.6883702996334,1261585.0,,,94.71529446745082,,,-37017.0,-74495.0,,,0.074562509090004,16955438.0,1.88,5.6,18.7,,0.0
전북특별자치도,1973,actual_registered_est,1263955.0,96.49138566986105,298.82368841886097,1264240.0,,,96.30401041755552,,,-53076.0,-37017.0,,,0.0733370478942205,17234877.0,1.77,5.6,18.9,,0.0
전북특별자치도,1974,actual_registered_est,1262709.0,98.10035369768912,302.2952433801683,1263955.0,,,96.49138566986105,,,-71645.0,-53076.0,,,0.0720962043249078,17514223.0,1.71,5.7,19.2,,0.0
전북특별자치도,1975,actual_registered_est,1258653.0,103.07296012550378,306.64384245123574,1262709.0,1254387.0,,98.10035369768912,93.51883860190956,,-137347.0,-71645.0,-91270.0,,0.0708468527332359,17765828.0,1.68,6.0,19.6,,0.0
전북특별자치도,1976,actual_registered_est,1243522.0,108.75475576122574,309.4364816649999,1258653.0,1261585.0,,103.07296012550378,94.71529446745082,,-86763.0,-137347.0,-74495.0,,0.0688607466521449,18058503.0,1.6,6.0,20.0,,0.0
전북특별자치도,1977,actual_registered_est,1227387.0,112.22660761480498,312.2122419280081,1243522.0,1264240.0,,108.75475576122574,96.30401041755552,,-81468.0,-86763.0,-37017.0,,0.0668897037377102,18349416.0,1.56,6.0,20.5,,0.0
전북특별자치도,1978,actual_registered_est,1209994.0,115.04227358310796,316.1150335242387,1227387.0,1263955.0,,112.22660761480498,96.49138566986105,,-94771.0,-81468.0,-53076.0,,0.064923405561785,18637254.0,1.52,6.0,20.9,,0.0
전북특별자치도,1979,actual_registered_est,1191894.0,117.32415040027674,320.8136494907823,1209994.0,1262709.0,,115.04227358310796,98.10035369768912,,-83574.0,-94771.0,-71645.0,,0.0629653584185963,18929361.0,1.52,6.1,21.4,,0.0
전북특별자치도,1980,actual_registered_est,1173496.0,118.17752045604516,324.6203005142437,1191894.0,1258653.0,1254387.0,117.32415040027674,103.07296012550378,93.51883860190956,-71224.0,-83574.0,-137347.0,-91270.0,0.0610060358491091,19235736.0,1.56,6.1,21.8,,0.0
전북특별자치도,1981,actual_registered_est,1167992.0,120.65598090240282,331.8009978415037,1173496.0,1243522.0,1261585.0,118.17752045604516,108.75475576122574,94.71529446745082,-47923.0,-71224.0,-86763.0,-74495.0,0.0597876296090026,19535680.0,1.56,6.2,22.2,,0.0
전북특별자치도,1982,actual_registered_est,1164920.0,121.45440940167104,336.814227033178,1167992.0,1227387.0,1264240.0,120.65598090240282,112.22660761480498,96.30401041755552,-59435.0,-47923.0,-81468.0,-37017.0,0.0587234450980249,19837392.0,1.55,6.3,22.7,,0.0
전북특별자치도,1983,actual_registered_est,1153818.0,119.17743868656216,337.87637289387555,1164920.0,1209994.0,1263955.0,121.45440940167104,115.04227358310796,96.49138566986105,-73269.0,-59435.0,-94771.0,-53076.0,0.0573208366784042,20129120.0,1.47,6.3,23.2,,0.0
전북특별자치도,1984,actual_registered_est,1135410.0,114.67301366028488,336.59800908192057,1153818.0,1191894.0,1262709.0,119.17743868656216,117.32415040027674,98.10035369768912,-74678.0,-73269.0,-83574.0,-71645.0,0.0557251655507253,20375175.0,1.23,6.4,23.8,,0.0
전북특별자치도,1985,actual_registered_est,1117674.0,109.87970403604471,335.0276129698501,1135410.0,1173496.0,1258653.0,114.67301366028488,118.17752045604516,103.07296012550378,-60107.0,-74678.0,-71224.0,-137347.0,0.0543203600381033,20575600.0,0.98,6.5,24.3,,0.0
전북특별자치도,1986,actual_registered_est,1099703.0,106.38918250337515,335.4658754315915,1117674.0,1167992.0,1243522.0,109.87970403604471,120.65598090240282,108.75475576122574,-59315.0,-60107.0,-47923.0,-86763.0,0.0529416117285208,20771997.0,0.99,6.6,24.8,,0.0
전북특별자치도,1987,actual_registered_est,1079370.0,102.5594146991874,332.788413713011,1099703.0,1164920.0,1227387.0,106.38918250337515,121.45440940167104,112.22660761480498,-65908.0,-59315.0,-59435.0,-81468.0,0.051496709443425,20959980.0,0.99,6.7,25.4,,0.0
전북특별자치도,1988,actual_registered_est,1059102.0,98.99400113403291,330.7519998107976,1079370.0,1153818.0,1209994.0,102.5594146991874,119.17743868656216,115.04227358310796,-59637.0,-65908.0,-73269.0,-94771.0,0.0500633744115992,21155226.0,0.98,6.9,25.9,,0.0
전북특별자치도,1989,actual_registered_est,1039337.0,96.91796460676706,327.6533607150316,1059102.0,1135410.0,1191894.0,98.99400113403291,114.67301366028488,117.32415040027674,-63258.0,-59637.0,-74678.0,-83574.0,0.0486640478384319,21357389.0,0.99,7.0,26.4,,0.0
전북특별자치도,1990,actual_registered_est,1020617.0,97.24324009995613,325.65106146189095,1039337.0,1117674.0,1173496.0,96.91796460676706,109.87970403604471,118.17752045604516,-53340.0,-63258.0,-60107.0,-71224.0,0.0473204949457722,21568181.0,0.99,7.4,27.0,,0.0
전북특별자치도,1991,actual_registered_est,1007855.0,96.9813319628244,321.64067519679713,1020617.0,1099703.0,1167992.0,97.24324009995613,106.38918250337515,120.65598090240282,-42298.0,-53340.0,-59315.0,-47923.0,0.0462660199631709,21783914.0,0.99,7.5,27.5,,0.0
전북특별자치도,1992,actual_registered_est,995373.0,96.38565552825456,316.40430682387034,1007855.0,1079370.0,1164920.0,96.9813319628244,102.5594146991874,121.45440940167104,-30761.0,-42298.0,-65908.0,-59435.0,0.0452161624228234,22013655.0,1.04,7.7,27.9,,0.0
전북특별자치도,1993,actual_registered_est,982379.0,94.71282751027856,309.3258449585881,995373.0,1059102.0,1153818.0,96.38565552825456,98.99400113403291,119.17743868656216,-25990.0,-30761.0,-59637.0,-73269.0,0.0441666456109311,22242554.0,1.02,7.9,28.4,,0.0
전북특별자치도,1994,actual_registered_est,968984.0,91.64919877352956,300.4518409788577,982379.0,1039337.0,1135410.0,94.71282751027856,96.91796460676706,114.67301366028488,-22929.0,-25990.0,-63258.0,-74678.0,0.0431186638101971,22472496.0,1.01,8.1,28.8,,0.0
전북특별자치도,1995,actual_registered_est,955405.0,87.46662424498192,290.4830806397351,968984.0,1020617.0,1117674.0,91.64919877352956,97.24324009995613,109.87970403604471,-10115.0,-22929.0,-53340.0,-60107.0,0.0420784477511865,22705329.0,1.01,8.3,29.3,,0.0
전북특별자치도,1996,actual_registered_est,956197.0,83.83972818268454,284.18136461684173,955405.0,1007855.0,1099703.0,87.46662424498192,96.9813319628244,106.38918250337515,-14371.0,-10115.0,-42298.0,-59315.0,0.041710680689735,22924512.0,0.95,8.6,29.8,,0.0
전북특별자치도,1997,actual_registered_est,956062.0,79.71469741457656,278.6851037291088,956197.0,995373.0,1079370.0,83.83972818268454,96.38565552825456,102.5594146991874,-14597.0,-14371.0,-30761.0,-65908.0,0.0413019785820792,23148092.0,0.94,8.9,30.3,,0.0
전북특별자치도,1998,actual_registered_est,957106.0,76.57373054294715,274.33855763770543,956062.0,982379.0,1059102.0,79.71469741457656,94.71282751027856,98.99400113403291,-2269.0,-14597.0,-25990.0,-59637.0,0.0410850453390014,23295727.0,0.72,9.3,30.7,,0.0
전북특별자치도,1999,actual_registered_est,959646.0,74.60061805524344,272.120035360456,957106.0,968984.0,1039337.0,76.57373054294715,91.64919877352956,96.91796460676706,-10449.0,-2269.0,-22929.0,-63258.0,0.0409093984240746,23457837.0,0.71,9.6,31.2,,0.0
전북특별자치도,2000,actual_registered_est,958211.0,73.85063159980356,269.9840523613745,959646.0,955405.0,1020617.0,74.60061805524344,87.46662424498192,97.24324009995613,-21590.0,-10449.0,-10115.0,-53340.0,0.0404876136662338,23666769.0,0.84,10.1,31.8,,0.0
전북특별자치도,2001,actual_registered_est,952454.0,74.32063075724157,266.46486702300814,958211.0,956197.0,1007855.0,73.85063159980356,83.83972818268454,96.9813319628244,-1911.0,-21590.0,-14371.0,-42298.0,0.0399268563353105,23854971.0,0.77,10.5,32.3,,0.0
전북특별자치도,2002,actual_registered_est,941519.0,74.49839195138506,261.04257138755185,952454.0,956062.0,995373.0,74.32063075724157,79.71469741457656,96.38565552825456,-56735.0,-1911.0,-14597.0,-30761.0,0.0392440583964813,23991377.0,0.58,11.0,32.9,,0.0
전북특별자치도,2003,actual_registered_est,928990.0,73.75037566328126,254.2750681496978,941519.0,957106.0,982379.0,74.49839195138506,76.57373054294715,94.71282751027856,-3039.0,-56735.0,-2269.0,-25990.0,0.0385139475886278,24120872.0,0.52,11.5,33.5,,0.0
전북특별자치도,2004,actual_registered_est,915132.0,71.03884445498565,244.9298214953201,928990.0,959646.0,968984.0,73.75037566328126,74.60061805524344,91.64919877352956,-50969.0,-3039.0,-10449.0,-22929.0,0.0377985968210802,24210740.0,0.4,12.0,34.1,,0.0
전북특별자치도,2005,actual_registered_est,901531.0,66.68605713145772,235.2630625974234,915132.0,958211.0,955405.0,71.03884445498565,73.85063159980356,87.46662424498192,-24477.0,-50969.0,-21590.0,-10115.0,0.0371869116141848,24243234.0,0.21,12.5,34.8,,0.0
전북특별자치도,2006,actual_registered_est,893276.0,62.22854692169853,226.9218395425822,901531.0,952454.0,956197.0,66.68605713145772,74.32063075724157,83.83972818268454,-19162.0,-24477.0,-1911.0,-14371.0,0.036655399742326,24369561.0,0.53,13.0,35.4,,0.0
전북특별자치도,2007,actual_registered_est,887621.0,57.994014807558976,219.5155995943829,893276.0,941519.0,956062.0,62.22854692169853,74.49839195138506,79.71469741457656,-10874.0,-19162.0,-56735.0,-14597.0,0.0362424610645705,24491190.0,0.51,13.5,36.1,,0.0
전북특별자치도,2008,actual_registered_est,885099.0,54.79147332661901,213.11942060687383,887621.0,928990.0,957106.0,57.994014807558976,73.75037566328126,76.57373054294715,-10550.0,-10874.0,-3039.0,-2269.0,0.0358751470513846,24671648.0,0.76,14.0,36.7,,0.0
전북특별자치도,2009,actual_registered_est,886090.0,53.37280385669817,208.70923886262324,885099.0,915132.0,959646.0,54.79147332661901,71.03884445498565,74.60061805524344,-4806.0,-10550.0,-50969.0,-10449.0,0.0357664407703115,24774341.0,0.51,14.4,37.3,,0.0
전북특별자치도,2010,actual_registered_est,887155.0,52.97138430311381,205.5257962517548,886090.0,901531.0,958211.0,53.37280385669817,66.68605713145772,73.85063159980356,-2448.0,-4806.0,-24477.0,-21590.0,0.0356557588217312,24881114.0,0.5,14.8,37.9,,0.0
전북특별자치도,2011,actual_registered_est,896178.0,53.73324458809175,206.1783947983932,887155.0,893276.0,952454.0,52.97138430311381,62.22854692169853,74.32063075724157,1721.0,-2448.0,-19162.0,-1911.0,0.0357472179648978,25069867.0,0.77,15.0,38.5,,0.0
전북특별자치도,2012,actual_registered_est,902355.0,55.42806003081189,206.5411577187152,896178.0,887621.0,941519.0,53.73324458809175,57.994014807558976,74.49839195138506,-3291.0,1721.0,-10874.0,-56735.0,0.0358256793680009,25187380.0,0.53,15.6,39.1,,0.0
전북특별자치도,2013,actual_registered_est,905581.0,57.13969801408775,205.938199306873,902355.0,885099.0,928990.0,55.42806003081189,54.79147332661901,73.75037566328126,-2197.0,-3291.0,-10550.0,-3039.0,0.0358144977328543,25285319.0,0.46,16.3,39.7,,0.0
전북특별자치도,2014,actual_registered_est,911507.0,58.610569545549104,205.62530145170675,905581.0,886090.0,915132.0,57.13969801408775,53.37280385669817,71.03884445498565,-2563.0,-2197.0,-4806.0,-50969.0,0.0358225286565255,25445077.0,0.63,16.8,40.3,,0.0
전북특별자치도,2015,actual_registered_est,916353.0,59.53015869006193,203.6242417123153,911507.0,887155.0,901531.0,58.610569545549104,52.97138430311381,66.68605713145772,-2830.0,-2563.0,-2448.0,-24477.0,0.0358147735623386,25585894.0,0.53,17.5,40.9,,0.0
전북특별자치도,2016,actual_registered_est,916567.0,60.157892637521805,200.36645925671667,916353.0,896178.0,893276.0,59.53015869006193,53.73324458809175,62.22854692169853,-4419.0,-2830.0,1721.0,-19162.0,0.03570444551933,25670949.0,0.4,18.0,41.4,,0.0
전북특별자치도,2017,actual_registered_est,912675.0,59.24568888826793,196.28593245016927,916567.0,902355.0,887621.0,60.157892637521805,55.42806003081189,57.994014807558976,-7206.0,-4419.0,-3291.0,-10874.0,0.0354618774763429,25736793.0,0.28,18.8,42.0,13614.0,0.2
전북특별자치도,2018,actual_registered_est,909711.0,58.24435857156504,193.5347203418509,912675.0,905581.0,885099.0,59.24568888826793,57.13969801408775,54.79147332661901,-13773.0,-7206.0,-2197.0,-10550.0,0.0351814502835114,25857689.0,0.43,19.6,42.6,27048.0,0.4
전북특별자치도,2019,actual_registered_est,904929.0,56.76116489641864,191.7022873993434,909711.0,911507.0,886090.0,58.24435857156504,58.610569545549104,53.37280385669817,-12748.0,-13773.0,-2563.0,-4806.0,0.0348737621059023,25948706.0,0.35,20.4,43.1,39754.0,0.6
전북특별자치도,2020,actual_registered_est,900472.0,55.75912358551893,190.71851131833824,904929.0,916353.0,887155.0,56.76116489641864,59.53015869006193,52.97138430311381,-8494.0,-12748.0,-2830.0,-2448.0,0.0347327981191788,25925697.0,0.14,21.8,43.7,52822.0,0.8
전북특별자치도,2021,actual_registered_est,893748.0,53.5959693381276,186.6823406157411,900472.0,916567.0,896178.0,55.75912358551893,60.157892637521805,53.73324458809175,-5801.0,-8494.0,-4419.0,1721.0,0.034546404786745,25870941.0,-0.13,23.1,44.3,64268.0,1.0
전북특별자치도,2022,actual_registered_est,886829.0,50.47631925130853,182.68548582332824,893748.0,912675.0,902355.0,53.5959693381276,59.24568888826793,55.42806003081189,-5115.0,-5801.0,-7206.0,-3291.0,0.0343483398031952,25818686.0,-0.19,24.4,44.9,60740.0,1.0
전북특별자치도,2023,actual_registered_est,883855.0,47.78429663806406,180.94338714147435,886829.0,909711.0,905581.0,50.47631925130853,58.24435857156504,57.13969801408775,-4457.0,-5115.0,-13773.0,-2197.0,0.0341786089715469,25859888.0,0.08,25.8,45.5,56796.0,1.0
전북특별자치도,2024,actual_registered_est,879834.0,45.68527990952141,177.97479031222596,883855.0,904929.0,911507.0,47.78429663806406,56.76116489641864,58.610569545549104,-6060.0,-4457.0,-12748.0,-2563.0,0.0340009126330111,25876776.0,0.07,27.4,46.1,52971.0,1.0
전북특별자치도,2025,kosis_projection(중위),874274.0,42.59829919912347,173.82619252349355,879834.0,900472.0,916353.0,45.68527990952141,55.75912358551893,59.53015869006193,-3575.0,-6060.0,-8494.0,-2830.0,0.0338368790996699,25837903.0,-0.13,29.3,46.7,48193.0,1.0
전북특별자치도,2026,kosis_projection(중위),868779.0,39.77074992988072,169.93155364163448,874274.0,893748.0,916567.0,42.59829919912347,53.5959693381276,60.157892637521805,-2183.0,-3575.0,-5801.0,-4419.0,0.0336800639130326,25795052.0,-0.15,31.3,47.3,44759.0,1.0
전북특별자치도,2027,kosis_projection(중위),863576.0,38.58112751695694,165.60873652345654,868779.0,886829.0,912675.0,39.77074992988072,50.47631925130853,59.24568888826793,,-2183.0,-5115.0,-7206.0,0.0335327856936058,25753184.0,-0.14,33.0,47.9,43579.0,1.0
전북특별자치도,2028,kosis_projection(중위),858664.0,38.344322277905945,160.68015124376365,863576.0,883855.0,909711.0,38.58112751695694,47.78429663806406,58.24435857156504,,,-4457.0,-13773.0,0.0333956534981206,25711849.0,-0.15,34.8,48.5,42334.0,1.0
전북특별자치도,2029,kosis_projection(중위),853987.0,37.63043453798093,155.9122067792586,858664.0,879834.0,904929.0,38.344322277905945,45.68527990952141,56.76116489641864,,,-6060.0,-12748.0,0.0332675646163133,25670259.0,-0.15,36.3,49.1,41300.0,1.0
전북특별자치도,2030,kosis_projection(중위),849471.0,37.40009765540162,151.94220034425035,853987.0,874274.0,900472.0,37.63043453798093,42.59829919912347,55.75912358551893,,,-3575.0,-8494.0,0.0331471475720417,25627273.0,-0.15,38.0,49.7,41367.0,1.0
전북특별자치도,2031,kosis_projection(중위),845078.0,37.929208288044514,147.84790300724077,849471.0,868779.0,893748.0,37.40009765540162,39.77074992988072,53.5959693381276,,,-2183.0,-5801.0,0.0330341135844103,25581979.0,-0.16,39.7,50.3,41645.0,1.0
전북특별자치도,2032,kosis_projection(중위),840796.0,38.04188055824585,144.00916626401363,845078.0,863576.0,886829.0,37.929208288044514,38.58112751695694,50.47631925130853,,,,-5115.0,0.0329286461276523,25533877.0,-0.17,41.4,50.9,41196.0,1.0
전북특별자치도,2033,kosis_projection(중위),836536.0,37.56831300165343,139.98245551381945,840796.0,858664.0,883855.0,38.04188055824585,38.344322277905945,47.78429663806406,,,,-4457.0,0.0328280490559055,25482355.0,-0.19,43.2,51.4,40457.0,1.0
전북특별자치도,2034,kosis_projection(중위),832264.0,37.21061622645227,136.65313194764846,836536.0,853987.0,879834.0,37.56831300165343,37.63043453798093,45.68527990952141,,,,-6060.0,0.0327320748643996,25426558.0,-0.2,45.5,52.0,39950.0,1.0
전북특별자치도,2035,kosis_projection(중위),827953.0,37.076026865785096,133.0495616160221,832264.0,849471.0,874274.0,37.21061622645227,37.40009765540162,42.59829919912347,,,,-3575.0,0.0326408622849183,25365537.0,-0.22,47.7,52.5,38818.0,1.0
전북특별자치도,2036,kosis_projection(중위),823576.0,36.22199243364314,129.15351226564076,827953.0,845078.0,868779.0,37.076026865785096,37.929208288044514,39.77074992988072,,,,-2183.0,0.0325536270030639,25299055.0,-0.24,50.1,53.0,37059.0,1.0
전북특별자치도,2037,kosis_projection(중위),819090.0,34.83697820490589,126.05125631335092,823576.0,840796.0,863576.0,36.22199243364314,38.04188055824585,38.58112751695694,,,,,0.0324689790813343,25226848.0,-0.27,52.4,53.4,34382.0,1.0
전북특별자치도,2038,kosis_projection(중위),814446.0,33.049121863919936,123.0441874850512,819090.0,836536.0,858664.0,34.83697820490589,37.56831300165343,38.344322277905945,,,,,0.0323885007114608,25146147.0,-0.3,54.7,53.9,31967.0,1.0
전북특별자치도,2039,kosis_projection(중위),809596.0,31.273961868283347,119.67811977735126,814446.0,832264.0,853987.0,33.049121863919936,37.21061622645227,37.63043453798093,,,,,0.0323124037378164,25055270.0,-0.34,57.1,54.3,29216.0,1.0
전북특별자치도,2040,kosis_projection(중위),804563.0,28.992287341724754,116.65051226690709,809596.0,827953.0,849471.0,31.273961868283347,37.076026865785096,37.40009765540162,,,,,0.0322410038914188,24954651.0,-0.38,59.1,54.6,26128.0,1.0
전북특별자치도,2041,kosis_projection(중위),799354.0,26.617838968100703,113.60386096815438,804563.0,823576.0,845078.0,28.992287341724754,36.22199243364314,37.929208288044514,,,,,0.0321744433358099,24844377.0,-0.42,60.9,55.0,23433.0,1.0
전북특별자치도,2042,kosis_projection(중위),793979.0,24.68194299294915,110.06941363527348,799354.0,819090.0,840796.0,26.617838968100703,34.83697820490589,38.04188055824585,,,,,0.0321124171404923,24724984.0,-0.45,62.6,55.4,21101.0,1.0
전북특별자치도,2043,kosis_projection(중위),788444.0,23.10549592609017,105.85603622861204,793979.0,814446.0,836536.0,24.68194299294915,33.049121863919936,37.56831300165343,,,,,0.0320549473424012,24596640.0,-0.49,64.4,55.7,19369.0,1.0
전북특별자치도,2044,kosis_projection(중위),782755.0,21.71937856333368,102.04051401214384,788444.0,809596.0,832264.0,23.10549592609017,31.273961868283347,37.21061622645227,,,,,0.0320020589120309,24459520.0,-0.53,66.2,56.0,18253.0,1.0
전북특별자치도,2045,kosis_projection(중위),776879.0,20.56645475372704,98.34229805327168,782755.0,804563.0,827953.0,21.71937856333368,28.992287341724754,37.076026865785096,,,,,0.0319521585646417,24313819.0,-0.58,68.4,56.4,17684.0,1.0
전북특별자치도,2046,kosis_projection(중위),770778.0,19.705290662710844,94.27803837132774,776879.0,799354.0,823576.0,20.56645475372704,26.617838968100703,36.22199243364314,,,,,0.0319045049552736,24158908.0,-0.62,70.7,56.7,13848.0,0.8
전북특별자치도,2047,kosis_projection(중위),764459.0,19.24039723592781,90.50528297053242,770778.0,793979.0,819090.0,19.705290662710844,24.68194299294915,34.83697820490589,,,,,0.031859799362103,23994470.0,-0.67,72.9,57.0,10400.0,0.6
전북특별자치도,2048,kosis_projection(중위),757903.0,19.13933643109336,87.03533123451221,764459.0,788444.0,814446.0,19.24039723592781,23.10549592609017,33.049121863919936,,,,,0.0318171300163942,23820596.0,-0.72,74.9,57.3,7041.0,0.4
전북특별자치도,2049,kosis_projection(중위),751097.0,19.38554090315432,84.15279484119122,757903.0,782755.0,809596.0,19.13933643109336,21.71937856333368,31.273961868283347,,,,,0.0317763991920275,23636945.0,-0.77,76.3,57.7,3568.0,0.2
전북특별자치도,2050,kosis_projection(중위),744034.0,19.91763855843872,81.25048101294458,751097.0,776879.0,804563.0,19.38554090315432,20.56645475372704,28.992287341724754,,,,,0.0317375939618062,23443302.0,-0.82,77.3,58.1,,0.0
전북특별자치도,2051,kosis_projection(중위),736739.0,20.539819250611444,78.63055704265955,744034.0,770778.0,799354.0,19.91763855843872,19.705290662710844,26.617838968100703,,,,,0.0317009915254357,23240251.0,-0.87,78.4,58.4,,0.0
전북특별자치도,2052,kosis_projection(중위),729199.0,21.08611129183028,76.76428576746308,736739.0,764459.0,793979.0,20.539819250611444,19.24039723592781,24.68194299294915,,,,,0.0316651882031639,23028412.0,-0.92,79.3,58.8,,0.0
제주특별자치도,1970,actual_registered_est,181287.0,13.515565526129,42.90958967611734,,,,,,,-3154.0,,,,0.0111160321663278,16308607.0,2.18,5.7,18.5,,0.0
제주특별자치도,1971,actual_registered_est,186395.0,13.993870656563368,43.834132699818255,181287.0,,,13.515565526129,,,-3912.0,-3154.0,,,0.0111956453057153,16648884.0,1.97,5.8,18.6,,0.0
제주특별자치도,1972,actual_registered_est,191084.0,14.555903567857513,44.99421355939945,186395.0,,,13.993870656563368,,,651.0,-3912.0,,,0.0112697766934714,16955438.0,1.88,5.6,18.7,,0.0
제주특별자치도,1973,actual_registered_est,195416.0,14.918221473123303,46.20016527175424,191084.0,,,14.555903567857513,,,-2917.0,651.0,,,0.0113384040976909,17234877.0,1.77,5.6,18.9,,0.0
제주특별자치도,1974,actual_registered_est,199665.0,15.51205156615586,47.80022932401789,195416.0,,,14.918221473123303,,,-5577.0,-2917.0,,,0.0114001631702416,17514223.0,1.71,5.7,19.2,,0.0
제주특별자치도,1975,actual_registered_est,203428.0,16.659020502402957,49.56087466694155,199665.0,181287.0,,15.51205156615586,13.515565526129,,-9901.0,-5577.0,-3154.0,,0.0114505217544603,17765828.0,1.68,6.0,19.6,,0.0
제주특별자치도,1976,actual_registered_est,209021.0,18.28035837240288,52.01252799234751,203428.0,186395.0,,16.659020502402957,13.993870656563368,,-7042.0,-9901.0,-3912.0,,0.0115746582094872,18058503.0,1.6,6.0,20.0,,0.0
제주특별자치도,1977,actual_registered_est,214752.0,19.63593262637994,54.62678305907069,209021.0,191084.0,,18.28035837240288,14.555903567857513,,-8395.0,-7042.0,651.0,,0.0117034787374159,18349416.0,1.56,6.0,20.5,,0.0
제주특별자치도,1978,actual_registered_est,220486.0,20.96308802625893,57.602714791664496,214752.0,195416.0,,19.63593262637994,14.918221473123303,,-9636.0,-8395.0,-2917.0,,0.0118303908934223,18637254.0,1.52,6.0,20.9,,0.0
제주특별자치도,1979,actual_registered_est,226305.0,22.27634492357091,60.91291083604036,220486.0,199665.0,,20.96308802625893,15.51205156615586,,-4853.0,-9636.0,-5577.0,,0.0119552371577677,18929361.0,1.52,6.1,21.4,,0.0
제주특별자치도,1980,actual_registered_est,232282.0,23.392078717414527,64.25539809598801,226305.0,203428.0,181287.0,22.27634492357091,16.659020502402957,13.515565526129,-1348.0,-4853.0,-9901.0,-3154.0,0.0120755452247837,19235736.0,1.56,6.1,21.8,,0.0
제주특별자치도,1981,actual_registered_est,236110.0,24.390649637040603,67.07369023106104,232282.0,209021.0,186395.0,23.392078717414527,18.28035837240288,13.993870656563368,-1444.0,-1348.0,-7042.0,-3912.0,0.012086090681256,19535680.0,1.56,6.2,22.2,,0.0
제주특별자치도,1982,actual_registered_est,238871.0,24.90465974331848,69.06495830240897,236110.0,214752.0,191084.0,24.390649637040603,19.63593262637994,14.555903567857513,-3131.0,-1444.0,-8395.0,651.0,0.0120414518198763,19837392.0,1.55,6.3,22.7,,0.0
제주특별자치도,1983,actual_registered_est,241202.0,24.913666250722528,70.63198606257536,238871.0,220486.0,195416.0,24.90465974331848,20.96308802625893,14.918221473123303,-1910.0,-3131.0,-9636.0,-2917.0,0.0119827394342127,20129120.0,1.47,6.3,23.2,,0.0
제주특별자치도,1984,actual_registered_est,242659.0,24.50783313674449,71.93748186629479,241202.0,226305.0,199665.0,24.913666250722528,22.27634492357091,15.51205156615586,-4202.0,-1910.0,-4853.0,-5577.0,0.0119095418812353,20375175.0,1.23,6.4,23.8,,0.0
제주특별자치도,1985,actual_registered_est,243394.0,23.928319603166106,72.9584036411187,242659.0,232282.0,203428.0,24.50783313674449,23.392078717414527,16.659020502402957,-3434.0,-4202.0,-1348.0,-9901.0,0.0118292540679251,20575600.0,0.98,6.5,24.3,,0.0
제주특별자치도,1986,actual_registered_est,244360.0,23.64025617509888,74.54234581560993,243394.0,236110.0,209021.0,23.928319603166106,24.390649637040603,18.28035837240288,-3565.0,-3434.0,-1444.0,-7042.0,0.011763914658759,20771997.0,0.99,6.6,24.8,,0.0
제주특별자치도,1987,actual_registered_est,245211.0,23.29942154942461,75.60278654676445,244360.0,238871.0,214752.0,23.64025617509888,24.90465974331848,19.63593262637994,-2858.0,-3565.0,-3131.0,-8395.0,0.0116990092547798,20959980.0,0.99,6.7,25.4,,0.0
제주특별자치도,1988,actual_registered_est,246562.0,23.046088958012945,77.00001942905394,245211.0,241202.0,220486.0,23.29942154942461,24.913666250722528,20.96308802625893,-1730.0,-2858.0,-1910.0,-9636.0,0.0116548979434206,21155226.0,0.98,6.9,25.9,,0.0
제주특별자치도,1989,actual_registered_est,248637.0,23.18534985854708,78.383381567387,246562.0,242659.0,226305.0,23.046088958012945,24.50783313674449,22.27634492357091,-231.0,-1730.0,-4202.0,-4853.0,0.0116417320488005,21357389.0,0.99,7.0,26.4,,0.0
제주특별자치도,1990,actual_registered_est,251971.0,24.00751354447951,80.39707706966875,248637.0,243394.0,232282.0,23.18534985854708,23.928319603166106,23.392078717414527,3128.0,-231.0,-3434.0,-1348.0,0.0116825336360076,21568181.0,0.99,7.4,27.0,,0.0
제주특별자치도,1991,actual_registered_est,252248.0,24.272685083626644,80.5008826041858,251971.0,244360.0,236110.0,24.00751354447951,23.64025617509888,24.390649637040603,2776.0,3128.0,-3565.0,-1444.0,0.0115795536100629,21783914.0,0.99,7.5,27.5,,0.0
제주특별자치도,1992,actual_registered_est,252620.0,24.462130577730832,80.30161154647166,252248.0,245211.0,238871.0,24.272685083626644,23.29942154942461,24.90465974331848,1705.0,2776.0,-2858.0,-3131.0,0.0114756045736157,22013655.0,1.04,7.7,27.9,,0.0
제주특별자치도,1993,actual_registered_est,252877.0,24.38030096563212,79.62445420310581,252620.0,246562.0,241202.0,24.462130577730832,23.046088958012945,24.913666250722528,-1729.0,1705.0,-1730.0,-1910.0,0.011369063103095,22242554.0,1.02,7.9,28.4,,0.0
제주특별자치도,1994,actual_registered_est,253019.0,23.93123996317759,78.45333292668361,252877.0,248637.0,242659.0,24.38030096563212,23.18534985854708,24.50783313674449,-2145.0,-1729.0,-231.0,-4202.0,0.0112590519539974,22472496.0,1.01,8.1,28.8,,0.0
제주특별자치도,1995,actual_registered_est,253083.0,23.1695622943074,76.94781741517585,253019.0,251971.0,243394.0,23.93123996317759,24.00751354447951,23.928319603166106,-826.0,-2145.0,3128.0,-3434.0,0.0111464141303567,22705329.0,1.01,8.3,29.3,,0.0
제주특별자치도,1996,actual_registered_est,254319.0,22.298789717696405,75.58350472548082,253083.0,252248.0,244360.0,23.1695622943074,24.272685083626644,23.64025617509888,-1093.0,-826.0,2776.0,-3565.0,0.0110937585061788,22924512.0,0.95,8.6,29.8,,0.0
제주특별자치도,1997,actual_registered_est,255820.0,21.32980276655382,74.56966518487359,254319.0,252620.0,245211.0,22.298789717696405,24.462130577730832,23.29942154942461,-594.0,-1093.0,1705.0,-2858.0,0.011051450806399,23148092.0,0.94,8.9,30.3,,0.0
제주특별자치도,1998,actual_registered_est,257559.0,20.606132930846663,73.82501474926474,255820.0,252877.0,246562.0,21.32980276655382,24.38030096563212,23.046088958012945,2530.0,-594.0,-1729.0,-1730.0,0.0110560619121266,23295727.0,0.72,9.3,30.7,,0.0
제주특별자치도,1999,actual_registered_est,259608.0,20.18131399712565,73.61520616962635,257559.0,253019.0,248637.0,20.606132930846663,23.93123996317759,23.18534985854708,181.0,2530.0,-2145.0,-231.0,0.011067005026934,23457837.0,0.71,9.6,31.2,,0.0
제주특별자치도,2000,actual_registered_est,260842.0,20.103449498863988,73.49443931038742,259608.0,253083.0,251971.0,20.18131399712565,23.1695622943074,24.00751354447951,-2358.0,181.0,-826.0,3128.0,0.0110214453016379,23666769.0,0.84,10.1,31.8,,0.0
제주특별자치도,2001,actual_registered_est,263176.0,20.535801540198065,73.62786847831725,260842.0,254319.0,252248.0,20.103449498863988,22.298789717696405,24.272685083626644,-326.0,-2358.0,-1093.0,2776.0,0.0110323336800535,23854971.0,0.77,10.5,32.3,,0.0
제주특별자치도,2002,actual_registered_est,266196.0,21.0629567155744,73.80465857096962,263176.0,255820.0,252620.0,20.535801540198065,21.32980276655382,24.462130577730832,234.0,-326.0,-594.0,1705.0,0.0110954865158427,23991377.0,0.58,11.0,32.9,,0.0
제주특별자치도,2003,actual_registered_est,268130.0,21.286222915850125,73.39021305178578,266196.0,257559.0,252877.0,21.0629567155744,20.606132930846663,24.38030096563212,-1447.0,234.0,2530.0,-1729.0,0.0111160989536365,24120872.0,0.52,11.5,33.5,,0.0
제주특별자치도,2004,actual_registered_est,269930.0,20.953824457820595,72.24521349513707,268130.0,259608.0,253019.0,21.286222915850125,20.18131399712565,23.93123996317759,-83.0,-1447.0,181.0,-2145.0,0.0111491842050263,24210740.0,0.4,12.0,34.1,,0.0
제주특별자치도,2005,actual_registered_est,271342.0,20.07111027148706,70.80926771382244,269930.0,260842.0,253083.0,20.953824457820595,20.103449498863988,23.1695622943074,-805.0,-83.0,-2358.0,-826.0,0.0111924836430651,24243234.0,0.21,12.5,34.8,,0.0
제주특별자치도,2006,actual_registered_est,272449.0,18.97969427172547,69.21111533449569,271342.0,263176.0,254319.0,20.07111027148706,20.535801540198065,22.298789717696405,-1902.0,-805.0,-326.0,-1093.0,0.0111798895351459,24369561.0,0.53,13.0,35.4,,0.0
제주특별자치도,2007,actual_registered_est,272051.0,17.774849538723423,67.28033517148812,272449.0,266196.0,255820.0,18.97969427172547,21.0629567155744,21.32980276655382,-2928.0,-1902.0,234.0,-594.0,0.0111081168371157,24491190.0,0.51,13.5,36.1,,0.0
제주특별자치도,2008,actual_registered_est,272452.0,16.86596244124556,65.60261889707705,272051.0,268130.0,257559.0,17.774849538723423,21.286222915850125,20.606132930846663,-2236.0,-2928.0,-1447.0,2530.0,0.0110431212377867,24671648.0,0.76,14.0,36.7,,0.0
제주특별자치도,2009,actual_registered_est,273345.0,16.464680867868005,64.38355798722901,272452.0,269930.0,259608.0,16.86596244124556,20.953824457820595,20.18131399712565,-1015.0,-2236.0,-83.0,181.0,0.0110333913624584,24774341.0,0.51,14.4,37.3,,0.0
제주특별자치도,2010,actual_registered_est,274676.0,16.40070557551058,63.63375465532742,273345.0,271342.0,260842.0,16.464680867868005,20.07111027148706,20.103449498863988,437.0,-1015.0,-805.0,-2358.0,0.0110395378599205,24881114.0,0.5,14.8,37.9,,0.0
제주특별자치도,2011,actual_registered_est,277692.0,16.649920167819754,63.88696309031842,274676.0,272449.0,263176.0,16.40070557551058,18.97969427172547,20.535801540198065,2343.0,437.0,-1902.0,-326.0,0.0110767241006902,25069867.0,0.77,15.0,38.5,,0.0
제주특별자치도,2012,actual_registered_est,281398.0,17.28515410958038,64.40953804182499,277692.0,272051.0,266196.0,16.649920167819754,17.774849538723423,21.0629567155744,4876.0,2343.0,-2928.0,234.0,0.0111721822595283,25187380.0,0.53,15.6,39.1,,0.0
제주특별자치도,2013,actual_registered_est,286074.0,18.050491308543503,65.05609595222778,281398.0,272452.0,268130.0,17.28515410958038,16.86596244124556,21.286222915850125,7823.0,4876.0,-2236.0,-1447.0,0.011313837883556,25285319.0,0.46,16.3,39.7,,0.0
제주특별자치도,2014,actual_registered_est,293154.0,18.85001750349246,66.13210827977585,286074.0,273345.0,269930.0,18.050491308543503,16.464680867868005,20.953824457820595,11112.0,7823.0,-1015.0,-83.0,0.0115210498282241,25445077.0,0.63,16.8,40.3,,0.0
제주특별자치도,2015,actual_registered_est,301539.0,19.58924619796365,67.00545556318346,293154.0,274676.0,271342.0,18.85001750349246,16.40070557551058,20.07111027148706,14257.0,11112.0,437.0,-805.0,0.0117853611056154,25585894.0,0.53,17.5,40.9,,0.0
제주특별자치도,2016,actual_registered_est,311239.0,20.42783816852412,68.0385137285122,301539.0,277692.0,272449.0,19.58924619796365,16.649920167819754,18.97969427172547,14632.0,14257.0,2343.0,-1902.0,0.0121241719579591,25670949.0,0.4,18.0,41.4,,0.0
제주특별자치도,2017,actual_registered_est,320329.0,20.79394338169664,68.89207708749585,311239.0,281398.0,272051.0,20.42783816852412,17.28515410958038,17.774849538723423,14005.0,14632.0,4876.0,-2928.0,0.0124463448107151,25736793.0,0.28,18.8,42.0,4449.0,0.2
제주특별자치도,2018,actual_registered_est,331090.0,21.198077938443603,70.43710646346304,320329.0,286074.0,272452.0,20.79394338169664,18.050491308543503,16.86596244124556,8853.0,14005.0,7823.0,-2236.0,0.0128043151884145,25857689.0,0.43,19.6,42.6,8753.0,0.4
제주특별자치도,2019,actual_registered_est,336089.0,21.080994364057787,71.19788410997762,331090.0,293154.0,273345.0,21.198077938443603,18.85001750349246,16.464680867868005,2936.0,8853.0,11112.0,-1015.0,0.0129520524067751,25948706.0,0.35,20.4,43.1,12984.0,0.6
제주특별자치도,2020,actual_registered_est,337448.0,20.89549118205362,71.470939915234,336089.0,301539.0,274676.0,21.080994364057787,19.58924619796365,16.40070557551058,3378.0,2936.0,14257.0,437.0,0.0130159663595543,25925697.0,0.14,21.8,43.7,17405.0,0.8
제주특별자치도,2021,actual_registered_est,338493.0,20.29863054146228,70.7030007586524,337448.0,311239.0,277692.0,20.89549118205362,20.42783816852412,16.649920167819754,3917.0,3378.0,14632.0,2343.0,0.0130839075393508,25870941.0,-0.13,23.1,44.3,21328.0,1.0
제주특별자치도,2022,actual_registered_est,339611.0,19.329897034553607,69.95937269298403,338493.0,320329.0,281398.0,20.29863054146228,20.79394338169664,17.28515410958038,3148.0,3917.0,14005.0,4876.0,0.0131536903156109,25818686.0,-0.19,24.4,44.9,20418.0,1.0
제주특별자치도,2023,actual_registered_est,341207.0,18.446845356969103,69.85212540109073,339611.0,331090.0,286074.0,19.329897034553607,21.198077938443603,18.050491308543503,-1687.0,3148.0,8853.0,7823.0,0.0131944500301006,25859888.0,0.08,25.8,45.5,19572.0,1.0
제주특별자치도,2024,actual_registered_est,340302.0,17.67014246297592,68.8370500490219,341207.0,336089.0,293154.0,18.446845356969103,21.080994364057787,18.85001750349246,-3361.0,-1687.0,2936.0,11112.0,0.0131508654710308,25876776.0,0.07,27.4,46.1,18565.0,1.0
제주특별자치도,2025,kosis_projection(중위),340571.0,16.59404872676607,67.71350882437167,340302.0,337448.0,301539.0,17.67014246297592,20.89549118205362,19.58924619796365,-4273.0,-3361.0,3378.0,14257.0,0.0131810619460874,25837903.0,-0.13,29.3,46.7,17187.0,1.0
제주특별자치도,2026,kosis_projection(중위),340747.0,15.598631788241962,66.64947830084063,340571.0,338493.0,311239.0,16.59404872676607,20.29863054146228,20.42783816852412,-1551.0,-4273.0,3917.0,14632.0,0.0132097814728188,25795052.0,-0.15,31.3,47.3,16330.0,1.0
제주특별자치도,2027,kosis_projection(중위),340904.0,15.230229528195188,65.37546286116384,340747.0,339611.0,320329.0,15.598631788241962,19.329897034553607,20.79394338169664,,-1551.0,3148.0,14005.0,0.0132373534860776,25753184.0,-0.14,33.0,47.9,15965.0,1.0
제주특별자치도,2028,kosis_projection(중위),341036.0,15.22923319525208,63.81741409860921,340904.0,341207.0,331090.0,15.230229528195188,18.446845356969103,21.198077938443603,,,-1687.0,8853.0,0.0132637680005043,25711849.0,-0.15,34.8,48.5,15391.0,1.0
제주특별자치도,2029,kosis_projection(중위),341098.0,15.030282615585742,62.27418205194172,341036.0,340302.0,336089.0,15.22923319525208,17.67014246297592,21.080994364057787,,,-3361.0,2936.0,0.0132876727110544,25670259.0,-0.15,36.3,49.1,14992.0,1.0
제주특별자치도,2030,kosis_projection(중위),341062.0,15.016112505955576,61.00468495547313,341098.0,340571.0,337448.0,15.030282615585742,16.59404872676607,20.89549118205362,,,-4273.0,3378.0,0.0133085560839813,25627273.0,-0.15,38.0,49.7,14878.0,1.0
제주특별자치도,2031,kosis_projection(중위),340943.0,15.30237216132802,59.64858580509456,341062.0,340747.0,338493.0,15.016112505955576,15.598631788241962,20.29863054146228,,,-1551.0,3917.0,0.0133274677459472,25581979.0,-0.16,39.7,50.3,14703.0,1.0
제주특별자치도,2032,kosis_projection(중위),340730.0,15.416355409173102,58.35927290464912,340943.0,340904.0,339611.0,15.30237216132802,15.230229528195188,19.329897034553607,,,,3148.0,0.0133442328401597,25533877.0,-0.17,41.4,50.9,14575.0,1.0
제주특별자치도,2033,kosis_projection(중위),340437.0,15.288814555911385,56.96731187630676,340730.0,341036.0,341207.0,15.416355409173102,15.22923319525208,18.446845356969103,,,,-1687.0,0.0133597149870959,25482355.0,-0.19,43.2,51.4,14396.0,1.0
제주특별자치도,2034,kosis_projection(중위),340074.0,15.204746453762905,55.83826429349894,340437.0,341098.0,340302.0,15.288814555911385,15.030282615585742,17.67014246297592,,,,-3361.0,0.0133747556393594,25426558.0,-0.2,45.5,52.0,14403.0,1.0
제주특별자치도,2035,kosis_projection(중위),339643.0,15.209333129749934,54.57961050440132,340074.0,341062.0,340571.0,15.204746453762905,15.016112505955576,16.59404872676607,,,,-4273.0,0.0133899392707514,25365537.0,-0.22,47.7,52.5,14390.0,1.0
제주특별자치도,2036,kosis_projection(중위),339148.0,14.916190236098675,53.18532276058012,339643.0,340943.0,340747.0,15.209333129749934,15.30237216132802,15.598631788241962,,,,-1551.0,0.0134055600100478,25299055.0,-0.24,50.1,53.0,14353.0,1.0
제주특별자치도,2037,kosis_projection(중위),338588.0,14.40059428932434,52.10592581111338,339148.0,340730.0,340904.0,14.916190236098675,15.416355409173102,15.230229528195188,,,,,0.0134217322750745,25226848.0,-0.27,52.4,53.4,13918.0,1.0
제주특별자치도,2038,kosis_projection(중위),337941.0,13.713190674169889,51.055166042789445,338588.0,340437.0,341036.0,14.40059428932434,15.288814555911385,15.22923319525208,,,,,0.0134390767698924,25146147.0,-0.3,54.7,53.9,13656.0,1.0
제주특별자치도,2039,kosis_projection(중위),337207.0,13.026001684442884,49.8474544535315,337941.0,340074.0,341098.0,13.713190674169889,15.204746453762905,15.030282615585742,,,,,0.0134585258909602,25055270.0,-0.34,57.1,54.3,13096.0,1.0
제주특별자치도,2040,kosis_projection(중위),336373.0,12.12114237169492,48.7694347897633,337207.0,339643.0,341062.0,13.026001684442884,15.209333129749934,15.016112505955576,,,,,0.0134793710398915,24954651.0,-0.38,59.1,54.6,12270.0,1.0
제주특별자치도,2041,kosis_projection(중위),335441.0,11.16991285625476,47.67273664361305,336373.0,339148.0,340943.0,12.12114237169492,14.916190236098675,15.30237216132802,,,,,0.0135016869209479,24844377.0,-0.42,60.9,55.0,11332.0,1.0
제주특별자치도,2042,kosis_projection(중위),334432.0,10.396284484876766,46.362352330315765,335441.0,338588.0,340730.0,11.16991285625476,14.40059428932434,15.416355409173102,,,,,0.0135260754870458,24724984.0,-0.45,62.6,55.4,10583.0,1.0
제주특별자치도,2043,kosis_projection(중위),333328.0,9.768238132387062,44.7524248317075,334432.0,337941.0,340437.0,10.396284484876766,13.713190674169889,15.288814555911385,,,,,0.0135517696726056,24596640.0,-0.49,64.4,55.7,9753.0,1.0
제주특별자치도,2044,kosis_projection(중위),332153.0,9.216366229467678,43.29970789158244,333328.0,337207.0,340074.0,9.768238132387062,13.026001684442884,15.204746453762905,,,,,0.0135797022999633,24459520.0,-0.53,66.2,56.0,9071.0,1.0
제주특별자치도,2045,kosis_projection(중위),330865.0,8.75904748627765,41.88300165842522,332153.0,336373.0,339643.0,9.216366229467678,12.12114237169492,15.209333129749934,,,,,0.0136081049217319,24313819.0,-0.58,68.4,56.4,8684.0,1.0
제주특별자치도,2046,kosis_projection(중위),329433.0,8.422104703155542,40.29473728464177,330865.0,335441.0,339148.0,8.75904748627765,11.16991285625476,14.916190236098675,,,,,0.0136360881874296,24158908.0,-0.62,70.7,56.7,6768.0,0.8
제주특별자치도,2047,kosis_projection(중위),327858.0,8.251741632941492,38.81552975915363,329433.0,334432.0,338588.0,8.422104703155542,10.396284484876766,14.40059428932434,,,,,0.0136638983899206,23994470.0,-0.67,72.9,57.0,4906.0,0.6
제주특별자치도,2048,kosis_projection(중위),326149.0,8.236245848960445,37.45398322318941,327858.0,333328.0,337941.0,8.251741632941492,9.768238132387062,13.713190674169889,,,,,0.0136918908326223,23820596.0,-0.72,74.9,57.3,3293.0,0.4
제주특별자치도,2049,kosis_projection(중위),324275.0,8.369420030129753,36.33172219716932,326149.0,332153.0,337207.0,8.236245848960445,9.216366229467678,13.026001684442884,,,,,0.0137189894887008,23636945.0,-0.77,76.3,57.7,1703.0,0.2
제주특별자치도,2050,kosis_projection(중위),322232.0,8.62608497456141,35.18858680888663,324275.0,330865.0,336373.0,8.369420030129753,8.75904748627765,12.12114237169492,,,,,0.0137451626908188,23443302.0,-0.82,77.3,58.1,,0.0
제주특별자치도,2051,kosis_projection(중위),320021.0,8.921983899861315,34.15514788188076,322232.0,329433.0,335441.0,8.62608497456141,8.422104703155542,11.16991285625476,,,,,0.0137701180593961,23240251.0,-0.87,78.4,58.4,,0.0
제주특별자치도,2052,kosis_projection(중위),317663.0,9.185801641659795,33.44104052494534,320021.0,327858.0,334432.0,8.921983899861315,8.251741632941492,10.396284484876766,,,,,0.0137943945070984,23028412.0,-0.92,79.3,58.8,,0.0
충청남도,1970,actual_registered_est,1211081.0,90.29022827312404,286.65590348200294,,,,,,,-47262.0,,,,0.0742602357147977,16308607.0,2.18,5.7,18.5,,0.0
충청남도,1971,actual_registered_est,1213382.0,91.09638544490018,285.3485748199837,1211081.0,,,90.29022827312404,,,-50341.0,-47262.0,,,0.0728806807711555,16648884.0,1.97,5.8,18.6,,0.0
충청남도,1972,actual_registered_est,1211128.0,92.25818161820004,285.1821810291198,1213382.0,,,91.09638544490018,,,-22371.0,-50341.0,,,0.071430062732676,16955438.0,1.88,5.6,18.7,,0.0
충청남도,1973,actual_registered_est,1206816.0,92.12934644711169,285.3149110236489,1211128.0,,,92.25818161820004,,,-38158.0,-22371.0,,,0.0700217355772251,17234877.0,1.77,5.6,18.9,,0.0
충청남도,1974,actual_registered_est,1202034.0,93.38648933099238,287.76951821934995,1206816.0,,,92.12934644711169,,,-51328.0,-38158.0,,,0.0686318770749921,17514223.0,1.71,5.7,19.2,,0.0
충청남도,1975,actual_registered_est,1195744.0,97.92124885278976,291.31741214457867,1202034.0,1211081.0,,93.38648933099238,90.29022827312404,,-80524.0,-51328.0,-47262.0,,0.0673058413038784,17765828.0,1.68,6.0,19.6,,0.0
충청남도,1976,actual_registered_est,1181040.0,103.29026486402172,293.8885378028145,1195744.0,1213382.0,,97.92124885278976,91.09638544490018,,-51981.0,-80524.0,-50341.0,,0.0654007699309294,18058503.0,1.6,6.0,20.0,,0.0
충청남도,1977,actual_registered_est,1165042.0,106.52606829693292,296.353452301752,1181040.0,1211128.0,,103.29026486402172,92.25818161820004,,-43393.0,-51981.0,-22371.0,,0.0634920479213071,18349416.0,1.56,6.0,20.5,,0.0
충청남도,1978,actual_registered_est,1147703.0,109.1198489564029,299.84129865178613,1165042.0,1206816.0,,106.52606829693292,92.12934644711169,,-37483.0,-43393.0,-38158.0,,0.0615811213390127,18637254.0,1.52,6.0,20.9,,0.0
충청남도,1979,actual_registered_est,1129652.0,111.19735576147995,304.0604120622817,1147703.0,1202034.0,,109.1198489564029,93.38648933099238,,-45182.0,-37483.0,-51328.0,,0.0596772389728316,18929361.0,1.52,6.1,21.4,,0.0
충청남도,1980,actual_registered_est,1111355.0,111.91957897293902,307.430442096102,1129652.0,1195744.0,1211081.0,111.19735576147995,97.92124885278976,90.29022827312404,-38722.0,-45182.0,-80524.0,-47262.0,0.0577755381961989,19235736.0,1.56,6.1,21.8,,0.0
충청남도,1981,actual_registered_est,1107841.0,114.44225862754098,314.7134134906141,1111355.0,1181040.0,1213382.0,111.91957897293902,103.29026486402172,91.09638544490018,-51106.0,-38722.0,-51981.0,-50341.0,0.056708596782912,19535680.0,1.56,6.2,22.2,,0.0
충청남도,1982,actual_registered_est,1103205.0,115.02001143766996,318.9705210092857,1107841.0,1165042.0,1211128.0,114.44225862754098,106.52606829693292,92.25818161820004,-49157.0,-51106.0,-43393.0,-22371.0,0.0556124010656239,19837392.0,1.55,6.3,22.7,,0.0
충청남도,1983,actual_registered_est,1093171.0,112.91323226577144,320.116909627663,1103205.0,1147703.0,1206816.0,115.02001143766996,109.1198489564029,92.12934644711169,-57748.0,-49157.0,-37483.0,-38158.0,0.0543079379525781,20129120.0,1.47,6.3,23.2,,0.0
충청남도,1984,actual_registered_est,1073625.0,108.43291347709052,318.2815348645661,1093171.0,1129652.0,1202034.0,112.91323226577144,111.19735576147995,93.38648933099238,-54868.0,-57748.0,-45182.0,-51328.0,0.0526927989575549,20375175.0,1.23,6.4,23.8,,0.0
충청남도,1985,actual_registered_est,1055354.0,103.752959425786,316.3469235735852,1073625.0,1111355.0,1195744.0,108.43291347709052,111.91957897293902,97.92124885278976,-36013.0,-54868.0,-38722.0,-80524.0,0.0512915297731293,20575600.0,0.98,6.5,24.3,,0.0
충청남도,1986,actual_registered_est,1050364.0,101.61595202611537,320.4149472919762,1055354.0,1107841.0,1181040.0,103.752959425786,114.44225862754098,103.29026486402172,-33187.0,-36013.0,-51106.0,-51981.0,0.0505663466059618,20771997.0,0.99,6.6,24.8,,0.0
충청남도,1987,actual_registered_est,1044605.0,99.25611921013616,322.06976375726566,1050364.0,1103205.0,1165042.0,101.61595202611537,115.02001143766996,106.52606829693292,-42602.0,-33187.0,-49157.0,-43393.0,0.0498380723645728,20959980.0,0.99,6.7,25.4,,0.0
충청남도,1988,actual_registered_est,1036163.0,96.84989849612498,323.5882704215037,1044605.0,1093171.0,1147703.0,99.25611921013616,112.91323226577144,109.1198489564029,-41199.0,-42602.0,-57748.0,-37483.0,0.0489790560497912,21155226.0,0.98,6.9,25.9,,0.0
충청남도,1989,actual_registered_est,1025127.0,95.59288498671872,323.1736257919406,1036163.0,1073625.0,1129652.0,96.84989849612498,108.43291347709052,111.19735576147995,-60627.0,-41199.0,-54868.0,-45182.0,0.0479987043360028,21357389.0,0.99,7.0,26.4,,0.0
충청남도,1990,actual_registered_est,1012046.0,96.42660485784596,322.91628901758526,1025127.0,1055354.0,1111355.0,95.59288498671872,103.752959425786,111.91957897293902,-53746.0,-60627.0,-36013.0,-38722.0,0.046923103992868,21568181.0,0.99,7.4,27.0,,0.0
충청남도,1991,actual_registered_est,989139.0,95.18037586396474,315.66776552528364,1012046.0,1050364.0,1107841.0,96.42660485784596,101.61595202611537,114.44225862754098,-45444.0,-53746.0,-33187.0,-51106.0,0.0454068538830992,21783914.0,0.99,7.5,27.5,,0.0
충청남도,1992,actual_registered_est,966787.0,93.61756723479004,307.3175287870268,989139.0,1044605.0,1103205.0,95.18037586396474,99.25611921013616,115.02001143766996,-28290.0,-45444.0,-42602.0,-49157.0,0.04391760477758,22013655.0,1.04,7.7,27.9,,0.0
충청남도,1993,actual_registered_est,944278.0,91.03944540320062,297.3288213874743,966787.0,1036163.0,1093171.0,93.61756723479004,96.84989849612498,112.91323226577144,-24259.0,-28290.0,-41199.0,-57748.0,0.0424536678656596,22242554.0,1.02,7.9,28.4,,0.0
충청남도,1994,actual_registered_est,921827.0,87.1889587008727,285.8299200131452,944278.0,1025127.0,1073625.0,91.03944540320062,95.59288498671872,108.43291347709052,-20627.0,-24259.0,-60627.0,-54868.0,0.0410202320205107,22472496.0,1.01,8.1,28.8,,0.0
충청남도,1995,actual_registered_est,899771.0,82.37337251064378,273.5680176996092,921827.0,1012046.0,1055354.0,87.1889587008727,96.42660485784596,103.752959425786,1915.0,-20627.0,-53746.0,-36013.0,0.0396281859646253,22705329.0,1.01,8.3,29.3,,0.0
충청남도,1996,actual_registered_est,909255.0,79.72383520210462,270.2302210576758,899771.0,989139.0,1050364.0,82.37337251064378,95.18037586396474,101.61595202611537,12187.0,1915.0,-45444.0,-33187.0,0.0396630035134444,22924512.0,0.95,8.6,29.8,,0.0
충청남도,1997,actual_registered_est,923082.0,76.96488545600825,269.071674138783,909255.0,966787.0,1044605.0,79.72383520210462,93.61756723479004,99.25611921013616,14100.0,12187.0,-28290.0,-42602.0,0.0398772391262312,23148092.0,0.94,8.9,30.3,,0.0
충청남도,1998,actual_registered_est,934466.0,74.76240634323226,267.8491772086645,923082.0,944278.0,1036163.0,76.96488545600825,91.03944540320062,96.84989849612498,9365.0,14100.0,-24259.0,-41199.0,0.0401131932907695,23295727.0,0.72,9.3,30.7,,0.0
충청남도,1999,actual_registered_est,942671.0,73.28102156707202,267.306554555822,934466.0,921827.0,1025127.0,74.76240634323226,87.1889587008727,95.59288498671872,-2915.0,9365.0,-20627.0,-60627.0,0.0401857596674407,23457837.0,0.71,9.6,31.2,,0.0
충청남도,2000,actual_registered_est,947749.0,73.04431095873689,267.0362953894709,942671.0,899771.0,1012046.0,73.28102156707202,82.37337251064378,96.42660485784596,-7742.0,-2915.0,1915.0,-53746.0,0.0400455592396241,23666769.0,0.84,10.1,31.8,,0.0
충청남도,2001,actual_registered_est,950081.0,74.13546395990865,265.8009807571668,947749.0,909255.0,989139.0,73.04431095873689,79.72383520210462,95.18037586396474,-11628.0,-7742.0,12187.0,-45444.0,0.0398273802135412,23854971.0,0.77,10.5,32.3,,0.0
충청남도,2002,actual_registered_est,947804.0,74.9956972563385,262.7851305511702,950081.0,923082.0,966787.0,74.13546395990865,76.96488545600825,93.61756723479004,-13625.0,-11628.0,14100.0,-28290.0,0.0395060275198043,23991377.0,0.58,11.0,32.9,,0.0
충청남도,2003,actual_registered_est,946149.0,75.11258913813701,258.97168048608535,947804.0,934466.0,944278.0,74.9956972563385,74.76240634323226,91.03944540320062,2682.0,-13625.0,9365.0,-24259.0,0.0392253231972708,24120872.0,0.52,11.5,33.5,,0.0
충청남도,2004,actual_registered_est,957849.0,74.35483200496054,256.3627810954823,946149.0,942671.0,921827.0,75.11258913813701,73.28102156707202,87.1889587008727,34983.0,2682.0,-2915.0,-20627.0,0.0395629790745759,24210740.0,0.4,12.0,34.1,,0.0
충청남도,2005,actual_registered_est,972470.0,71.93339993702789,253.77526727768245,957849.0,947749.0,899771.0,74.35483200496054,73.04431095873689,82.37337251064378,4999.0,34983.0,-7742.0,1915.0,0.0401130476239267,24243234.0,0.21,12.5,34.8,,0.0
충청남도,2006,actual_registered_est,987575.0,68.79772570425762,250.8769245857558,972470.0,950081.0,909255.0,71.93339993702789,74.13546395990865,79.72383520210462,7055.0,4999.0,-11628.0,12187.0,0.0405249401086872,24369561.0,0.53,13.0,35.4,,0.0
충청남도,2007,actual_registered_est,1005597.0,65.70214912494959,248.69198498606127,987575.0,947804.0,923082.0,68.79772570425762,74.9956972563385,76.96488545600825,13363.0,7055.0,-13625.0,14100.0,0.0410595401856749,24491190.0,0.51,13.5,36.1,,0.0
충청남도,2008,actual_registered_est,1027536.0,63.6089424303279,247.416251710492,1005597.0,946149.0,934466.0,65.70214912494959,75.11258913813701,74.76240634323226,15529.0,13363.0,2682.0,9365.0,0.0416484541283987,24671648.0,0.76,14.0,36.7,,0.0
충청남도,2009,actual_registered_est,1042021.0,62.765162057534205,245.4371562582464,1027536.0,957849.0,942671.0,63.6089424303279,74.35483200496054,73.28102156707202,12115.0,15529.0,34983.0,-2915.0,0.0420604931529762,24774341.0,0.51,14.4,37.3,,0.0
충청남도,2010,actual_registered_est,1061525.0,63.38289106454101,245.9218184715681,1042021.0,972470.0,947749.0,62.765162057534205,71.93339993702789,73.04431095873689,16178.0,12115.0,4999.0,-7742.0,0.0426638855478898,24881114.0,0.5,14.8,37.9,,0.0
충청남도,2011,actual_registered_est,1077734.0,64.61902057727647,247.94791452105653,1061525.0,987575.0,950081.0,63.38289106454101,68.79772570425762,74.13546395990865,18641.0,16178.0,7055.0,-11628.0,0.0429892188897531,25069867.0,0.77,15.0,38.5,,0.0
충청남도,2012,actual_registered_est,1042996.0,64.06707437748634,238.7326510475245,1077734.0,1005597.0,947804.0,64.61902057727647,65.70214912494959,74.9956972563385,9849.0,18641.0,13363.0,-13625.0,0.0414094677572657,25187380.0,0.53,15.6,39.1,,0.0
충청남도,2013,actual_registered_est,1053128.0,66.44951240162968,239.4918665029948,1042996.0,1027536.0,946149.0,64.06707437748634,63.6089424303279,75.11258913813701,13375.0,9849.0,15529.0,2682.0,0.0416497810448822,25285319.0,0.46,16.3,39.7,,0.0
충청남도,2014,actual_registered_est,1067014.0,68.60978385582835,240.70585898209387,1053128.0,1042021.0,957849.0,66.44951240162968,62.765162057534205,74.35483200496054,9810.0,13375.0,12115.0,34983.0,0.0419340055445695,25445077.0,0.63,16.8,40.3,,0.0
충청남도,2015,actual_registered_est,1075649.0,69.87869921832136,239.02165647257144,1067014.0,1061525.0,972470.0,68.60978385582835,63.38289106454101,71.93339993702789,10272.0,9810.0,16178.0,4999.0,0.0420407041473712,25585894.0,0.53,17.5,40.9,,0.0
충청남도,2016,actual_registered_est,1087515.0,71.37788138967969,237.7366083860408,1075649.0,1077734.0,987575.0,69.87869921832136,64.61902057727647,68.79772570425762,15318.0,10272.0,18641.0,7055.0,0.0423636461589324,25670949.0,0.4,18.0,41.4,,0.0
충청남도,2017,actual_registered_est,1103324.0,71.62154156403903,237.28816953970536,1087515.0,1042996.0,1005597.0,71.37788138967969,64.06707437748634,65.70214912494959,19401.0,15318.0,9849.0,13363.0,0.0428695214667965,25736793.0,0.28,18.8,42.0,12714.0,0.2
충청남도,2018,actual_registered_est,1117512.0,71.54884313372796,237.74294517562447,1103324.0,1053128.0,1027536.0,71.62154156403903,66.44951240162968,63.6089424303279,10084.0,19401.0,13375.0,15529.0,0.043217783306157,25857689.0,0.43,19.6,42.6,25556.0,0.4
충청남도,2019,actual_registered_est,1124672.0,70.54442154730918,238.2531612689994,1117512.0,1067014.0,1042021.0,71.54884313372796,68.60978385582835,62.765162057534205,-794.0,10084.0,9810.0,12115.0,0.0433421227247324,25948706.0,0.35,20.4,43.1,38170.0,0.6
충청남도,2020,actual_registered_est,1117283.0,69.18451753857903,236.6387300008072,1124672.0,1075649.0,1061525.0,70.54442154730918,69.87869921832136,63.38289106454101,741.0,-794.0,10272.0,16178.0,0.0430955819625601,25925697.0,0.14,21.8,43.7,51118.0,0.8
충청남도,2021,actual_registered_est,1116221.0,66.93715285580961,233.15156948540653,1117283.0,1087515.0,1077734.0,69.18451753857903,71.37788138967969,64.61902057727647,8522.0,741.0,15318.0,18641.0,0.0431457440995285,25870941.0,-0.13,23.1,44.3,62476.0,1.0
충청남도,2022,actual_registered_est,1123401.0,63.94146732147826,231.41897418714632,1116221.0,1103324.0,1042996.0,66.93715285580961,71.62154156403903,64.06707437748634,14314.0,8522.0,19401.0,9849.0,0.0435111608700768,25818686.0,-0.19,24.4,44.9,59800.0,1.0
충청남도,2023,actual_registered_est,1136294.0,61.43203304167808,232.62286817242023,1123401.0,1117512.0,1053128.0,63.94146732147826,71.54884313372796,66.44951240162968,15840.0,14314.0,10084.0,13375.0,0.0439404068571372,25859888.0,0.08,25.8,45.5,56642.0,1.0
충청남도,2024,actual_registered_est,1149058.0,59.66470534472963,232.4340234710022,1136294.0,1124672.0,1067014.0,61.43203304167808,70.54442154730918,68.60978385582835,14664.0,15840.0,-794.0,9810.0,0.0444049907917431,25876776.0,0.07,27.4,46.1,53710.0,1.0
충청남도,2025,kosis_projection(중위),1153235.0,56.19045010706158,229.2901872122825,1149058.0,1117283.0,1075649.0,59.66470534472963,69.18451753857903,69.87869921832136,8266.0,14664.0,741.0,10272.0,0.044633459611641,25837903.0,-0.13,29.3,46.7,49782.0,1.0
충청남도,2026,kosis_projection(중위),1157090.0,52.96897949463059,226.3246480442078,1153235.0,1116221.0,1087515.0,56.19045010706158,66.93715285580961,71.37788138967969,6114.0,8266.0,8522.0,15318.0,0.0448570524300551,25795052.0,-0.15,31.3,47.3,48069.0,1.0
충청남도,2027,kosis_projection(중위),1160924.0,51.86544887942198,222.63142657942933,1157090.0,1123401.0,1103324.0,52.96897949463059,63.94146732147826,71.62154156403903,,6114.0,14314.0,19401.0,0.0450788531623895,25753184.0,-0.14,33.0,47.9,48690.0,1.0
충청남도,2028,kosis_projection(중위),1164698.0,52.01051338874402,217.9477080596241,1160924.0,1136294.0,1117512.0,51.86544887942198,61.43203304167808,71.54884313372796,,,15840.0,10084.0,0.0452981036097403,25711849.0,-0.15,34.8,48.5,49144.0,1.0
충청남도,2029,kosis_projection(중위),1168334.0,51.48195008296077,213.30246502023843,1164698.0,1149058.0,1124672.0,52.01051338874402,59.66470534472963,70.54442154730918,,,14664.0,-794.0,0.0455131364276457,25670259.0,-0.15,36.3,49.1,49345.0,1.0
충청남도,2030,kosis_projection(중위),1171764.0,51.589857722140046,209.5897334272508,1168334.0,1153235.0,1117283.0,51.48195008296077,56.19045010706158,69.18451753857903,,,8266.0,741.0,0.045723319839766,25627273.0,-0.15,38.0,49.7,50764.0,1.0
충청남도,2031,kosis_projection(중위),1174982.0,52.7361225977994,205.5651960780588,1171764.0,1157090.0,1116221.0,51.589857722140046,52.96897949463059,66.93715285580961,,,6114.0,8522.0,0.045930066630107,25581979.0,-0.16,39.7,50.3,51686.0,1.0
충청남도,2032,kosis_projection(중위),1177950.0,53.29643956867742,201.75595197966555,1174982.0,1160924.0,1123401.0,52.7361225977994,51.86544887942198,63.94146732147826,,,,14314.0,0.0461328297304792,25533877.0,-0.17,41.4,50.9,51436.0,1.0
충청남도,2033,kosis_projection(중위),1180645.0,53.0220348004594,197.5642246001528,1177950.0,1164698.0,1136294.0,53.29643956867742,52.01051338874402,61.43203304167808,,,,15840.0,0.0463318637543508,25482355.0,-0.19,43.2,51.4,50877.0,1.0
충청남도,2034,kosis_projection(중위),1182990.0,52.8916147877726,194.24039555086927,1180645.0,1168334.0,1149058.0,53.0220348004594,51.48195008296077,59.66470534472963,,,,14664.0,0.0465257625511089,25426558.0,-0.2,45.5,52.0,50299.0,1.0
충청남도,2035,kosis_projection(중위),1184962.0,53.06301559017776,190.41983618834013,1182990.0,1171764.0,1153235.0,52.8916147877726,51.589857722140046,56.19045010706158,,,,8266.0,0.0467154312561961,25365537.0,-0.22,47.7,52.5,49458.0,1.0
충청남도,2036,kosis_projection(중위),1186558.0,52.18643440080665,186.07649228109383,1184962.0,1174982.0,1157090.0,53.06301559017776,52.7361225977994,52.96897949463059,,,,6114.0,0.0469012775378368,25299055.0,-0.24,50.1,53.0,47667.0,1.0
충청남도,2037,kosis_projection(중위),1187746.0,50.516404198518046,182.78440156900612,1186558.0,1177950.0,1160924.0,52.18643440080665,53.29643956867742,51.86544887942198,,,,,0.0470826161080448,25226848.0,-0.27,52.4,53.4,45291.0,1.0
충청남도,2038,kosis_projection(중위),1188448.0,48.225619354667984,179.54734694287177,1187746.0,1180645.0,1164698.0,50.516404198518046,53.0220348004594,52.01051338874402,,,,,0.0472616341581078,25146147.0,-0.3,54.7,53.9,42992.0,1.0
충청남도,2039,kosis_projection(중위),1188613.0,45.91504607007183,175.70611636287336,1188448.0,1182990.0,1168334.0,48.225619354667984,52.8916147877726,51.48195008296077,,,,,0.0474396404429088,25055270.0,-0.34,57.1,54.3,40460.0,1.0
충청남도,2040,kosis_projection(중위),1188201.0,42.81661574261393,172.272718638629,1188613.0,1184962.0,1171764.0,45.91504607007183,53.06301559017776,51.589857722140046,,,,,0.0476144106363178,24954651.0,-0.38,59.1,54.6,37035.0,1.0
충청남도,2041,kosis_projection(중위),1187232.0,39.53386133524838,168.72892243604693,1188201.0,1186558.0,1174982.0,42.81661574261393,52.18643440080665,52.7361225977994,,,,,0.0477867486876406,24844377.0,-0.42,60.9,55.0,33947.0,1.0
충청남도,2042,kosis_projection(중위),1185746.0,36.86056580352563,164.38012458814524,1187232.0,1187746.0,1177950.0,39.53386133524838,50.516404198518046,53.29643956867742,,,,,0.0479574021160135,24724984.0,-0.45,62.6,55.4,31124.0,1.0
충청남도,2043,kosis_projection(중위),1183722.0,34.68919016267903,158.92583229323208,1185746.0,1188448.0,1180645.0,36.86056580352563,48.225619354667984,53.0220348004594,,,,,0.0481253537068477,24596640.0,-0.49,64.4,55.7,28645.0,1.0
충청남도,2044,kosis_projection(중위),1181180.0,32.77461730865785,153.97948827010248,1183722.0,1188613.0,1182990.0,34.68919016267903,45.91504607007183,52.8916147877726,,,,,0.0482912174891412,24459520.0,-0.53,66.2,56.0,26978.0,1.0
충청남도,2045,kosis_projection(중위),1178105.0,31.188181399728386,149.13204379066704,1181180.0,1188201.0,1184962.0,32.77461730865785,42.81661574261393,53.06301559017776,,,,,0.0484541321953577,24313819.0,-0.58,68.4,56.4,26086.0,1.0
충청남도,2046,kosis_projection(중위),1174412.0,30.02437772974264,143.64870247950483,1178105.0,1187232.0,1186558.0,31.188181399728386,39.53386133524838,52.18643440080665,,,,,0.0486119654083702,24158908.0,-0.62,70.7,56.7,20398.0,0.8
충청남도,2047,kosis_projection(중위),1170083.0,29.44940372080925,138.5276293614301,1174412.0,1185746.0,1187746.0,30.02437772974264,36.86056580352563,50.516404198518046,,,,,0.0487646945316983,23994470.0,-0.67,72.9,57.0,15188.0,0.6
충청남도,2048,kosis_projection(중위),1165124.0,29.42289477669467,133.79938233425622,1170083.0,1183722.0,1188448.0,29.44940372080925,34.68919016267903,48.225619354667984,,,,,0.0489124621399061,23820596.0,-0.72,74.9,57.3,10387.0,0.4
충청남도,2049,kosis_projection(중위),1159538.0,29.92725483893792,129.91446301152206,1165124.0,1181180.0,1188613.0,29.42289477669467,32.77461730865785,45.91504607007183,,,,,0.0490561703299643,23636945.0,-0.77,76.3,57.7,5281.0,0.2
충청남도,2050,kosis_projection(중위),1153302.0,30.8736595165335,125.94362926047872,1159538.0,1178105.0,1188201.0,29.92725483893792,31.188181399728386,42.81661574261393,,,,,0.0491953735868778,23443302.0,-0.82,77.3,58.1,,0.0
충청남도,2051,kosis_projection(중위),1146478.0,31.96308447740992,122.36111265611598,1153302.0,1174412.0,1187232.0,30.8736595165335,30.02437772974264,39.53386133524838,,,,,0.0493315670299774,23240251.0,-0.87,78.4,58.4,,0.0
충청남도,2052,kosis_projection(중위),1139074.0,32.93839011522271,119.91267410718778,1146478.0,1170083.0,1185746.0,31.96308447740992,29.44940372080925,36.86056580352563,,,,,0.0494638536083165,23028412.0,-0.92,79.3,58.8,,0.0
충청북도,1970,actual_registered_est,777194.0,57.9424693084132,183.95734740351128,,,,,,,-47875.0,,,,0.0476554496653209,16308607.0,2.18,5.7,18.5,,0.0
충청북도,1971,actual_registered_est,783002.0,58.78499268666236,184.13698635812707,777194.0,,,57.9424693084132,,,-44692.0,-47875.0,,,0.0470302994482993,16648884.0,1.97,5.8,18.6,,0.0
충청북도,1972,actual_registered_est,786064.0,59.87875375313656,185.09310820035043,783002.0,,,58.78499268666236,,,-24957.0,-44692.0,,,0.0463605835484757,16955438.0,1.88,5.6,18.7,,0.0
충청북도,1973,actual_registered_est,788010.0,60.15734485935592,186.30097963214405,786064.0,,,59.87875375313656,,,-33921.0,-24957.0,,,0.0457218232540911,17234877.0,1.77,5.6,18.9,,0.0
충청북도,1974,actual_registered_est,789773.0,61.35777177551205,189.07335043156075,788010.0,,,60.15734485935592,,,-40750.0,-33921.0,,,0.045093236508408,17514223.0,1.71,5.7,19.2,,0.0
충청북도,1975,actual_registered_est,790744.0,64.75519843950745,192.6478374542149,789773.0,777194.0,,61.35777177551205,57.9424693084132,,-78248.0,-40750.0,-47875.0,,0.0445092680172294,17765828.0,1.68,6.0,19.6,,0.0
충청북도,1976,actual_registered_est,782524.0,68.437234320983,194.72230758959023,790744.0,783002.0,,64.75519843950745,58.78499268666236,,-49003.0,-78248.0,-44692.0,,0.0433327170031757,18058503.0,1.6,6.0,20.0,,0.0
충청북도,1977,actual_registered_est,773376.0,70.71393528749076,196.7247940652094,782524.0,786064.0,,68.437234320983,59.87875375313656,,-56369.0,-49003.0,-24957.0,,0.0421471724222721,18349416.0,1.56,6.0,20.5,,0.0
충청북도,1978,actual_registered_est,763278.0,72.56997678994068,199.40896447281048,773376.0,788010.0,,70.71393528749076,60.15734485935592,,-84617.0,-56369.0,-33921.0,,0.0409544238652325,18637254.0,1.52,6.0,20.9,,0.0
충청북도,1979,actual_registered_est,752717.0,74.09373863518492,202.60349309901147,763278.0,789773.0,,72.56997678994068,61.35777177551205,,-56244.0,-84617.0,-40750.0,,0.0397645224262984,18929361.0,1.52,6.1,21.4,,0.0
충청북도,1980,actual_registered_est,742180.0,74.74162002432696,205.3067881234034,752717.0,790744.0,777194.0,74.09373863518492,64.75519843950745,57.9424693084132,-38585.0,-56244.0,-78248.0,-47875.0,0.0385833949894093,19235736.0,1.56,6.1,21.8,,0.0
충청북도,1981,actual_registered_est,740098.0,76.45364878689796,210.2456651248478,742180.0,782524.0,783002.0,74.74162002432696,68.437234320983,58.78499268666236,-37673.0,-38585.0,-49003.0,-44692.0,0.0378844248063031,19535680.0,1.56,6.2,22.2,,0.0
충청북도,1982,actual_registered_est,737767.0,76.91949254973959,213.3111474054756,740098.0,773376.0,786064.0,76.45364878689796,70.71393528749076,59.87875375313656,-40296.0,-37673.0,-56369.0,-24957.0,0.037190725474397,19837392.0,1.55,6.3,22.7,,0.0
충청북도,1983,actual_registered_est,732704.0,75.68072784043831,214.5601558693262,737767.0,763278.0,788010.0,76.91949254973959,72.56997678994068,60.15734485935592,-44999.0,-40296.0,-84617.0,-33921.0,0.0364002003068191,20129120.0,1.47,6.3,23.2,,0.0
충청북도,1984,actual_registered_est,724468.0,73.16910090666742,214.77218488789143,732704.0,752717.0,789773.0,75.68072784043831,74.09373863518492,61.35777177551205,-45698.0,-44999.0,-56244.0,-40750.0,0.0355564062639952,20375175.0,1.23,6.4,23.8,,0.0
충청북도,1985,actual_registered_est,717824.0,70.57003085870278,215.1708470023188,724468.0,742180.0,790744.0,73.16910090666742,74.74162002432696,64.75519843950745,-33530.0,-45698.0,-38585.0,-78248.0,0.0348871478839013,20575600.0,0.98,6.5,24.3,,0.0
충청북도,1986,actual_registered_est,712225.0,68.9031815939998,217.26519171927805,717824.0,740098.0,782524.0,70.57003085870278,76.45364878689796,68.437234320983,-28581.0,-33530.0,-37673.0,-49003.0,0.0342877480677471,20771997.0,0.99,6.6,24.8,,0.0
충청북도,1987,actual_registered_est,706068.0,67.08906196932085,217.6929594981501,712225.0,737767.0,773376.0,68.9031815939998,76.91949254973959,70.71393528749076,-34712.0,-28581.0,-40296.0,-56369.0,0.0336864825252695,20959980.0,0.99,6.7,25.4,,0.0
충청북도,1988,actual_registered_est,698702.0,65.30750256382396,218.200970040472,706068.0,732704.0,763278.0,67.08906196932085,75.68072784043831,72.56997678994068,-33900.0,-34712.0,-44999.0,-84617.0,0.0330273947439748,21155226.0,0.98,6.9,25.9,,0.0
충청북도,1989,actual_registered_est,692648.0,64.58928562049459,218.35886242147177,698702.0,724468.0,752717.0,65.30750256382396,73.16910090666742,74.09373863518492,-29026.0,-33900.0,-45698.0,-56244.0,0.0324313051562623,21357389.0,0.99,7.0,26.4,,0.0
충청북도,1990,actual_registered_est,690514.0,65.79139745309072,220.3241931638373,692648.0,717824.0,742180.0,64.58928562049459,70.57003085870278,74.74162002432696,-17579.0,-29026.0,-33530.0,-38585.0,0.0320154026897307,21568181.0,0.99,7.4,27.0,,0.0
충청북도,1991,actual_registered_est,695181.0,66.89412597570904,221.8558088455032,690514.0,712225.0,740098.0,65.79139745309072,68.9031815939998,76.45364878689796,-11131.0,-17579.0,-28581.0,-37673.0,0.0319125846714231,21783914.0,0.99,7.5,27.5,,0.0
충청북도,1992,actual_registered_est,699768.0,67.76112813758829,222.4388334599453,695181.0,706068.0,737767.0,66.89412597570904,67.08906196932085,76.91949254973959,28.0,-11131.0,-34712.0,-40296.0,0.0317879061882272,22013655.0,1.04,7.7,27.9,,0.0
충청북도,1993,actual_registered_est,703683.0,67.8432729129138,221.571652649328,699768.0,698702.0,732704.0,67.76112813758829,65.30750256382396,75.68072784043831,1684.0,28.0,-33900.0,-44999.0,0.031636789552135,22242554.0,1.02,7.9,28.4,,0.0
충청북도,1994,actual_registered_est,707025.0,66.87238877303932,219.226491735753,703683.0,692648.0,724468.0,67.8432729129138,64.58928562049459,73.16910090666742,-3569.0,1684.0,-29026.0,-45698.0,0.031461792228153,22472496.0,1.01,8.1,28.8,,0.0
충청북도,1995,actual_registered_est,710042.0,65.00382226611275,215.88246612023048,707025.0,690514.0,717824.0,66.87238877303932,65.79139745309072,70.57003085870278,3771.0,-3569.0,-17579.0,-33530.0,0.0312720419069902,22705329.0,1.01,8.3,29.3,,0.0
충청북도,1996,actual_registered_est,720045.0,63.13382815392757,213.9970849997792,710042.0,695181.0,712225.0,65.00382226611275,66.89412597570904,68.9031815939998,5624.0,3771.0,-11131.0,-28581.0,0.0314093927059385,22924512.0,0.95,8.6,29.8,,0.0
충청북도,1997,actual_registered_est,730642.0,60.9195909348777,212.9768169416246,720045.0,699768.0,706068.0,63.13382815392757,67.76112813758829,67.08906196932085,4924.0,5624.0,28.0,-34712.0,0.0315638109611798,23148092.0,0.94,8.9,30.3,,0.0
충청북도,1998,actual_registered_est,739090.0,59.13125453919086,211.84788786660167,730642.0,703683.0,698702.0,60.9195909348777,67.8432729129138,65.30750256382396,5542.0,4924.0,1684.0,-33900.0,0.0317264191840847,23295727.0,0.72,9.3,30.7,,0.0
충청북도,1999,actual_registered_est,746442.0,58.026641639096106,211.66328358012169,739090.0,707025.0,692648.0,59.13125453919086,66.87238877303932,64.58928562049459,-1446.0,5542.0,-3569.0,-29026.0,0.031820580900106,23457837.0,0.71,9.6,31.2,,0.0
충청북도,2000,actual_registered_est,752652.0,58.00791848022549,212.06606580167963,746442.0,710042.0,690514.0,58.026641639096106,65.00382226611275,65.79139745309072,-4404.0,-1446.0,3771.0,-17579.0,0.0318020596727842,23666769.0,0.84,10.1,31.8,,0.0
충청북도,2001,actual_registered_est,755693.0,58.9672366527225,211.41770075533103,752652.0,720045.0,695181.0,58.00791848022549,63.13382815392757,66.89412597570904,-8528.0,-4404.0,5624.0,-11131.0,0.0316786383852656,23854971.0,0.77,10.5,32.3,,0.0
충청북도,2002,actual_registered_est,754315.0,59.68573605504406,209.13898416941265,755693.0,730642.0,699768.0,58.9672366527225,60.9195909348777,67.76112813758829,-8202.0,-8528.0,4924.0,28.0,0.0314410881876434,23991377.0,0.58,11.0,32.9,,0.0
충청북도,2003,actual_registered_est,752491.0,59.738526715291,205.9652959741593,754315.0,739090.0,703683.0,59.68573605504406,59.13125453919086,67.8432729129138,-6081.0,-8202.0,5542.0,1684.0,0.0311966748134147,24120872.0,0.52,11.5,33.5,,0.0
충청북도,2004,actual_registered_est,753438.0,58.48704327733647,201.6533514813065,752491.0,746442.0,707025.0,59.738526715291,58.026641639096106,66.87238877303932,-5817.0,-6081.0,-1446.0,-3569.0,0.0311199905496486,24210740.0,0.4,12.0,34.1,,0.0
충청북도,2005,actual_registered_est,751160.0,55.56314610908086,196.02232435787627,753438.0,752652.0,710042.0,58.48704327733647,58.00791848022549,65.00382226611275,-4708.0,-5817.0,-4404.0,3771.0,0.0309843150464166,24243234.0,0.21,12.5,34.8,,0.0
충청북도,2006,actual_registered_est,752330.0,52.40978455214453,191.116863705138,751160.0,755693.0,720045.0,55.56314610908086,58.9672366527225,63.13382815392757,1750.0,-4708.0,-8528.0,5624.0,0.0308717091785116,24369561.0,0.53,13.0,35.4,,0.0
충청북도,2007,actual_registered_est,756126.0,49.402596874544805,186.9958600110885,752330.0,754315.0,730642.0,52.40978455214453,59.68573605504406,60.9195909348777,5692.0,1750.0,-8202.0,4924.0,0.0308733875324147,24491190.0,0.51,13.5,36.1,,0.0
충청북도,2008,actual_registered_est,763129.0,47.24100043980328,183.75075593611908,756126.0,752491.0,739090.0,49.402596874544805,59.738526715291,59.13125453919086,6913.0,5692.0,-6081.0,5542.0,0.0309314156881615,24671648.0,0.76,14.0,36.7,,0.0
충청북도,2009,actual_registered_est,767087.0,46.20476925822776,180.67932592785507,763129.0,753438.0,746442.0,47.24100043980328,58.48704327733647,58.026641639096106,2521.0,6913.0,-5817.0,-1446.0,0.0309629628493448,24774341.0,0.51,14.4,37.3,,0.0
충청북도,2010,actual_registered_est,770536.0,46.00814804107974,178.5088568972075,767087.0,751160.0,752652.0,46.20476925822776,55.56314610908086,58.00791848022549,5964.0,2521.0,-4708.0,-4404.0,0.0309687098415288,24881114.0,0.5,14.8,37.9,,0.0
충청북도,2011,actual_registered_est,781367.0,46.84938050706833,179.76450415925856,770536.0,752330.0,755693.0,46.00814804107974,52.40978455214453,58.9672366527225,8079.0,5964.0,1750.0,-8528.0,0.0311675765970357,25069867.0,0.77,15.0,38.5,,0.0
충청북도,2012,actual_registered_est,785564.0,48.25405583173442,179.80872053919435,781367.0,756126.0,754315.0,46.84938050706833,49.402596874544805,59.68573605504406,4641.0,8079.0,5692.0,-8202.0,0.031188793753062,25187380.0,0.53,15.6,39.1,,0.0
충청북도,2013,actual_registered_est,791388.0,49.93443030714302,179.96956613827766,785564.0,763129.0,752491.0,48.25405583173442,47.24100043980328,59.738526715291,3113.0,4641.0,6913.0,-6081.0,0.0312983197878579,25285319.0,0.46,16.3,39.7,,0.0
충청북도,2014,actual_registered_est,798861.0,51.367349014025024,180.2136834308589,791388.0,767087.0,753438.0,49.93443030714302,46.20476925822776,58.48704327733647,2367.0,3113.0,2521.0,-5817.0,0.0313955033423557,25445077.0,0.63,16.8,40.3,,0.0
충청북도,2015,actual_registered_est,805198.0,52.309060718871976,178.92431429620777,798861.0,770536.0,751160.0,51.367349014025024,46.00814804107974,55.56314610908086,1438.0,2367.0,5964.0,-4708.0,0.031470387550265,25585894.0,0.53,17.5,40.9,,0.0
충청북도,2016,actual_registered_est,812339.0,53.31699957261372,177.58165976534391,805198.0,781367.0,752330.0,52.309060718871976,46.84938050706833,52.40978455214453,5011.0,1438.0,8079.0,1750.0,0.0316442917634248,25670949.0,0.4,18.0,41.4,,0.0
충청북도,2017,actual_registered_est,817342.0,53.05721077855172,175.78298583908432,812339.0,785564.0,756126.0,53.31699957261372,48.25405583173442,49.402596874544805,2262.0,5011.0,4641.0,5692.0,0.0317577252146372,25736793.0,0.28,18.8,42.0,10840.0,0.2
충청북도,2018,actual_registered_est,824119.0,52.76432025295903,175.32561461102026,817342.0,791388.0,763129.0,53.05721077855172,49.93443030714302,47.24100043980328,5149.0,2262.0,3113.0,6913.0,0.0318713323530188,25857689.0,0.43,19.6,42.6,21313.0,0.4
충청북도,2019,actual_registered_est,832115.0,52.1939475116649,176.2771984092726,824119.0,798861.0,767087.0,52.76432025295903,51.367349014025024,46.20476925822776,2565.0,5149.0,2367.0,2521.0,0.0320676876912474,25948706.0,0.35,20.4,43.1,31445.0,0.6
충청북도,2020,actual_registered_est,833130.0,51.58916505210977,176.4555847762586,832115.0,805198.0,770536.0,52.1939475116649,52.309060718871976,46.00814804107974,3454.0,2565.0,1438.0,5964.0,0.0321352980403959,25925697.0,0.14,21.8,43.7,41831.0,0.8
충청북도,2021,actual_registered_est,828507.0,49.68361973221097,173.05507366341052,833130.0,812339.0,781367.0,51.58916505210977,53.31699957261372,46.84938050706833,3462.0,3454.0,5011.0,8079.0,0.0320246178907833,25870941.0,-0.13,23.1,44.3,50889.0,1.0
충청북도,2022,actual_registered_est,828914.0,47.17992724175591,170.75507994862406,828507.0,817342.0,785564.0,49.68361973221097,53.05721077855172,48.25405583173442,5201.0,3462.0,2262.0,4641.0,0.0321051969879489,25818686.0,-0.19,24.4,44.9,48049.0,1.0
충청북도,2023,actual_registered_est,833821.0,45.07928337458883,170.7003931750019,828914.0,824119.0,791388.0,47.17992724175591,52.76432025295903,49.93443030714302,3873.0,5201.0,5149.0,3113.0,0.0322437978076316,25859888.0,0.08,25.8,45.5,45211.0,1.0
충청북도,2024,actual_registered_est,835712.0,43.39425010143499,169.0496934210442,833821.0,832115.0,798861.0,45.07928337458883,52.1939475116649,51.367349014025024,3245.0,3873.0,2565.0,2367.0,0.0322958315981867,25876776.0,0.07,27.4,46.1,42565.0,1.0
충청북도,2025,kosis_projection(중위),837196.0,40.791703397686966,166.45421581323328,835712.0,833130.0,805198.0,43.39425010143499,51.58916505210977,52.309060718871976,10789.0,3245.0,3454.0,1438.0,0.0324018555220986,25837903.0,-0.13,29.3,46.7,39009.0,1.0
충청북도,2026,kosis_projection(중위),838489.0,38.38414181046704,164.00688607968246,837196.0,828507.0,812339.0,40.791703397686966,49.68361973221097,53.31699957261372,6875.0,10789.0,3462.0,5011.0,0.0325058077029656,25795052.0,-0.15,31.3,47.3,36787.0,1.0
충청북도,2027,kosis_projection(중위),839835.0,37.52047443213282,161.0559038673807,838489.0,828914.0,817342.0,38.38414181046704,47.17992724175591,53.05721077855172,,6875.0,5201.0,2262.0,0.0326109191003333,25753184.0,-0.14,33.0,47.9,36521.0,1.0
충청북도,2028,kosis_projection(중위),841175.0,37.56333710522105,157.40746813942692,839835.0,833821.0,824119.0,37.52047443213282,45.07928337458883,52.76432025295903,,,3873.0,5149.0,0.032715461264571,25711849.0,-0.15,34.8,48.5,36203.0,1.0
충청북도,2029,kosis_projection(중위),842471.0,37.12298877576279,153.80973335370305,841175.0,835712.0,832115.0,37.56333710522105,43.39425010143499,52.1939475116649,,,3245.0,2565.0,0.0328189520799147,25670259.0,-0.15,36.3,49.1,35914.0,1.0
충청북도,2030,kosis_projection(중위),843664.0,37.144429872646334,150.90352055718398,842471.0,837196.0,833130.0,37.12298877576279,40.791703397686966,51.58916505210977,,,10789.0,3454.0,0.0329205530373832,25627273.0,-0.15,38.0,49.7,36661.0,1.0
충청북도,2031,kosis_projection(중위),844757.0,37.914801007461584,147.7917434848472,843664.0,838489.0,828507.0,37.144429872646334,38.38414181046704,49.68361973221097,,,6875.0,3462.0,0.033021565688878,25581979.0,-0.16,39.7,50.3,37423.0,1.0
충청북도,2032,kosis_projection(중위),845666.0,38.26222408785191,144.84328612151265,844757.0,839835.0,828914.0,37.914801007461584,37.52047443213282,47.17992724175591,,,,5201.0,0.0331193731371072,25533877.0,-0.17,41.4,50.9,37441.0,1.0
충청북도,2033,kosis_projection(중위),846392.0,38.01093984968423,141.63171756774682,845666.0,841175.0,833821.0,38.26222408785191,37.56333710522105,45.07928337458883,,,,3873.0,0.0332148264946469,25482355.0,-0.19,43.2,51.4,37074.0,1.0
충청북도,2034,kosis_projection(중위),846924.0,37.86606646084879,139.0602226236269,846392.0,842471.0,835712.0,38.01093984968423,37.12298877576279,43.39425010143499,,,,3245.0,0.0333086373704219,25426558.0,-0.2,45.5,52.0,36644.0,1.0
충청북도,2035,kosis_projection(중위),847227.0,37.93912337224276,136.14683555619408,846924.0,843664.0,837196.0,37.86606646084879,37.144429872646334,40.791703397686966,,,,10789.0,0.0334007121552364,25365537.0,-0.22,47.7,52.5,35954.0,1.0
충청북도,2036,kosis_projection(중위),847284.0,37.26470251336476,132.87141015095287,847227.0,844757.0,838489.0,37.93912337224276,37.914801007461584,38.38414181046704,,,,6875.0,0.0334907371046072,25299055.0,-0.24,50.1,53.0,34917.0,1.0
충청북도,2037,kosis_projection(중위),847078.0,36.02734476535578,130.3583807584034,847284.0,845666.0,839835.0,37.26470251336476,38.26222408785191,37.52047443213282,,,,,0.0335784319943577,25226848.0,-0.27,52.4,53.4,32995.0,1.0
충청북도,2038,kosis_projection(중위),846525.0,34.35084448306557,127.89059165467442,847078.0,846392.0,841175.0,36.02734476535578,38.01093984968423,37.56333710522105,,,,,0.033664203108333,25146147.0,-0.3,54.7,53.9,31487.0,1.0
충청북도,2039,kosis_projection(중위),845579.0,32.66395264134354,124.99728857752866,846525.0,846924.0,842471.0,34.35084448306557,37.86606646084879,37.12298877576279,,,,,0.0337485487085152,25055270.0,-0.34,57.1,54.3,29558.0,1.0
충청북도,2040,kosis_projection(중위),844190.0,30.42023937343703,122.39587944088936,845579.0,847227.0,843664.0,32.66395264134354,37.93912337224276,37.144429872646334,,,,,0.0338289643882416,24954651.0,-0.38,59.1,54.6,27103.0,1.0
충청북도,2041,kosis_projection(중위),842389.0,28.0508695152578,119.71997742815148,844190.0,847284.0,844757.0,30.42023937343703,37.26470251336476,37.914801007461584,,,,,0.0339066260345349,24844377.0,-0.42,60.9,55.0,24676.0,1.0
충청북도,2042,kosis_projection(중위),840164.0,26.117668039996182,116.47204628518628,842389.0,847078.0,845666.0,28.0508695152578,36.02734476535578,38.26222408785191,,,,,0.0339803657709141,24724984.0,-0.45,62.6,55.4,22673.0,1.0
충청북도,2043,kosis_projection(중위),837539.0,24.54423389922637,112.44750258341172,840164.0,846525.0,846392.0,26.117668039996182,34.35084448306557,38.01093984968423,,,,,0.0340509516747002,24596640.0,-0.49,64.4,55.7,21122.0,1.0
충청북도,2044,kosis_projection(중위),834530.0,23.155997716346565,108.78994086087523,837539.0,845579.0,846924.0,24.54423389922637,32.66395264134354,37.86606646084879,,,,,0.0341188216285519,24459520.0,-0.53,66.2,56.0,20218.0,1.0
충청북도,2045,kosis_projection(중위),831113.0,22.002200998784023,105.20758362878746,834530.0,844190.0,847227.0,23.155997716346565,30.42023937343703,37.93912337224276,,,,,0.034182741921374,24313819.0,-0.58,68.4,56.4,20023.0,1.0
충청북도,2046,kosis_projection(중위),827259.0,21.1492531550505,101.1865358702846,831113.0,842389.0,847284.0,22.002200998784023,28.0508695152578,37.26470251336476,,,,,0.0342424003601487,24158908.0,-0.62,70.7,56.7,15889.0,0.8
충청북도,2047,kosis_projection(중위),822956.0,20.71268746615608,97.43081794091964,827259.0,840164.0,847078.0,21.1492531550505,26.117668039996182,36.02734476535578,,,,,0.0342977361033604,23994470.0,-0.67,72.9,57.0,12062.0,0.6
충청북도,2048,kosis_projection(중위),818232.0,20.66282562107075,93.96333455162124,822956.0,837539.0,846525.0,20.71268746615608,24.54423389922637,34.35084448306557,,,,,0.0343497702576375,23820596.0,-0.72,74.9,57.3,8171.0,0.4
충청북도,2049,kosis_projection(중위),813106.0,20.98597068234888,91.1002738689432,818232.0,834530.0,845579.0,20.66282562107075,23.155997716346565,32.66395264134354,,,,,0.0343997923589533,23636945.0,-0.77,76.3,57.7,4237.0,0.2
충청북도,2050,kosis_projection(중위),807580.0,21.61875202883731,88.18987231286982,813106.0,831113.0,844190.0,20.98597068234888,22.002200998784023,30.42023937343703,,,,,0.0344482189411713,23443302.0,-0.82,77.3,58.1,,0.0
충청북도,2051,kosis_projection(중위),801726.0,22.351615875521333,85.56647873342293,807580.0,827259.0,842389.0,21.61875202883731,21.1492531550505,28.0508695152578,,,,,0.0344973038372089,23240251.0,-0.87,78.4,58.4,,0.0
충청북도,2052,kosis_projection(중위),795548.0,23.00471293294834,83.74898212111331,801726.0,822956.0,840164.0,22.351615875521333,20.71268746615608,26.117668039996182,,,,,0.0345463681994225,23028412.0,-0.92,79.3,58.8,,0.0
