"행정구역별","연령별","항목","단위","1992 년","1993 년","1994 년","1995 년","1996 년","1997 년","1998 년","1999 년","2000 년","2001 년","2002 년","2003 년","2004 년","2005 년","2006 년","2007 년","2008 년","2009 년","2010 년","2011 년","2012 년","2013 년","2014 년","2015 년","2016 년","2017 년","2018 년","2019 년","2020 년","2021 년","2022 년","2023 년","2024 년","2025 년",
"전국","계","전체","","44503200","45001113","45416339","45858029","46266256","46684069","46991171","47335678","47732558","48021543","48229948","48386823","48583805","48782274","48991779","49268928","49540367","49773145","50515666","50734284","50948272","51141463","51327916","51529338","51696216","51778544","51826059","51849861","51829023","51638809","51439038","51325329","51217221","51117378",
"전국","계","여자","","22157303","22398180","22601365","22816662","23023549","23238596","23397137","23571215","23770470","23919080","24029756","24116680","24220722","24326040","24434775","24577679","24717470","24843206","25205281","25327350","25444212","25553127","25658620","25771152","25868622","25922625","25959930","25985045","25987994","25892125","25802087","25759593","25718897","25680713",
"전국","계","남자","","22345897","22602933","22814974","23041367","23242707","23445473","23594034","23764463","23962088","24102463","24200192","24270143","24363083","24456234","24557004","24691249","24822897","24929939","25310385","25406934","25504060","25588336","25669296","25758186","25827594","25855919","25866129","25864816","25841029","25746684","25636951","25565736","25498324","25436665",
"전국","0-4세","전체","","3307226","3405348","3487565","3560232","3542970","3489270","3390678","3296756","3228008","3104377","2927044","2777974","2632730","2429599","2316543","2315766","2290058","2263425","2299695","2328435","2321293","2301320","2294304","2266781","2204271","2079115","1974244","1845122","1677023","1530469","1427590","1334588","1271776","1254501",
"전국","0-4세","여자","","1552337","1595015","1628128","1665774","1658373","1640715","1602117","1565709","1538491","1482982","1396513","1327259","1259751","1165703","1113037","1116854","1106841","1095736","1114158","1129806","1126833","1118108","1115978","1103974","1074318","1012935","961864","898582","816770","745044","696036","650939","620904","611887",
"전국","0-4세","남자","","1754889","1810333","1859437","1894458","1884597","1848555","1788561","1731047","1689517","1621395","1530531","1450715","1372979","1263896","1203506","1198912","1183217","1167689","1185537","1198629","1194460","1183212","1178326","1162807","1129953","1066180","1012380","946540","860253","785425","731554","683649","650872","642614",
"전국","5-9세","전체","","3333431","3208493","3173716","3160362","3235725","3344615","3428387","3511896","3580316","3560746","3504981","3430031","3333597","3262179","3134029","2955048","2806805","2659544","2457829","2347414","2347418","2322614","2297070","2334907","2361897","2356083","2328818","2321792","2293047","2229881","2105052","1998304","1868342","1704722",
"전국","5-9세","여자","","1600700","1532174","1510860","1494682","1528951","1573019","1608163","1641437","1676991","1668272","1649664","1621911","1584539","1555694","1498511","1410736","1342234","1273641","1179789","1128548","1132555","1122937","1112316","1131733","1146688","1144414","1132341","1130117","1117588","1087508","1026227","973943","910154","830666",
"전국","5-9세","남자","","1732731","1676319","1662856","1665680","1706774","1771596","1820224","1870459","1903325","1892474","1855317","1808120","1749058","1706485","1635518","1544312","1464571","1385903","1278040","1218866","1214863","1199677","1184754","1203174","1215209","1211669","1196477","1191675","1175459","1142373","1078825","1024361","958188","874056",
"전국","10-14세","전체","","4112208","4131556","3952729","3756882","3533742","3323799","3195174","3162515","3150478","3224996","3332883","3416092","3499088","3566171","3548273","3493861","3422124","3326018","3262445","3134531","2955976","2809185","2663025","2459825","2349979","2350767","2325548","2299958","2337589","2364196","2357952","2330969","2324303","2295957",
"전국","10-14세","여자","","1994836","2008870","1915359","1816392","1701823","1596891","1526643","1506187","1490692","1524440","1567839","1602928","1635956","1671034","1662922","1645000","1618701","1581504","1556438","1499278","1411806","1343847","1275740","1181056","1130092","1134559","1124909","1114257","1133573","1148276","1145771","1133765","1131787","1119487",
"전국","10-14세","남자","","2117372","2122686","2037370","1940490","1831919","1726908","1668531","1656328","1659786","1700556","1765044","1813164","1863132","1895137","1885351","1848861","1803423","1744514","1706007","1635253","1544170","1465338","1387285","1278769","1219887","1216208","1200639","1185701","1204016","1215920","1212181","1197204","1192516","1176470",
"전국","15-19세","전체","","4161091","3978517","3934586","3973023","4042044","4077492","4094035","3921723","3732156","3512042","3303134","3175257","3143999","3130806","3206773","3316210","3402798","3485632","3564430","3546594","3491303","3420530","3325879","3257264","3131059","2953658","2805605","2659052","2455747","2345120","2345244","2320491","2294962","2332386",
"전국","15-19세","여자","","2032208","1932840","1917717","1932868","1967580","1979302","1991520","1901136","1805403","1692210","1587984","1517828","1498358","1482616","1517170","1561356","1597967","1630998","1671711","1663636","1645141","1619265","1582679","1555221","1498937","1412175","1344046","1275790","1180990","1129691","1133826","1124356","1113720","1133013",
"전국","15-19세","남자","","2128883","2045677","2016869","2040155","2074464","2098190","2102515","2020587","1926753","1819832","1715150","1657429","1645641","1648190","1689603","1754854","1804831","1854634","1892719","1882958","1846162","1801265","1743200","1702043","1632122","1541483","1461559","1383262","1274757","1215429","1211418","1196135","1181242","1199373",
"전국","20-24세","전체","","4722487","4676634","4592272","4448814","4253520","4127817","3942827","3902565","3943757","4013575","4048734","4065815","3896583","3709318","3493946","3287210","3164135","3134026","3135901","3212315","3319540","3405202","3488497","3557583","3541061","3486427","3414902","3319645","3249676","3121322","2941841","2794440","2647814","2444671",
"전국","20-24세","여자","","2294309","2274619","2230130","2165917","2072722","2021393","1920292","1906141","1922269","1956799","1967600","1980123","1890769","1796395","1685575","1582457","1515272","1496687","1488614","1523792","1566863","1602882","1635989","1671381","1663934","1645946","1619736","1582770","1554640","1497147","1409469","1341451","1273187","1178273",
"전국","20-24세","남자","","2428178","2402015","2362142","2282897","2180798","2106424","2022535","1996424","2021488","2056776","2081134","2085692","2005814","1912923","1808371","1704753","1648863","1637339","1647287","1688523","1752677","1802320","1852508","1886202","1877127","1840481","1795166","1736875","1695036","1624175","1532372","1452989","1374627","1266398",
"전국","25-29세","전체","","4311221","4433787","4502390","4553489","4666244","4685866","4637577","4560341","4422339","4227260","4098137","3908818","3871781","3917226","3993426","4034815","4061503","3894236","3731055","3515101","3307408","3184327","3153547","3141465","3217367","3324540","3409071","3490711","3556477","3534601","3475340","3403046","3307842","3237571",
"전국","25-29세","여자","","2085571","2156997","2197632","2220113","2288926","2286351","2265942","2224404","2162330","2067830","2014068","1910741","1896885","1914050","1950943","1965048","1982422","1895066","1812718","1703195","1600605","1534441","1515441","1499854","1534379","1577062","1612404","1644659","1677846","1667094","1646123","1619197","1581945","1553441",
"전국","25-29세","남자","","2225650","2276790","2304758","2333376","2377318","2399515","2371635","2335937","2260009","2159430","2084069","1998077","1974896","2003176","2042483","2069767","2079081","1999170","1918337","1811906","1706803","1649886","1638106","1641611","1682988","1747478","1796667","1846052","1878631","1867507","1829217","1783849","1725897","1684130",
"전국","30-34세","전체","","4589262","4581420","4529996","4427762","4300296","4262582","4375695","4450330","4509212","4623704","4640520","4585118","4507149","4374750","4191267","4075046","3904767","3872630","3950726","4024454","4062598","4086122","3917451","3731387","3517868","3311945","3189361","3158230","3145998","3216061","3317257","3399252","3479212","3543555",
"전국","30-34세","여자","","2226716","2221322","2194287","2144486","2068702","2069681","2136588","2179838","2206046","2275328","2271204","2247386","2205296","2144921","2054737","2005900","1910584","1900342","1933638","1970608","1984225","2000649","1912634","1819415","1711114","1609609","1543734","1524574","1509323","1540454","1579679","1613298","1644334","1676560",
"전국","30-34세","남자","","2362546","2360098","2335709","2283276","2231594","2192901","2239107","2270492","2303166","2348376","2369316","2337732","2301853","2229829","2136530","2069146","1994183","1972288","2017088","2053846","2078373","2085473","2004817","1911972","1806754","1702336","1645627","1633656","1636675","1675607","1737578","1785954","1834878","1866995",
"전국","35-39세","전체","","3596446","3836895","4056233","4238738","4436083","4522271","4502137","4456386","4365927","4245121","4207110","4316756","4389566","4447026","4566224","4596358","4565527","4498903","4419823","4230332","4106345","3929292","3894396","3939579","4016272","4056704","4080782","3912794","3727119","3507374","3298254","3176296","3145351","3132902",
"전국","35-39세","여자","","1744356","1857847","1971960","2061503","2163547","2204051","2194005","2168274","2123583","2049978","2049846","2115105","2157448","2182414","2252542","2253574","2238764","2201693","2164171","2072568","2021034","1924069","1913414","1932155","1971007","1986172","2002836","1915160","1822246","1710270","1606968","1541259","1522251","1507088",
"전국","35-39세","남자","","1852090","1979048","2084273","2177235","2272536","2318220","2308132","2288112","2242344","2195143","2157264","2201651","2232118","2264612","2313682","2342784","2326763","2297210","2255652","2157764","2085311","2005223","1980982","2007424","2045265","2070532","2077946","1997634","1904873","1797104","1691286","1635037","1623100","1625814",
"전국","40-44세","전체","","2650366","2704788","2840737","3097028","3357332","3528081","3754895","3974646","4160875","4361219","4445814","4427166","4382573","4294353","4181255","4156424","4288602","4374778","4500157","4617122","4639747","4599684","4528033","4396186","4212243","4091743","3916194","3882192","3926316","3992831","4026249","4049259","3882799","3698880",
"전국","40-44세","여자","","1286297","1315935","1381305","1513001","1640966","1722487","1830191","1944319","2035562","2138301","2178443","2168261","2142906","2098658","2027805","2031714","2105474","2152979","2206033","2275390","2273044","2255464","2216646","2157519","2068604","2018759","1922239","1911624","1929545","1962340","1973867","1989833","1903094","1811212",
"전국","40-44세","남자","","1364069","1388853","1459432","1584027","1716366","1805594","1924704","2030327","2125313","2222918","2267371","2258905","2239667","2195695","2153450","2124710","2183128","2221799","2294124","2341732","2366703","2344220","2311387","2238667","2143639","2072984","1993955","1970568","1996771","2030491","2052382","2059426","1979705","1887668",
"전국","45-49세","전체","","2164300","2244158","2332177","2443531","2479679","2586350","2633876","2769098","3024956","3283315","3450959","3676391","3894316","4078848","4281490","4377657","4383246","4354717","4344195","4229561","4196411","4320277","4402183","4462807","4584810","4611009","4572393","4501038","4368471","4173961","4046868","3872875","3840024","3883332",
"전국","45-49세","여자","","1073565","1106137","1143713","1197495","1216597","1268138","1295043","1360211","1492612","1619771","1699675","1807290","1919879","2009832","2112928","2156848","2156153","2137352","2124667","2052704","2052798","2123729","2169188","2195862","2267628","2267141","2249734","2210628","2150271","2054204","2000252","1904051","1893609","1911249",
"전국","45-49세","남자","","1090735","1138021","1188464","1246036","1263082","1318212","1338833","1408887","1532344","1663544","1751284","1869101","1974437","2069016","2168562","2220809","2227093","2217365","2219528","2176857","2143613","2196548","2232995","2266945","2317182","2343868","2322659","2290410","2218200","2119757","2046616","1968824","1946415","1972083",
"전국","50-54세","전체","","2210647","2222166","2190223","2154038","2116007","2097852","2174068","2263067","2374337","2413404","2518841","2568114","2703216","2955991","3212320","3385690","3625190","3852573","4110228","4313633","4405468","4404070","4370591","4289141","4182392","4153396","4277593","4359591","4418728","4526822","4542072","4503660","4433119","4302050",
"전국","50-54세","여자","","1123373","1129231","1112842","1090840","1066676","1054920","1086322","1124988","1178793","1199126","1250457","1277770","1342624","1473493","1599949","1681957","1795484","1912959","2035036","2137926","2179200","2175241","2153426","2111318","2042681","2044195","2114892","2159862","2185046","2248035","2241879","2223983","2184789","2124339",
"전국","50-54세","남자","","1087274","1092935","1077381","1063198","1049331","1042932","1087746","1138079","1195544","1214278","1268384","1290344","1360592","1482498","1612371","1703733","1829706","1939614","2075192","2175707","2226268","2228829","2217165","2177823","2139711","2109201","2162701","2199729","2233682","2278787","2300193","2279677","2248330","2177711",
"전국","55-59세","전체","","1732429","1813838","1888595","1916529","1980079","2117129","2129498","2104342","2072683","2040350","2026553","2105299","2193890","2306049","2348373","2457037","2515383","2655504","2956595","3214513","3386102","3621186","3845570","4035650","4242269","4336808","4338291","4307786","4226286","4108389","4069992","4192039","4273251","4332022",
"전국","55-59세","여자","","922420","958063","991540","1001694","1031338","1097625","1103360","1089215","1068758","1046318","1035544","1067849","1106763","1161176","1182843","1235307","1266290","1333470","1488346","1615965","1696804","1808910","1924750","2017143","2121878","2164612","2161789","2140828","2097424","2020877","2016864","2086166","2130310","2154962",
"전국","55-59세","남자","","810009","855775","897055","914835","948741","1019504","1026138","1015127","1003925","994032","991009","1037450","1087127","1144873","1165530","1221730","1249093","1322034","1468249","1598548","1689298","1812276","1920820","2018507","2120391","2172196","2176502","2166958","2128862","2087512","2053128","2105873","2142941","2177060",
"전국","60-64세","전체","","1246655","1298005","1368972","1462360","1556580","1627553","1705802","1781511","1811898","1877962","2012612","2029008","2010371","1985434","1961127","1956330","2040956","2133451","2276235","2319307","2428603","2486668","2626763","2881662","3139076","3310243","3542849","3765035","3950469","4136749","4218037","4219699","4191644","4114007",
"전국","60-64세","여자","","721795","744762","777160","817860","859861","889949","925192","959806","971217","1001964","1067850","1074923","1062619","1044166","1024124","1015955","1051170","1092080","1163191","1185550","1238812","1269750","1336707","1469823","1598494","1679865","1791646","1906968","1997173","2090660","2127035","2123908","2103919","2061863",
"전국","60-64세","남자","","524860","553243","591812","644500","696719","737604","780610","821705","840681","875998","944762","954085","947752","941268","937003","940375","989786","1041371","1113044","1133757","1189791","1216918","1290056","1411839","1540582","1630378","1751203","1858067","1953296","2046089","2091002","2095791","2087725","2052144",
"전국","65-69세","전체","","915678","939979","992013","1036219","1081020","1135645","1185961","1256132","1346055","1436991","1506190","1583079","1659302","1694460","1762967","1898373","1923840","1914041","1915094","1897565","1899933","1985888","2079345","2191617","2237345","2347021","2406790","2545616","2794037","3027963","3185502","3411009","3627139","3808271",
"전국","65-69세","여자","","544484","561084","596835","625556","652044","679558","702829","736267","777065","819199","849644","885203","920737","934376","966481","1033564","1044359","1035225","1028615","1011421","1006139","1042690","1085162","1141143","1164950","1218802","1250855","1317971","1448729","1565307","1640885","1750973","1864305","1953374",
"전국","65-69세","남자","","371194","378895","395178","410663","428976","456087","483132","519865","568990","617792","656546","697876","738565","760084","796486","864809","879481","878816","886479","886144","893794","943198","994183","1050474","1072395","1128219","1155935","1227645","1345308","1462656","1544617","1660036","1762834","1854897",
"전국","70-74세","전체","","666862","712705","732108","753638","769115","785459","811653","861853","905096","949201","1001689","1050833","1119188","1206036","1293348","1362964","1440577","1518328","1569480","1640831","1774343","1803037","1800922","1789894","1781229","1793132","1880192","1972502","2080134","2109712","2208256","2265989","2399923","2638817",
"전국","70-74세","여자","","407786","437146","448602","464834","476208","488569","505944","540498","568539","595143","622447","646190","680238","721678","764436","796655","834434","871869","893572","927668","995119","1006898","1000828","987967","974549","973076","1010898","1053933","1108936","1123159","1172331","1203628","1269314","1397358",
"전국","70-74세","남자","","259076","275559","283506","288804","292907","296890","305709","321355","336557","354058","379242","404643","438950","484358","528912","566309","606143","646459","675908","713163","779224","796139","800094","801927","806680","820056","869294","918569","971198","986553","1035925","1062361","1130609","1241459",
"전국","75-79세","전체","","423284","434527","448350","467967","486117","520235","559420","576962","597167","612526","631409","657266","705655","748702","791429","842645","892465","959109","1049045","1130345","1196000","1269763","1345682","1386543","1457890","1585974","1617744","1623542","1618112","1605372","1617461","1700214","1786674","1885457",
"전국","75-79세","여자","","280079","286376","292451","303849","314017","336048","361796","372579","387997","399142","412460","429723","462901","491567","518359","546823","573152","608541","654233","696462","728938","766449","804767","822369","857283","923852","937402","935061","924970","908524","906831","943845","985481","1037530",
"전국","75-79세","남자","","143205","148151","155899","164118","172100","184187","197624","204383","209170","213384","218949","227543","242754","257135","273070","295822","319313","350568","394812","433883","467062","503314","540915","564174","600607","662122","680342","688481","693142","696848","710630","756369","801193","847927",
"전국","80세 이상","전체","","359607","-","-","-","-","-","-","-","-","-","-","-","-","-","-","-","-","-","972733","-","-","","","","","","","","","","","","","",
"전국","80세 이상","여자","","266471","-","-","-","-","-","-","-","-","-","-","-","-","-","-","-","-","-","690351","-","-","","","","","","","","","","","","","",
"전국","80세 이상","남자","","93136","-","-","-","-","-","-","-","-","-","-","-","-","-","-","-","-","-","282382","-","-","","","","","","","","","","","","","",
"전국","80-84세","전체","","-","243849","250924","258559","270368","283107","291837","301912","317087","332945","359925","391478","406810","425870","441484","462981","489692","533874","580579","618481","663632","708188","766736","838507","909130","968146","1032594","1103019","1143935","1201825","1303349","1331277","1340024","1339077",
"전국","80-84세","여자","","-","173000","178544","183756","191631","199180","204250","208841","218104","228005","246150","267798","277477","291920","303216","318908","338154","369224","401007","425984","452768","477716","511136","550490","589739","621238","656309","693936","713416","743850","799521","812217","812035","803960",
"전국","80-84세","남자","","-","70849","72380","74803","78737","83927","87587","93071","98983","104940","113775","123680","129333","133950","138268","144073","151538","164650","179572","192497","210864","230472","255600","288017","319391","346908","376285","409083","430519","457975","503828","519060","527989","535117",
"전국","85세 이상","전체","","-","134448","142753","148858","159335","168946","177651","-","-","-","-","-","-","-","-","-","-","-","392154","-","-","","","","","","","","","","","","","",
"전국","85세 이상","여자","","-","106762","112300","116042","123587","130719","136940","-","-","-","-","-","-","-","-","-","-","-","289344","-","-","","","","","","","","","","","","","",
"전국","85세 이상","남자","","-","27686","30453","32816","35748","38227","40711","-","-","-","-","-","-","-","-","-","-","-","102810","-","-","","","","","","","","","","","","","",
"전국","85-89세","전체","","-","-","-","-","-","-","-","134012","138173","146212","154216","159772","167739","179760","192413","213255","236472","249131","271189","283425","301459","323430","357407","386703","416164","451453","484398","530317","585487","633656","667244","713747","764520","795428",
"전국","85-89세","여자","","-","-","-","-","-","-","-","100902","104093","109718","115038","118424","122637","130756","139328","154383","171636","180503","196862","206395","220210","236679","261438","283047","302943","325322","345234","373983","407545","437403","456825","484582","514339","530532",
"전국","85-89세","남자","","-","-","-","-","-","-","-","33110","34080","36494","39178","41348","45102","49004","53085","58872","64836","68628","74327","77030","81249","86751","95969","103656","113221","126131","139164","156334","177942","196253","210419","229165","250181","264896",
"전국","90-94세","전체","","-","-","-","-","-","-","-","39991","42173","45471","48396","51089","53818","56312","60589","65380","69124","74664","87444","95014","106586","120230","126692","134214","141488","153236","165694","185868","203704","217247","229306","246429","270242","299895",
"전국","90-94세","여자","","-","-","-","-","-","-","-","31886","33216","35702","38007","40170","42517","44619","47933","51589","54262","57951","66461","72491","81261","91585","96258","102778","108793","118363","128102","143210","156943","167438","175612","187363","203671","223549",
"전국","90-94세","남자","","-","-","-","-","-","-","-","8105","8957","9769","10389","10919","11301","11693","12656","13791","14862","16713","20983","22523","25325","28645","30434","31436","32695","34873","37592","42658","46761","49809","53694","59066","66571","76346",
"전국","95세 이상","전체","","-","-","-","-","-","-","-","9640","9863","10124","10801","11467","12434","13384","14503","15878","17103","18561","33521","-","-","","","","","","","","","","","","","",
"전국","95세 이상","여자","","-","-","-","-","-","-","-","8577","8707","8850","9323","9798","10422","10972","11936","13051","14117","15386","26021","-","-","","","","","","","","","","","","","",
"전국","95세 이상","남자","","-","-","-","-","-","-","-","1063","1156","1274","1478","1669","2012","2412","2567","2827","2986","3175","7500","-","-","","","","","","","","","","","","","",
"전국","95-99세","전체","","-","-","-","-","-","-","-","-","-","-","-","-","-","-","-","-","-","-","-","23677","25450","26657","28817","31414","34844","39294","44213","45891","48756","47297","48439","53209","59683","65151",
"전국","95-99세","여자","","-","-","-","-","-","-","-","-","-","-","-","-","-","-","-","-","-","-","-","18981","20308","21219","22617","24477","27186","30702","34504","35802","38459","38255","39614","43722","48697","53085",
"전국","95-99세","남자","","-","-","-","-","-","-","-","-","-","-","-","-","-","-","-","-","-","-","-","4696","5142","5438","6200","6937","7658","8592","9709","10089","10297","9042","8825","9487","10986","12066",
"전국","100세 이상","전체","","-","-","-","-","-","-","-","-","-","-","-","-","-","-","-","-","-","-","-","11634","12657","13793","15006","16209","17562","17850","18783","20160","21912","7961","7733","8537","8577","8726",
"전국","100세 이상","여자","","-","-","-","-","-","-","-","-","-","-","-","-","-","-","-","-","-","-","-","8982","9749","10599","11506","12427","13425","13826","14456","15330","16561","6589","6472","7114","7052","7285",
"전국","100세 이상","남자","","-","-","-","-","-","-","-","-","-","-","-","-","-","-","-","-","-","-","-","2652","2908","3194","3500","3782","4137","4024","4327","4830","5351","1372","1261","1423","1525","1441",
"서울특별시","계","전체","","10935230","10889499","10759454","10550871","10418076","10336134","10270506","10264260","10311314","10263336","10207295","10174086","10173162","10167344","10181166","10192710","10200827","10208302","10312545","10249679","10195318","10143645","10103233","10022181","9930616","9857426","9765623","9729107","9668465","9509458","9428372","9386034","9331828","9299548",
"서울특별시","계","여자","","5435229","5411654","5350627","5248594","5187037","5149604","5123681","5123119","5144709","5121595","5098331","5089178","5098476","5104852","5119059","5129522","5139018","5149033","5201286","5175780","5153982","5135776","5123465","5091238","5053827","5027220","4991724","4985048","4966742","4891418","4858324","4846003","4826473","4818449",
"서울특별시","계","남자","","5500001","5477845","5408827","5302277","5231039","5186530","5146825","5141141","5166605","5141741","5108964","5084908","5074686","5062492","5062107","5063188","5061809","5059269","5111259","5073899","5041336","5007869","4979768","4930943","4876789","4830206","4773899","4744059","4701723","4618040","4570048","4540031","4505355","4481099",
"서울특별시","0-4세","전체","","784024","790984","789225","767364","734080","700967","667867","638666","623728","590235","551602","522004","501221","463557","443819","441701","433921","425206","425291","423159","417106","408757","404369","393903","376575","350277","324470","300799","270481","244538","227619","213014","202897","202627",
"서울특별시","0-4세","여자","","372111","374546","372444","362864","347092","332670","318721","305863","299676","284322","265349","251322","241676","224082","214626","214086","210434","206510","206663","206060","202979","199090","196818","191943","183514","170901","157995","146057","131268","118479","110094","103399","98981","98902",
"서울특별시","0-4세","남자","","411913","416438","416781","404500","386988","368297","349146","332803","324052","305913","286253","270682","259545","239475","229193","227615","223487","218696","218628","217099","214127","209667","207551","201960","193061","179376","166475","154742","139213","126059","117525","109615","103916","103725",
"서울특별시","5-9세","전체","","753935","707823","678765","649019","648385","654794","654908","662678","668142","652524","633865","614440","593947","578797","554340","521680","496594","472910","434230","413489","408881","399980","389623","389396","384739","378185","365898","361894","353264","339145","317698","300548","280883","258035",
"서울특별시","5-9세","여자","","359649","336970","322873","307130","306968","309220","308498","311397","314443","307237","299560","292253","283980","277761","266462","250723","239253","228271","210067","200193","198323","194085","189512","189559","187566","184208","178392","176302","172202","165440","155206","146715","136686","125292",
"서울특별시","5-9세","남자","","394286","370853","355892","341889","341417","345574","346410","351281","353699","345287","334305","322187","309967","301036","287878","270957","257341","244639","224163","213296","210558","205895","200111","199837","197173","193977","187506","185592","181062","173705","162492","153833","144197","132743",
"서울특별시","10-14세","전체","","982032","967750","897619","826025","756739","694602","651563","633794","623847","629798","643431","650474","660144","663415","651969","634031","614792","591440","575059","546521","510946","482673","456867","417806","395786","390804","380366","370557","371652","367879","362502","355014","352036","346816",
"서울특별시","10-14세","여자","","467023","462336","427819","393373","359633","329994","308816","300230","294452","297877","303475","306158","309701","311912","306786","299353","291955","282439","275494","262310","245316","232318","220319","201909","191551","189380","184253","179797","180639","179007","176340","172681","171247","169094",
"서울특별시","10-14세","남자","","515009","505414","469800","432652","397106","364608","342747","333564","329395","331921","339956","344316","350443","351503","345183","334678","322837","309001","299565","284211","265630","250355","236548","215897","204235","201424","196113","190760","191013","188872","186162","182333","180789","177722",
"서울특별시","15-19세","전체","","986019","935665","917411","913220","916104","910066","903472","849821","798398","737706","684528","651281","639010","630120","638529","652013","659129","668031","672930","656996","635563","613137","587646","567984","538419","503852","474755","449014","410214","388257","386616","378197","368731","371055",
"서울특별시","15-19세","여자","","474698","447242","440438","438062","439651","435566","434023","407421","382681","353087","327782","311384","305094","300030","304284","309679","312052","315320","318207","310655","301740","292681","282295","273840","260203","243679","230548","218435","199942","189438","189129","185184","180796","182108",
"서울특별시","15-19세","남자","","511321","488423","476973","475158","476453","474500","469449","442400","415717","384619","356746","339897","333916","330090","334245","342334","347077","352711","354723","346341","333823","320456","305351","294144","278216","260173","244207","230579","210272","198819","197487","193013","187935","188947",
"서울특별시","20-24세","전체","","1208279","1195013","1152636","1089340","1021075","976142","922579","916948","927006","932860","929540","924542","873256","824971","774847","725293","691188","675923","665447","670429","683987","690382","701179","703783","690728","674674","658915","641964","630115","603077","578374","555058","530569","492144",
"서울특별시","20-24세","여자","","611747","605084","582452","551193","517574","496642","466128","464462","467705","471071","468187","468069","440520","415837","389824","364807","346859","338095","331236","333221","338720","341139","345963","348466","343194","338302","335157","331411","329103","317187","305721","294664","282576","262898",
"서울특별시","20-24세","남자","","596532","589929","570184","538147","503501","479500","456451","452486","459301","461789","461353","456473","432736","409134","385023","360486","344329","337828","334211","337208","345267","349243","355216","355317","347534","336372","323758","310553","301012","285890","272653","260394","247993","229246",
"서울특별시","25-29세","전체","","1166900","1186605","1190767","1180707","1196721","1197636","1179867","1160984","1130992","1076239","1036513","989183","977019","980110","993124","1001374","1010065","965607","918237","859390","804957","769461","756772","743438","751973","772441","790875","814659","830296","819200","811109","800753","777691","762741",
"서울특별시","25-29세","여자","","557705","570215","575438","569876","582296","580779","577590","569004","554577","528163","511721","487854","487720","491942","500952","503746","509741","486868","463644","434166","407243","389669","383096","375555","379724","388794","398436","411552","423639","420560","419523","417918","409874","405260",
"서울특별시","25-29세","남자","","609195","616390","615329","610831","614425","616857","602277","591980","576415","548076","524792","501329","489299","488168","492172","497628","500324","478739","454593","425224","397714","379792","373676","367883","372249","383647","392439","403107","406657","398640","391586","382835","367817","357481",
"서울특별시","30-34세","전체","","1159273","1131758","1095910","1031494","977972","956565","970210","987710","1019039","1057054","1067679","1064890","1054200","1024794","983890","953950","915612","914974","928538","939264","943732","946833","904291","856461","803507","758616","730349","725858","726382","736001","758697","777975","796699","812000",
"서울특별시","30-34세","여자","","563938","546085","525418","491783","462119","455510","463634","472748","486430","506931","510963","511132","506976","495182","477609","467164","447607","451498","458633","465605","467077","470498","449383","426545","401149","379967","366177","364212","363567","368876","378814","387882","396703","406708",
"서울특별시","30-34세","남자","","595335","585673","570492","539711","515853","501055","506576","514962","532609","550123","556716","553758","547224","529612","506281","486786","468005","463476","469905","473659","476655","476335","454908","429916","402358","378649","364172","361646","362815","367125","379883","390093","399996","405292",
"서울특별시","35-39세","전체","","965926","990969","1002644","990072","992488","975013","945796","923158","899413","867205","857666","875643","893303","914758","955742","972353","973050","962291","940909","892678","858510","816618","809375","811792","817467","820573","818421","784101","748724","703278","667111","649430","645966","650944",
"서울특별시","35-39세","여자","","487742","499766","507255","501298","502196","490882","473656","459635","443855","422214","419889","429594","438691","447928","470006","475210","476353","470395","460556","438263","424907","403266","402678","404051","407391","408355","408408","390917","373638","351640","334319","325608","323775","324886",
"서울특별시","35-39세","남자","","478184","491203","495389","488774","490292","484131","472140","463523","455558","444991","437777","446049","454612","466830","485736","497143","496697","491896","480353","454415","433603","413352","406697","407741","410076","412218","410013","393184","375086","351638","332792","323822","322191","326058",
"서울특별시","40-44세","전체","","739119","736805","748803","788494","834618","849126","875842","901115","915492","930760","923358","904192","884597","858105","830876","824705","844718","861997","893918","921739","926040","916860","897379","859470","811751","778634","734337","725112","728008","729566","730905","737027","708639","682655",
"서울특별시","40-44세","여자","","370702","371592","379509","403624","428773","436833","451131","464507","471008","477387","471297","459229","447837","432211","413218","411665","422063","430559","443804","460050","459616","456026","446096","428770","406190","392428","368873","366327","367350","367908","367558","371565","356621","343969",
"서울특별시","40-44세","남자","","368417","365213","369294","384870","405845","412293","424711","436608","444484","453373","452061","444963","436760","425894","417658","413040","422655","431438","450114","461689","466424","460834","451283","430700","405561","386206","365464","358785","360658","361658","363347","365462","352018","338686",
"서울특별시","45-49세","전체","","617478","631096","640317","648468","634163","646935","652097","674013","725731","774717","793434","825139","853864","870098","890492","889474","877152","862940","855630","822851","809739","822093","832090","842139","866421","869355","856037","835871","800174","751214","718801","683046","675311","681985",
"서울특별시","45-49세","여자","","305772","314353","320831","325818","318864","325705","330236","342380","371799","397569","407410","423806","439782","448207","458704","456234","447668","438292","429668","409129","405475","413052","418334","423266","437867","437252","431556","421128","403882","379501","365121","345507","343623","346495",
"서울특별시","45-49세","남자","","311706","316743","319486","322650","315299","321230","321861","331633","353932","377148","386024","401333","414082","421891","431788","433240","429484","424648","425962","413722","404264","409041","413756","418873","428554","432103","424481","414743","396292","371713","353680","337539","331688","335490",
"서울특별시","50-54세","전체","","542779","549778","544404","537169","530957","530423","549316","568178","586953","578508","591285","596753","620023","670564","723090","747977","784183","816059","852094","867807","862811","848087","830977","802504","770459","757665","766952","775779","784730","801892","801828","793687","775758","746357",
"서울특별시","50-54세","여자","","260616","265352","264152","262047","261363","264906","275661","286380","296776","292429","299223","303349","316406","345082","373320","386606","405353","422696","439396","446742","442137","432916","422888","406691","386804","383218","388804","393330","397305","407647","405352","401931","392601","378546",
"서울특별시","50-54세","남자","","282163","284426","280252","275122","269594","265517","273655","281798","290177","286079","292062","293404","303617","325482","349770","361371","378830","393363","412698","421065","420674","415171","408089","395813","383655","374447","378148","382449","387425","394245","396476","391756","383157","367811",
"서울특별시","55-59세","전체","","359861","379309","397700","405431","424376","461181","473557","477327","479787","477118","476439","493194","512077","531898","530905","548503","557721","582607","645595","692287","713525","745718","773183","785829","799578","795878","780002","764189","738826","705302","690974","701870","710310","721357",
"서울특별시","55-59세","여자","","183089","190921","198144","200625","208923","225424","232062","234557","236836","237481","239984","249285","260287","271240","271253","280730","286357","299737","334459","359313","370318","386953","401455","407725","414431","411009","401551","392196","377669","356790","352267","358866","362543","367244",
"서울특별시","55-59세","남자","","176772","188388","199556","204806","215453","235757","241495","242770","242951","239637","236455","243909","251790","260658","259652","267773","271364","282870","311136","332974","343207","358765","371728","378104","385147","384869","378451","371993","361157","348512","338707","343004","347767","354113",
"서울특별시","60-64세","전체","","235257","241667","250291","265150","282632","298696","319421","341241","354220","372715","405172","415442","420515","424808","428643","434817","452650","472560","501897","498319","513938","521338","542953","585240","627314","646571","673949","700646","714460","722662","717931","706835","692690","670730",
"서울특별시","60-64세","여자","","133844","135036","137688","142402","149329","155581","164337","173495","178767","186969","201842","207647","210814","213651","217255","222952","232789","244076","260011","258378","266499","271104","282393","306142","328834","339204","353227","367828","374827","378795","375090","368208","359975","347418",
"서울특별시","60-64세","남자","","101413","106631","112603","122748","133303","143115","155084","167746","175453","185746","203330","207795","209701","211157","211388","211865","219861","228484","241886","239941","247439","250234","260560","279098","298480","307367","320722","332818","339633","343867","342841","338627","332715","323312",
"서울특별시","65-69세","전체","","166292","167579","173925","177916","182480","189858","197853","209417","226831","243775","257378","274681","295204","308160","328685","363080","375075","381602","393267","396019","401794","419597","437267","452512","448956","462481","468466","489156","529494","563260","579856","609103","633549","648113",
"서울특별시","65-69세","여자","","102492","103187","106543","107899","109239","111446","113780","118448","125570","132936","138656","146455","155480","160823","170367","186668","193057","196332","202568","205191","210295","220047","230060","238731","237388","244430","248374","259178","281833","300013","309253","324875","338489","346257",
"서울특별시","65-69세","남자","","63800","64392","67382","70017","73241","78412","84073","90969","101261","110839","118722","128226","139724","147337","158318","176412","182018","185270","190699","190828","191499","199550","207207","213781","211568","218051","220092","229978","247661","263247","270603","284228","295060","301856",
"서울특별시","70-74세","전체","","122884","128626","128554","127554","127420","128579","132112","140151","146986","152402","159012","166011","176808","192761","209761","224790","241873","260663","277164","295395","326428","338261","344188","347368","350580","356509","372218","388790","404546","396569","408481","417048","436781","475221",
"서울특별시","70-74세","여자","","78490","81471","81377","81170","81303","82101","84051","88774","92226","94528","97178","99538","104332","111726","119700","126633","134569","143115","149974","158189","172628","178750","181910","183944","186814","191738","200607","210293","219056","214185","220686","225940","236366","258678",
"서울특별시","70-74세","남자","","44394","47155","47177","46384","46117","46478","48061","51377","54760","57874","61834","66473","72476","81035","90061","98157","107304","117548","127190","137206","153800","159511","162278","163424","163766","164771","171611","178497","185490","182384","187795","191108","200415","216543",
"서울특별시","75-79세","전체","","78386","79004","79950","81440","83221","87727","93473","95652","97592","98795","100487","104013","111284","118455","125000","132343","139635","149778","166935","180639","193611","208188","224660","234999","251961","278800","288607","295297","299530","299231","305015","321421","336990","352044",
"서울특별시","75-79세","여자","","55368","55575","55170","55405","55803","58345","61537","62820","64632","65693","66865","69207","73612","77669","81177","84583","87900","92931","101022","107363","113264","119842","127467","131826","139885","153222","158372","161904","164604","165107","169204","178454","187613","196131",
"서울특별시","75-79세","남자","","23018","23429","24780","26035","27418","29382","31936","32832","32960","33102","33622","34806","37672","40786","43823","47760","51735","56847","65913","73276","80347","88346","97193","103173","112076","125578","130235","133393","134926","134124","135811","142967","149377","155913",
"서울특별시","80세 이상","전체","","66786","-","-","-","-","-","-","-","-","-","-","-","-","-","-","-","-","-","165404","-","-","","","","","","","","","","","","","",
"서울특별시","80세 이상","여자","","50243","-","-","-","-","-","-","-","-","-","-","-","-","-","-","-","-","-","115884","-","-","","","","","","","","","","","","","",
"서울특별시","80세 이상","남자","","16543","-","-","-","-","-","-","-","-","-","-","-","-","-","-","-","-","-","49520","-","-","","","","","","","","","","","","","",
"서울특별시","80-84세","전체","","-","45436","45462","45765","46759","48454","49847","51576","54139","56146","59422","64204","66642","69263","71437","74594","78895","85720","94440","98901","104821","110709","118754","130345","141649","152642","164475","178836","188219","199138","219561","228831","234945","240084",
"서울특별시","80-84세","여자","","-","32867","33301","33715","34447","35448","36263","36675","38026","39054","41136","44107","45612","47819","49517","51776","54916","59403","64573","67032","69784","72357","76404","82102","87616","93172","99030","106129","110430","115819","126547","131782","135014","137999",
"서울특별시","80-84세","남자","","-","12569","12161","12050","12312","13006","13584","14901","16113","17092","18286","20097","21030","21444","21920","22818","23979","26317","29867","31869","35037","38352","42350","48243","54033","59470","65445","72707","77789","83319","93014","97049","99931","102085",
"서울특별시","85세 이상","전체","","-","23632","25071","26243","27886","29370","30726","-","-","-","-","-","-","-","-","-","-","-","70964","-","-","","","","","","","","","","","","","",
"서울특별시","85세 이상","여자","","-","19056","19775","20310","21464","22552","23557","-","-","-","-","-","-","-","-","-","-","-","51311","-","-","","","","","","","","","","","","","",
"서울특별시","85세 이상","남자","","-","4576","5296","5933","6422","6818","7169","-","-","-","-","-","-","-","-","-","-","-","19653","-","-","","","","","","","","","","","","","",
"서울특별시","85-89세","전체","","-","-","-","-","-","-","-","23319","23989","25096","26337","27231","28556","30568","32897","35918","39571","41729","46009","47608","50315","53599","58585","62456","66067","70471","74394","80651","89875","95871","101648","110383","120305","127827",
"서울특별시","85-89세","여자","","-","-","-","-","-","-","-","17545","18197","19120","19941","20408","21020","22277","23713","25856","28338","29930","32981","34398","36400","38858","42044","44437","46472","48776","50530","54127","59325","62666","65725","70408","75861","79853",
"서울특별시","85-89세","남자","","-","-","-","-","-","-","-","5774","5792","5976","6396","6823","7536","8291","9184","10062","11233","11799","13028","13210","13915","14741","16541","18019","19595","21695","23864","26524","30550","33205","35923","39975","44444","47974",
"서울특별시","90-94세","전체","","-","-","-","-","-","-","-","6899","7345","8018","8372","8843","9374","9820","10582","11357","11990","12955","16492","17491","19298","21474","22462","23212","24153","25877","27804","30848","33503","33815","34536","36809","40067","45015",
"서울특별시","90-94세","여자","","-","-","-","-","-","-","-","5357","5586","6084","6350","6728","7199","7670","8307","8885","9365","9900","12103","12901","14200","15668","16446","17227","18007","19408","20854","22840","24655","24971","25221","26570","28631","31559",
"서울특별시","90-94세","남자","","-","-","-","-","-","-","-","1542","1759","1934","2022","2115","2175","2150","2275","2472","2625","3055","4389","4590","5098","5806","6016","5985","6146","6469","6950","8008","8848","8844","9315","10239","11436","13456",
"서울특별시","95세 이상","전체","","-","-","-","-","-","-","-","1613","1684","1665","1775","1926","2118","2322","2538","2757","3013","3310","8463","-","-","","","","","","","","","","","","","",
"서울특별시","95세 이상","여자","","-","-","-","-","-","-","-","1421","1467","1443","1523","1653","1737","1803","1979","2166","2389","2666","6227","-","-","","","","","","","","","","","","","",
"서울특별시","95세 이상","남자","","-","-","-","-","-","-","-","192","217","222","252","273","381","519","559","591","624","644","2236","-","-","","","","","","","","","","","","","",
"서울특별시","95-99세","전체","","-","-","-","-","-","-","-","-","-","-","-","-","-","-","-","-","-","-","-","5111","5390","5614","5942","6507","7058","7602","8490","8842","9180","7920","7818","8537","9527","10385",
"서울특별시","95-99세","여자","","-","-","-","-","-","-","-","-","-","-","-","-","-","-","-","-","-","-","-","3929","4131","4284","4442","4765","5158","5586","6187","6437","6807","6127","6136","6717","7348","8030",
"서울특별시","95-99세","남자","","-","-","-","-","-","-","-","-","-","-","-","-","-","-","-","-","-","-","-","1182","1259","1330","1500","1742","1900","2016","2303","2405","2373","1793","1682","1820","2179","2355",
"서울특별시","100세 이상","전체","","-","-","-","-","-","-","-","-","-","-","-","-","-","-","-","-","-","-","-","3586","3926","4266","4671","5037","5475","5519","5843","6244","6792","1643","1292","1448","1484","1413",
"서울특별시","100세 이상","여자","","-","-","-","-","-","-","-","-","-","-","-","-","-","-","-","-","-","-","-","2692","2930","3173","3462","3744","4069","4191","4393","4648","5001","1262","1018","1129","1150","1122",
"서울특별시","100세 이상","남자","","-","-","-","-","-","-","-","-","-","-","-","-","-","-","-","-","-","-","-","894","996","1093","1209","1293","1406","1328","1450","1596","1791","381","274","319","334","291",
"부산광역시","계","전체","","3882389","3862806","3839812","3883880","3867125","3851312","3829098","3817270","3796506","3770536","3730125","3691445","3666345","3638293","3611992","3587439","3564577","3543030","3567910","3550963","3538484","3527635","3519401","3513777","3498529","3470653","3441453","3413841","3391946","3350380","3317812","3293362","3266598","3241600",
"부산광역시","계","여자","","1940494","1931322","1919705","1942187","1934182","1926408","1914902","1909202","1899456","1887012","1867605","1849040","1837711","1825694","1813052","1801536","1791423","1781828","1794740","1788115","1784005","1780635","1778984","1778207","1772922","1761145","1749032","1738424","1730946","1711336","1697897","1687931","1676686","1666000",
"부산광역시","계","남자","","1941895","1931484","1920107","1941693","1932943","1924904","1914196","1908068","1897050","1883524","1862520","1842405","1828634","1812599","1798940","1785903","1773154","1761202","1773170","1762848","1754479","1747000","1740417","1735570","1725607","1709508","1692421","1675417","1661000","1639044","1619915","1605431","1589912","1575600",
"부산광역시","0-4세","전체","","266344","264350","260912","263849","256090","244788","231562","220761","209980","196656","180869","168218","156902","142926","134340","132575","129106","126694","128670","131652","132653","133204","134814","134998","132044","123780","117093","107963","97374","87778","81272","75360","71136","70194",
"부산광역시","0-4세","여자","","123930","122291","119870","121361","117797","113148","107572","103434","98882","93000","85655","79802","74829","68549","64689","63969","62645","61454","62497","64091","64592","64785","65624","65578","64087","60112","56848","52601","47502","42755","39615","36718","34591","34142",
"부산광역시","0-4세","남자","","142414","142059","141042","142488","138293","131640","123990","117327","111098","103656","95214","88416","82073","74377","69651","68606","66461","65240","66173","67561","68061","68419","69190","69420","67957","63668","60245","55362","49872","45023","41657","38642","36545","36052",
"부산광역시","5-9세","전체","","284716","264452","253315","248972","248086","250554","250792","251274","251405","245410","234607","224176","213050","203632","191658","178004","166479","155866","141940","133670","132781","130721","128953","132229","135043","134952","134349","135358","134982","131833","125105","119043","110600","99703",
"부산광역시","5-9세","여자","","136464","126047","120121","117104","116393","116404","115789","115260","115461","112627","108236","104189","99678","95644","90504","84150","79001","74423","68043","64395","64022","63368","62500","64212","65789","65696","65405","65793","65681","64112","60909","57996","54125","48749",
"부산광역시","5-9세","남자","","148252","138405","133194","131868","131693","134150","135003","136014","135944","132783","126371","119987","113372","107988","101154","93854","87478","81443","73897","69275","68759","67353","66453","68017","69254","69256","68944","69565","69301","67721","64196","61047","56475","50954",
"부산광역시","10-14세","전체","","382923","379885","356145","333190","303323","276804","258464","249614","242142","242117","245351","246197","247034","247197","241799","231539","221604","210865","202246","190240","177306","166576","156351","143261","134893","133256","130486","128260","130808","133297","134212","133929","135490","135201",
"부산광역시","10-14세","여자","","183973","183389","171479","160328","145365","132625","123055","118391","113892","113470","113797","113508","113067","113361","110804","106838","102918","98518","94980","89822","83884","79061","74741","68783","64905","64251","63249","62154","63498","64886","65289","65176","65954","65823",
"부산광역시","10-14세","남자","","198950","196496","184666","172862","157958","144179","135409","131223","128250","128647","131554","132689","133967","133836","130995","124701","118686","112347","107266","100418","93422","87515","81610","74478","69988","69005","67237","66106","67310","68411","68923","68753","69536","69378",
"부산광역시","15-19세","전체","","371082","357226","356177","366182","375431","376791","373300","351771","325729","296472","271033","253757","245440","238806","239305","242454","243951","244064","244860","239260","230016","220929","210418","202242","190317","176788","165659","154980","141206","132808","131722","129410","127362","129616",
"부산광역시","15-19세","여자","","180323","172355","172335","176725","181180","181483","180603","169735","156965","142409","130194","121082","116599","112444","112232","112343","112406","111721","112281","109704","106253","102842","98568","95221","90254","84017","78908","74299","67958","64140","63909","63081","62001","63294",
"부산광역시","15-19세","남자","","190759","184871","183842","189457","194251","195308","192697","182036","168764","154063","140839","132675","128841","126362","127073","130111","131545","132343","132579","129556","123763","118087","111850","107021","100063","92771","86751","80681","73248","68668","67813","66329","65361","66322",
"부산광역시","20-24세","전체","","418507","411969","400920","391107","371573","360081","345495","344726","349182","357040","356858","353339","332764","308357","280593","257121","242535","235812","231246","233065","237793","241024","242996","245043","240006","231095","222024","212685","205631","194686","182419","173103","163088","150229",
"부산광역시","20-24세","여자","","208793","205218","198917","193736","183031","177395","168525","168364","169721","173043","171999","171028","160778","149087","134478","122960","115426","111844","109155","109926","110969","112004","112672","114218","112070","108925","105414","101858","99452","94834","88808","84375","79974","73999",
"부산광역시","20-24세","남자","","209714","206751","202003","197371","188542","182686","176970","176362","179461","183997","184859","182311","171986","159270","146115","134161","127109","123968","122091","123139","126824","129020","130324","130825","127936","122170","116610","110827","106179","99852","93611","88728","83114","76230",
"부산광역시","25-29세","전체","","363582","362948","363308","368109","370592","365802","360552","353899","340330","322530","309682","294801","295214","300623","306822","307595","304975","287409","269266","247517","228981","217618","213901","211471","215193","220696","222713","223464","225356","220863","212979","204484","195300","188468",
"부산광역시","25-29세","여자","","179379","179749","180111","182291","184656","180452","177273","173009","166480","157449","151781","143249","143632","146546","149496","149726","149135","139907","130722","119872","111181","105155","103335","101489","103106","104872","105568","105562","107018","105345","102579","99220","95176","92151",
"부산광역시","25-29세","남자","","184203","183199","183197","185818","185936","185350","183279","180890","173850","165081","157901","151552","151582","154077","157326","157869","155840","147502","138544","127645","117800","112463","110566","109982","112087","115824","117145","117902","118338","115518","110400","105264","100124","96317",
"부산광역시","30-34세","전체","","404748","387250","366293","350779","330031","318836","320182","323013","321912","325165","318574","309941","301868","291106","277272","268032","256168","255311","262699","270770","272275","271416","257882","241664","223739","207213","196046","191915","190729","194498","200105","203253","204349","205067",
"부산광역시","30-34세","여자","","202302","193823","182978","175022","162938","158675","159731","161069","160145","162590","157803","153472","148782","143407","136230","132048","125082","124914","128329","132335","132831","132954","126083","118138","109072","101169","95364","93394","92361","94194","96506","97648","97973","98582",
"부산광역시","30-34세","남자","","202446","193427","183315","175757","167093","160161","160451","161944","161767","162575","160771","156469","153086","147699","141042","135984","131086","130397","134370","138435","139444","138462","131799","123526","114667","106044","100682","98521","98368","100304","103599","105605","106376","106485",
"부산광역시","35-39세","전체","","347139","359442","367996","376016","381212","376708","363325","347748","328212","309538","298793","299224","300200","299536","302677","299735","293522","286137","279765","265805","257083","246643","246934","252294","259777","260411","258665","243795","228285","210802","196322","187406","184609","183230",
"부산광역시","35-39세","여자","","172394","179082","185833","189951","193965","191718","184939","176267","166001","154756","150505","151182","151873","150863","153024","149695","146190","141986","138400","130836","126819","120828","121138","123409","127271","127397","127302","119860","112356","103159","96366","91702","90154","88928",
"부산광역시","35-39세","남자","","174745","180360","182163","186065","187247","184990","178386","171481","162211","154782","148288","148042","148327","148673","149653","150040","147332","144151","141365","134969","130264","125815","125796","128885","132506","133014","131363","123935","115929","107643","99956","95704","94455","94302",
"부산광역시","40-44세","전체","","267508","270282","279547","305304","322012","332170","344275","354315","358459","363939","359391","346876","332125","313963","296738","287883","290649","292226","297655","300607","297400","292074","285554","276171","262415","252607","240962","239398","243202","249223","251075","251223","238173","223189",
"부산광역시","40-44세","여자","","131473","133894","137744","152090","160977","166769","172994","180243","182736","186593","184354","177922","169836","160295","149858","146294","147933","148661","150148","152337","149037","146079","142132","137360","129915","125285","118540","118130","119730","122810","123520","124305","117493","110028",
"부산광역시","40-44세","남자","","136035","136388","141803","153214","161035","165401","171281","174072","175723","177346","175037","168954","162289","153668","146880","141589","142716","143565","147507","148270","148363","145995","143422","138811","132500","127322","122422","121268","123472","126413","127555","126918","120680","113161",
"부산광역시","45-49세","전체","","205528","213203","222368","238636","246093","255923","258740","268045","289680","305661","314987","326785","336556","340917","348103","344928","335380","322431","311853","294746","286169","288735","290933","292047","295913","292445","286085","278384","267946","253168","243667","233493","232998","237063",
"부산광역시","45-49세","여자","","100722","104648","109559","117834","122008","126936","129253","133114","145441","153900","159166","165132","172072","174522","179255","177638","172557","165471","159389","148810","145578","147148","148210","148012","150663","147283","143775","139323","134130","126072","121565","115591","115548","117242",
"부산광역시","45-49세","남자","","104806","108555","112809","120802","124085","128987","129487","134931","144239","151761","155821","161653","164484","166395","168848","167290","162823","156960","152464","145936","140591","141587","142723","144035","145250","145162","142310","139061","133816","127096","122102","117902","117450","119821",
"부산광역시","50-54세","전체","","192103","197164","197453","196037","193758","195219","203128","211995","224776","232263","240963","243226","252426","273233","288979","299317","312374","322799","334210","341069","339007","329763","317225","301339","285203","276951","279363","280880","281674","283992","280745","275617","268884","259175",
"부산광역시","50-54세","여자","","95471","97867","97855","96832","95565","96770","100710","105468","112101","116206","120701","122574","126373","138225","146442","152163","158639","165914","171386","175787","174980","170215","163316","155099","145123","141717","143236","144088","143717","145555","142391","139354","135346","130429",
"부산광역시","50-54세","남자","","96632","99297","99598","99205","98193","98449","102418","106527","112675","116057","120262","120652","126053","135008","142537","147154","153735","156885","162824","165282","164027","159548","153909","146240","140080","135234","136127","136792","137957","138437","138354","136263","133538","128746",
"부산광역시","55-59세","전체","","134173","141355","149638","158664","166621","179676","185154","185837","181854","179940","181272","188804","197543","209374","216823","225677","229215","238179","263664","279227","289914","302788","313172","318364","325197","322593","313826","302219","287239","270776","262977","266308","268601","269828",
"부산광역시","55-59세","여자","","70181","73123","76740","81094","84817","90853","93391","93562","90982","89841","90833","94474","99201","105346","109564","114054","116453","120079","134295","142537","148386","154875","162065","164661","169090","167736","163259","156890","149128","138910","135868","137901","139022","138721",
"부산광역시","55-59세","남자","","63992","68232","72898","77570","81804","88823","91763","92275","90872","90099","90439","94330","98342","104028","107259","111623","112762","118100","129369","136690","141528","147913","151107","153703","156107","154857","150567","145329","138111","131866","127109","128407","129579","131107",
"부산광역시","60-64세","전체","","93047","95339","100315","110096","117153","122955","129891","137954","143770","151662","163103","167866","169296","165839","164864","167087","174980","183466","198052","205292","214907","218728","228152","248024","262725","272339","284221","294417","299803","304771","302800","295534","285432","271802",
"부산광역시","60-64세","여자","","53972","54300","56149","60670","63726","65975","68965","72616","75271","78832","84110","86250","86672","84479","83597","84881","88834","93358","101096","105268","110332","112979","116973","128502","136407","141565","147579","154528","157190","160581","159775","155961","150208","143104",
"부산광역시","60-64세","남자","","39075","41039","44166","49426","53427","56980","60926","65338","68499","72830","78993","81616","82624","81360","81267","82206","86146","90108","96956","100024","104575","105749","111179","119522","126318","130774","136642","139889","142613","144190","143025","139573","135224","128698",
"부산광역시","65-69세","전체","","64891","67271","71167","75361","78940","82797","85651","90780","97755","103849","108856","115216","122594","128197","135829","147196","152671","154740","154143","153662","156443","164940","173653","184875","191726","200278","203906","212830","231817","244107","253059","265186","275660","281080",
"부산광역시","65-69세","여자","","40648","42143","44435","46670","48352","49756","50548","52850","55951","58685","60658","63350","66691","69121","72700","78118","80650","81351","80465","79853","81429","85898","90783","96842","100885","105486","107955","111693","122846","129383","134190","140500","147655","150398",
"부산광역시","65-69세","남자","","24243","25128","26732","28691","30588","33041","35103","37930","41804","45164","48198","51866","55903","59076","63129","69078","72021","73389","73678","73809","75014","79042","82870","88033","90841","94792","95951","101137","108971","114724","118869","124686","128005","130682",
"부산광역시","70-74세","전체","","41766","44960","47068","50526","52251","54742","57442","61371","63734","67271","70375","72760","77447","83804","89755","95138","101164","108413","115168","122468","133545","139282","141804","140328","140369","143551","151390","159789","169886","175111","182789","186754","195449","213583",
"부산광역시","70-74세","여자","","27236","29275","30610","32981","34040","35896","37629","39923","41172","43001","44110","44821","47012","49940","52796","55141","57877","61378","64524","68053","73504","76166","77123","75853","75385","77133","81393","86112","91744","94891","99088","101659","105427","116294",
"부산광역시","70-74세","남자","","14530","15685","16458","17545","18211","18846","19813","21448","22562","24270","26265","27939","30435","33864","36959","39997","43287","47035","50644","54415","60041","63116","64681","64475","64984","66418","69997","73677","78142","80220","83701","85095","90022","97289",
"부산광역시","75-79세","전체","","24522","24800","25339","27795","29622","32016","34842","37097","39042","40460","42528","44890","48304","50564","53756","56985","59573","64105","70791","76220","81272","86991","93770","99313","106214","116352","121602","124321","123413","123017","125929","133653","141398","150915",
"부산광역시","75-79세","여자","","17664","17663","17811","19288","20380","21856","23720","25294","26723","27651","29196","30831","32896","34173","35881","37367","38505","40834","44069","46756","49198","51999","55371","58154","61700","66830","69269","70323","69349","68545","70194","74492","79103","84545",
"부산광역시","75-79세","남자","","6858","7137","7528","8507","9242","10160","11122","11803","12319","12809","13332","14059","15408","16391","17875","19618","21068","23271","26722","29464","32074","34992","38399","41159","44514","49522","52333","53998","54064","54472","55735","59161","62295","66370",
"부산광역시","80세 이상","전체","","19810","-","-","-","-","-","-","-","-","-","-","-","-","-","-","-","-","-","61682","-","-","","","","","","","","","","","","","",
"부산광역시","80세 이상","여자","","15569","-","-","-","-","-","-","-","-","-","-","-","-","-","-","-","-","-","44961","-","-","","","","","","","","","","","","","",
"부산광역시","80세 이상","남자","","4241","-","-","-","-","-","-","-","-","-","-","-","-","-","-","-","-","-","16721","-","-","","","","","","","","","","","","","",
"부산광역시","80-84세","전체","","-","13735","14248","15049","15582","16195","16591","16914","18115","19602","21437","23557","25165","26729","27983","29970","32258","35233","38051","40658","43465","46012","49767","54727","59350","63737","68558","74493","79270","84624","92507","96815","99408","99111",
"부산광역시","80-84세","여자","","-","10452","10869","11445","11852","12172","12295","12398","13117","14160","15383","16839","18001","19209","20098","21670","23355","25225","26992","28568","29950","31152","33192","35852","38336","40620","43146","46300","48736","51694","56095","58188","59285","58665",
"부산광역시","80-84세","남자","","-","3283","3379","3604","3730","4023","4296","4516","4998","5442","6054","6718","7164","7520","7885","8300","8903","10008","11059","12090","13515","14860","16575","18875","21014","23117","25412","28193","30534","32930","36412","38627","40123","40446",
"부산광역시","85세 이상","전체","","-","7175","7603","8208","8755","9255","9712","-","-","-","-","-","-","-","-","-","-","-","23631","-","-","","","","","","","","","","","","","",
"부산광역시","85세 이상","여자","","-","6003","6289","6765","7140","7525","7910","-","-","-","-","-","-","-","-","-","-","-","17969","-","-","","","","","","","","","","","","","",
"부산광역시","85세 이상","남자","","-","1172","1314","1443","1615","1730","1802","-","-","-","-","-","-","-","-","-","-","-","5662","-","-","","","","","","","","","","","","","",
"부산광역시","85-89세","전체","","-","-","-","-","-","-","-","7621","7760","8097","8390","8507","8919","9850","10862","12048","13581","14578","16490","17352","18917","20729","22961","24401","26483","28416","30117","32833","36410","39167","41641","45091","49238","52766",
"부산광역시","85-89세","여자","","-","-","-","-","-","-","-","6041","6168","6406","6586","6616","6836","7480","8232","9058","10209","10976","12374","13063","14342","15721","17237","18236","19524","20631","21492","23143","25340","27003","28318","30306","32722","34614",
"부산광역시","85-89세","남자","","-","-","-","-","-","-","-","1580","1592","1691","1804","1891","2083","2370","2630","2990","3372","3602","4116","4289","4575","5008","5724","6165","6959","7785","8625","9690","11070","12164","13323","14785","16516","18152",
"부산광역시","90-94세","전체","","-","-","-","-","-","-","-","2042","2159","2372","2551","2746","2886","3007","3153","3393","3553","3752","4719","5197","5895","6683","7208","7782","8384","9367","10250","11419","12152","12867","13314","14126","15553","17433",
"부산광역시","90-94세","여자","","-","-","-","-","-","-","-","1702","1781","1949","2083","2213","2348","2459","2597","2775","2888","2997","3697","4090","4594","5185","5588","6071","6544","7397","8075","8899","9467","10005","10223","10724","11700","13032",
"부산광역시","90-94세","남자","","-","-","-","-","-","-","-","340","378","423","468","533","538","548","556","618","665","755","1022","1107","1301","1498","1620","1711","1840","1970","2175","2520","2685","2862","3091","3402","3853","4401",
"부산광역시","95세 이상","전체","","-","-","-","-","-","-","-","493","510","492","505","559","612","633","681","762","839","950","2422","-","-","","","","","","","","","","","","","",
"부산광역시","95세 이상","여자","","-","-","-","-","-","-","-","462","466","444","455","506","535","544","575","648","720","817","1898","-","-","","","","","","","","","","","","","",
"부산광역시","95세 이상","남자","","-","-","-","-","-","-","-","31","44","48","50","53","77","89","106","114","119","133","524","-","-","","","","","","","","","","","","","",
"부산광역시","95-99세","전체","","-","-","-","-","-","-","-","-","-","-","-","-","-","-","-","-","-","-","-","1408","1479","1480","1546","1715","1953","2212","2473","2648","2876","2590","2767","3142","3441","3517",
"부산광역시","95-99세","여자","","-","-","-","-","-","-","-","-","-","-","-","-","-","-","-","-","-","-","-","1162","1197","1203","1234","1348","1551","1736","1939","2073","2276","2122","2356","2664","2861","2880",
"부산광역시","95-99세","남자","","-","-","-","-","-","-","-","-","-","-","-","-","-","-","-","-","-","-","-","246","282","277","312","367","402","476","534","575","600","468","411","478","580","637",
"부산광역시","100세 이상","전체","","-","-","-","-","-","-","-","-","-","-","-","-","-","-","-","-","-","-","-","1078","1183","1299","1407","1489","1585","1614","1665","1790","1887","402","406","432","429","430",
"부산광역시","100세 이상","여자","","-","-","-","-","-","-","-","-","-","-","-","-","-","-","-","-","-","-","-","850","927","1018","1099","1169","1245","1287","1316","1401","1467","340","333","370","368","380",
"부산광역시","100세 이상","남자","","-","-","-","-","-","-","-","-","-","-","-","-","-","-","-","-","-","-","-","228","256","281","308","320","340","327","349","389","420","62","73","62","61","50",
"대구광역시","계","전체","","2284191","2312166","2342680","2478589","2480345","2488346","2493440","2505710","2524253","2525109","2525803","2529544","2524712","2511306","2496115","2493261","2492724","2489781","2511676","2507271","2505644","2501588","2493264","2487829","2484557","2475231","2461769","2438031","2418346","2385412","2363691","2374960","2363629","2353032",
"대구광역시","계","여자","","1139399","1151801","1166308","1231861","1233213","1237904","1240367","1246326","1255905","1256621","1257273","1259664","1258458","1252214","1245266","1245028","1245851","1245903","1256431","1255694","1256324","1255517","1252145","1250538","1250388","1247417","1242427","1232745","1225237","1209780","1200826","1208157","1204028","1200453",
"대구광역시","계","남자","","1144792","1160365","1176372","1246728","1247132","1250442","1253073","1259384","1268348","1268488","1268530","1269880","1266254","1259092","1250849","1248233","1246873","1243878","1255245","1251577","1249320","1246071","1241119","1237291","1234169","1227814","1219342","1205286","1193109","1175632","1162865","1166803","1159601","1152579",
"대구광역시","0-4세","전체","","167632","171570","174979","190245","185914","181385","174095","168026","163638","155314","144878","137381","128901","116997","108845","107059","103976","102104","102583","103704","103360","102513","102401","101327","99198","93774","89103","82807","74200","66357","61222","57587","54874","54528",
"대구광역시","0-4세","여자","","73921","76086","77728","85428","84104","83002","80410","78087","76311","72733","67630","64540","60806","55232","51484","51095","49835","48970","49279","50013","49884","49757","49845","49402","48499","45825","43539","40295","36128","32247","29797","27930","26715","26525",
"대구광역시","0-4세","남자","","93711","95484","97251","104817","101810","98383","93685","89939","87327","82581","77248","72841","68095","61765","57361","55964","54141","53134","53304","53691","53476","52756","52556","51925","50699","47949","45564","42512","38072","34110","31425","29657","28159","28003",
"대구광역시","5-9세","전체","","169243","162265","162505","171128","173808","177994","181309","183946","187845","185924","182834","178559","172451","166289","158071","147330","139713","131086","119844","112610","111483","108592","106123","106788","107838","107269","105850","105505","104026","101466","96508","92816","87354","79786",
"대구광역시","5-9세","여자","","77413","72568","72022","75434","76698","78268","80166","81589","84244","84051","83710","82272","80024","77440","73933","68744","65572","61759","56538","53228","53270","52023","50967","51483","52240","51955","51433","51424","50813","49596","47191","45312","42466","38808",
"대구광역시","5-9세","남자","","91830","89697","90483","95694","97110","99726","101143","102357","103601","101873","99124","96287","92427","88849","84138","78586","74141","69327","63306","59382","58213","56569","55156","55305","55598","55314","54417","54081","53213","51870","49317","47504","44888","40978",
"대구광역시","10-14세","전체","","224959","227940","217143","211973","197026","184064","175559","174920","174532","178053","183524","188100","190838","192979","190637","187049","181773","175550","170085","161836","150583","142330","133135","121338","114049","112974","109363","106587","106632","107087","106717","106303","107053","106488",
"대구광역시","10-14세","여자","","106718","108601","102546","99471","91042","83920","78364","77434","76636","78361","80597","83175","84572","86519","86111","85526","83650","81515","79285","75776","70399","66858","62676","57217","53921","53973","52470","51262","51446","51857","51665","51740","52288","52086",
"대구광역시","10-14세","남자","","118241","119339","114597","112502","105984","100144","97195","97486","97896","99692","102927","104925","106266","106460","104526","101523","98123","94035","90800","86060","80184","75472","70459","64121","60128","59001","56893","55325","55186","55230","55052","54563","54765","54402",
"대구광역시","15-19세","전체","","218898","211456","212561","222364","227661","230422","231829","220102","208537","194610","182268","174998","174690","173539","176681","181795","185983","188086","191416","189316","185785","180415","173961","168252","160078","148782","140309","130611","119266","111450","110815","107818","105385","106418",
"대구광역시","15-19세","여자","","104881","100563","101844","105928","108744","110011","111162","104535","98252","90310","83508","78548","77851","76572","77863","79907","82365","83374","86034","85776","85131","83308","81047","78755","75153","69721","66016","61647","56349","52790","53151","51866","50842","51587",
"대구광역시","15-19세","남자","","114017","110893","110717","116436","118917","120411","120667","115567","110285","104300","98760","96450","96839","96967","98818","101888","103618","104712","105382","103540","100654","97107","92914","89497","84925","79061","74293","68964","62917","58660","57664","55952","54543","54831",
"대구광역시","20-24세","전체","","251182","248770","245384","248851","237957","229299","218209","217056","218850","222536","224050","225075","213347","200167","184961","172617","165137","164778","164476","167696","172734","176322","178621","181783","180631","177257","171726","164143","159933","150657","140917","133913","125150","115007",
"대구광역시","20-24세","여자","","126063","124556","122257","124186","118164","113665","107234","107037","107013","108510","108694","109339","102645","95439","86395","79302","73988","73288","72550","74247","76167","78112","79291","81745","82041","81478","79640","76735","75415","71083","66222","63308","59406","54752",
"대구광역시","20-24세","남자","","125119","124214","123127","124665","119793","115634","110975","110019","111837","114026","115356","115736","110702","104728","98566","93315","91149","91490","91926","93449","96567","98210","99330","100038","98590","95779","92086","87408","84518","79574","74695","70605","65744","60255",
"대구광역시","25-29세","전체","","225202","232515","238573","253330","254968","252838","247889","242975","236012","223326","213800","202130","199462","198726","198761","198805","198078","186810","176880","164681","153239","146225","145315","144972","149296","154955","159119","159498","161601","158264","153446","148557","142950","138442",
"대구광역시","25-29세","여자","","111291","114766","117840","125287","127250","125954","123858","120943","118198","111640","106890","100150","98814","97767","98043","98282","98429","92210","86311","79000","72244","67485","66437","65493","67375","69931","72204","72712","74444","73354","72093","70201","67854","65931",
"대구광역시","25-29세","남자","","113911","117749","120733","128043","127718","126884","124031","122032","117814","111686","106910","101980","100648","100959","100718","100523","99649","94600","90569","85681","80995","78740","78878","79479","81921","85024","86915","86786","87157","84910","81353","78356","75096","72511",
"대구광역시","30-34세","전체","","235026","236008","231339","242042","230587","226413","231001","233417","235425","238479","236238","231196","223755","215096","203051","194324","183747","181047","182018","183726","183874","183825","173067","163062","152640","142938","137036","135805","134656","136780","141065","146165","148274","150515",
"대구광역시","30-34세","여자","","116769","117557","114953","119399","113111","112236","114668","116419","117102","119857","118352","116549","112661","108689","102378","97997","91751","90891","90955","92081","92212","92348","86099","80324","73909","68216","64245","63263","62222","63176","64948","67629","68673","70431",
"대구광역시","30-34세","남자","","118257","118451","116386","122643","117476","114177","116333","116998","118323","118622","117886","114647","111094","106407","100673","96327","91996","90156","91063","91645","91662","91477","86968","82738","78731","74722","72791","72542","72434","73604","76117","78536","79601","80084",
"대구광역시","35-39세","전체","","192925","200516","214279","231435","240082","243605","243111","237880","234460","225857","223231","228928","230039","229035","231578","229313","224248","218336","213462","202908","194420","183694","180170","179571","181128","181077","180942","170181","159654","148085","138392","133800","134358","134586",
"대구광역시","35-39세","여자","","97143","100507","108366","115216","120241","122322","122243","119212","117699","112581","112299","115305","116620","115726","118060","116238","114162","110804","108251","102667","98373","92120","90527","89901","90879","90756","90849","84803","79018","72237","66532","63248","63017","62551",
"대구광역시","35-39세","남자","","95782","100009","105913","116219","119841","121283","120868","118668","116761","113276","110932","113623","113419","113309","113518","113075","110086","107532","105211","100241","96047","91574","89643","89670","90249","90321","90093","85378","80636","75848","71860","70552","71341","72035",
"대구광역시","40-44세","전체","","151873","155291","160586","178505","189198","195468","202685","216426","224449","234261","239296","240180","234700","230088","221252","219086","225216","227181","231100","234322","232063","226719","220367","212572","202133","193535","182292","178142","176720","176972","176933","178313","169366","160502",
"대구광역시","40-44세","여자","","76296","78319","80648","90261","95427","97981","101138","108633","112380","117754","120496","121106","118193","116048","110873","110897","114151","115705","116900","119481","117883","115604","111841","107976","102444","98164","91576","90001","88894","89203","89138","90008","84836","79883",
"대구광역시","40-44세","남자","","75577","76972","79938","88244","93771","97487","101547","107793","112069","116507","118800","119074","116507","114040","110379","108189","111065","111476","114200","114841","114180","111115","108526","104596","99689","95371","90716","88141","87826","87769","87795","88305","84530","80619",
"대구광역시","45-49세","전체","","110812","115731","122354","135538","141783","149466","152399","157191","170019","181135","187638","194927","207787","214781","224639","229892","231689","227797","228549","220174","218113","224025","225721","226102","229689","227611","221978","215245","207119","195583","186869","177801","175279","175353",
"대구광역시","45-49세","여자","","56282","58771","61871","68069","71295","75179","76851","78934","86244","91523","94294","97495","104728","107967","113267","116026","117060","114832","115149","110090","110096","113285","114600","114445","117136","115552","113270","109310","105587","99390","95189","89708","88781","88490",
"대구광역시","45-49세","남자","","54530","56960","60483","67469","70488","74287","75548","78257","83775","89612","93344","97432","103059","106814","111372","113866","114629","112965","113400","110084","108017","110740","111121","111657","112553","112059","108708","105935","101532","96193","91680","88093","86498","86863",
"대구광역시","50-54세","전체","","108453","111854","111410","112956","108725","107847","112761","118856","127592","134315","141834","144871","149328","160529","170889","177358","185178","198771","210338","220394","225835","227212","222925","219409","212076","210111","215395","216711","217091","219286","217211","214573","209258","202226",
"대구광역시","50-54세","여자","","55660","57379","57196","58029","55699","55462","57708","60433","64648","68098","71943","73669","75637","82023","87033","89736","93177","100676","105875","111229","114157","115008","112532","111136","106806","106602","109408","110639","110433","112399","110739","109831","106750","103473",
"대구광역시","50-54세","남자","","52793","54475","54214","54927","53026","52385","55053","58423","62944","66217","69891","71202","73691","78506","83856","87622","92001","98095","104463","109165","111678","112204","110393","108273","105270","103509","105987","106072","106658","106887","106472","104742","102508","98753",
"대구광역시","55-59세","전체","","79910","84256","88518","95687","98970","106302","109145","108541","105664","102162","101637","106362","112114","119619","125877","133021","136168","140836","154698","165471","172285","179790","192756","200244","210139","214566","215748","211538","208388","200158","197931","206226","208923","209933",
"대구광역시","55-59세","여자","","42484","44479","46550","50623","52140","55634","57076","56679","54965","52869","52685","54840","57559","61250","64536","68180","69959","72064","79589","84873","87738","91002","98173","101695","106952","109410","110282","107934","106706","101676","101379","105568","107352","107567",
"대구광역시","55-59세","남자","","37426","39777","41968","45064","46830","50668","52069","51862","50699","49293","48952","51522","54555","58369","61341","64841","66209","68772","75109","80598","84547","88788","94583","98549","103187","105156","105466","103604","101682","98482","96552","100658","101571","102366",
"대구광역시","60-64세","전체","","53641","55853","60765","70318","74674","77801","82021","86150","88185","91868","98759","101727","101050","98042","94715","94632","99319","105035","114143","120395","127718","130680","135165","146287","156761","162923","169974","181981","188566","196207","199967","204750","202149","199843",
"대구광역시","60-64세","여자","","31503","32310","34546","39156","41067","42444","44460","46501","47667","49478","52703","54350","53918","52010","49891","49897","52163","54740","59260","62558","66430","68128","70082","76429","81629","84276","87294","94073","97248","101530","103634","106203","104597","103725",
"대구광역시","60-64세","남자","","22138","23543","26219","31162","33607","35357","37561","39649","40518","42390","46056","47377","47132","46032","44824","44735","47156","50295","54883","57837","61288","62552","65083","69858","75132","78647","82680","87908","91318","94677","96333","98547","97552","96118",
"대구광역시","65-69세","전체","","37658","39156","40889","45642","48262","51270","53618","58647","63770","67919","70959","74779","78632","80386","83890","90589","93534","93219","91978","89457","89825","94589","100243","107406","113421","119995","122776","126816","137391","146084","151373","161230","173381","180034",
"대구광역시","65-69세","여자","","23261","24100","25165","28049","29591","30968","31954","34509","36753","38637","40040","41851","43824","44836","46602","49842","51396","51113","50147","48419","48594","50840","53521","57074","60441","63966","65592","67402","73539","77912","80271","84680","91634","94738",
"대구광역시","65-69세","남자","","14397","15056","15724","17593","18671","20302","21664","24138","27017","29282","30919","32928","34808","35550","37288","40747","42138","42106","41831","41038","41231","43749","46722","50332","52980","56029","57184","59414","63852","68172","71102","76550","81747","85296",
"대구광역시","70-74세","전체","","26186","27453","28634","32146","32702","34125","35897","37867","39532","41972","44748","47222","51582","56080","59720","62808","66407","70306","73030","76974","83681","86649","86765","84843","82739","83333","87824","93006","99674","104441","110119","115122","119566","130261",
"대구광역시","70-74세","여자","","17373","18158","18817","20954","21191","21916","22923","24166","25241","26682","28101","29231","31517","33567","35311","36836","38668","40742","42145","44223","47616","49162","49103","47813","46165","46463","48624","51082","54581","57354","60574","63253","65391","71674",
"대구광역시","70-74세","남자","","8813","9295","9817","11192","11511","12209","12974","13701","14291","15290","16647","17991","20065","22513","24409","25972","27739","29564","30885","32751","36065","37487","37662","37030","36574","36870","39200","41924","45093","47087","49545","51869","54175","58587",
"대구광역시","75-79세","전체","","16970","17301","17817","19723","20426","21436","22741","23906","25205","25781","27099","28893","30583","32095","34427","37167","39530","43448","47888","51513","54550","58111","61803","64041","67796","73961","76762","77106","75602","73387","74040","80401","85577","91933",
"대구광역시","75-79세","여자","","11880","12105","12456","13659","14103","14872","15679","16360","17183","17441","18145","19201","20280","21405","22890","24391","25575","27668","29911","31774","33343","35268","37263","38446","40450","43608","45103","45201","44096","42395","42753","46090","48692","52100",
"대구광역시","75-79세","남자","","5090","5196","5361","6064","6323","6564","7062","7546","8022","8340","8954","9692","10303","10690","11537","12776","13955","15780","17977","19739","21207","22843","24540","25595","27346","30353","31659","31905","31506","30992","31287","34311","36885","39833",
"대구광역시","80세 이상","전체","","13621","-","-","-","-","-","-","-","-","-","-","-","-","-","-","-","-","-","39188","-","-","","","","","","","","","","","","","",
"대구광역시","80세 이상","여자","","10461","-","-","-","-","-","-","-","-","-","-","-","-","-","-","-","-","-","28252","-","-","","","","","","","","","","","","","",
"대구광역시","80세 이상","남자","","3160","-","-","-","-","-","-","-","-","-","-","-","-","-","-","-","-","-","10936","-","-","","","","","","","","","","","","","",
"대구광역시","80-84세","전체","","-","9497","9862","10884","11351","11988","12263","12663","13128","13741","14614","15602","16311","17280","17925","19213","20974","22452","24322","26341","28719","30873","34151","37722","40861","43499","46544","50027","52111","55039","59850","64327","65070","64066",
"대구광역시","80-84세","여자","","-","7148","7405","8059","8348","8784","8989","9225","9554","9914","10568","11286","11691","12305","12696","13443","14633","15639","16985","18329","19732","20944","22756","24634","26399","27854","29639","31665","32796","34479","37046","39746","40072","39202",
"대구광역시","80-84세","남자","","-","2349","2457","2825","3003","3204","3274","3438","3574","3827","4046","4316","4620","4975","5229","5770","6341","6813","7337","8012","8987","9929","11395","13088","14462","15645","16905","18362","19315","20560","22804","24581","24998","24864",
"대구광역시","85세 이상","전체","","-","4734","5082","5822","6251","6623","6908","-","-","-","-","-","-","-","-","-","-","-","14866","-","-","","","","","","","","","","","","","",
"대구광역시","85세 이상","여자","","-","3828","4098","4653","4998","5286","5484","-","-","-","-","-","-","-","-","-","-","-","11267","-","-","","","","","","","","","","","","","",
"대구광역시","85세 이상","남자","","-","906","984","1169","1253","1337","1424","-","-","-","-","-","-","-","-","-","-","-","3599","-","-","","","","","","","","","","","","","",
"대구광역시","85-89세","전체","","-","-","-","-","-","-","-","5322","5535","5864","6250","6385","6701","7041","7471","8234","8921","9535","10541","11078","12212","13332","14454","15560","17073","18958","20525","23031","25554","27742","29248","32561","35436","37194",
"대구광역시","85-89세","여자","","-","-","-","-","-","-","-","4143","4287","4557","4855","4925","5109","5360","5674","6244","6750","7137","7838","8196","8951","9770","10573","11432","12447","13662","14623","16089","17609","18963","19900","22068","23833","24935",
"대구광역시","85-89세","남자","","-","-","-","-","-","-","-","1179","1248","1307","1395","1460","1592","1681","1797","1990","2171","2398","2703","2882","3261","3562","3881","4128","4626","5296","5902","6942","7945","8779","9348","10493","11603","12259",
"대구광역시","90-94세","전체","","-","-","-","-","-","-","-","1521","1567","1659","1786","1820","1997","2073","2229","2425","2574","2748","3163","3476","3868","4326","4627","4909","5237","5795","6423","7092","7739","8479","9140","10471","11724","13154",
"대구광역시","90-94세","여자","","-","-","-","-","-","-","-","1225","1254","1329","1449","1483","1632","1675","1810","1989","2102","2222","2501","2763","3054","3400","3623","3833","4081","4484","4979","5479","6012","6586","6998","7916","8751","9700",
"대구광역시","90-94세","남자","","-","-","-","-","-","-","-","296","313","330","337","337","365","398","419","436","472","526","662","713","814","926","1004","1076","1156","1311","1444","1613","1727","1893","2142","2555","2973","3454",
"대구광역시","95세 이상","전체","","-","-","-","-","-","-","-","298","308","333","360","409","444","464","496","544","559","656","1162","-","-","","","","","","","","","","","","","",
"대구광역시","95세 이상","여자","","-","-","-","-","-","-","-","262","274","296","314","349","377","384","416","456","465","554","928","-","-","","","","","","","","","","","","","",
"대구광역시","95세 이상","남자","","-","-","-","-","-","-","-","36","34","37","46","60","67","80","80","88","94","102","234","-","-","","","","","","","","","","","","","",
"대구광역시","95-99세","전체","","-","-","-","-","-","-","-","-","-","-","-","-","-","-","-","-","-","-","-","825","880","906","993","1098","1183","1303","1452","1521","1690","1643","1690","1961","2242","2472",
"대구광역시","95-99세","여자","","-","-","-","-","-","-","-","-","-","-","-","-","-","-","-","-","-","-","-","678","716","735","795","882","965","1043","1158","1209","1344","1339","1393","1619","1855","2051",
"대구광역시","95-99세","남자","","-","-","-","-","-","-","-","-","-","-","-","-","-","-","-","-","-","-","-","147","164","171","198","216","218","260","294","312","346","304","297","342","387","421",
"대구광역시","100세 이상","전체","","-","-","-","-","-","-","-","-","-","-","-","-","-","-","-","-","-","-","-","374","417","460","501","543","591","615","628","678","733","245","238","265","260","291",
"대구광역시","100세 이상","여자","","-","-","-","-","-","-","-","-","-","-","-","-","-","-","-","-","-","-","-","293","334","360","394","423","456","478","483","520","557","214","213","233","223","244",
"대구광역시","100세 이상","남자","","-","-","-","-","-","-","-","-","-","-","-","-","-","-","-","-","-","-","-","81","83","100","107","120","135","137","145","158","176","31","25","32","37","47",
"인천광역시","계","전체","","2065866","2138426","2200769","2353073","2391824","2445613","2485199","2509086","2545769","2564598","2577989","2570194","2578817","2600495","2624391","2664576","2692696","2710579","2758296","2801274","2843981","2879782","2902608","2925815","2943069","2948542","2954642","2957026","2942828","2948375","2967314","2997410","3021010","3051961",
"인천광역시","계","여자","","1023325","1059581","1089955","1165453","1184846","1211706","1231714","1243029","1261000","1270198","1276490","1273205","1278474","1289736","1301016","1321601","1336223","1345770","1367940","1390294","1412388","1430947","1443534","1455946","1465398","1468945","1472798","1474777","1468885","1472002","1482139","1498394","1511767","1527675",
"인천광역시","계","남자","","1042541","1078845","1110814","1187620","1206978","1233907","1253485","1266057","1284769","1294400","1301499","1296989","1300343","1310759","1323375","1342975","1356473","1364809","1390356","1410980","1431593","1448835","1459074","1469869","1477671","1479597","1481844","1482249","1473943","1476373","1485175","1499016","1509243","1524286",
"인천광역시","0-4세","전체","","197038","205813","211845","218349","212113","207448","199207","188979","183180","173177","161187","149713","141215","131206","125228","127204","126985","126066","128173","133367","135572","136253","136426","134903","130380","121874","115371","107557","96320","88754","85549","82753","81391","82977",
"인천광역시","0-4세","여자","","94632","98437","100416","103460","100584","98377","94640","90159","87785","82992","77155","71848","68055","63403","60613","61627","61429","61117","62231","64856","65907","66282","66437","65605","63620","59488","56292","52326","46809","43010","41655","40289","39741","40464",
"인천광역시","0-4세","남자","","102406","107376","111429","114889","111529","109071","104567","98820","95395","90185","84032","77865","73160","67803","64615","65577","65556","64949","65942","68511","69665","69971","69989","69298","66760","62386","59079","55231","49511","45744","43894","42464","41650","42513",
"인천광역시","5-9세","전체","","175768","176085","179941","189060","195744","205661","212710","216225","218670","212485","204067","194034","185804","180833","172533","162859","155025","146775","135568","131321","133915","133755","133730","136855","139130","138051","135930","134843","132314","128630","123393","119576","113805","106296",
"인천광역시","5-9세","여자","","84997","85042","87067","90987","94262","98921","101917","102720","103893","100697","96948","92494","88818","86598","82754","78123","74517","70711","65605","63633","65005","65007","65027","66663","67720","67216","66120","65691","64469","62820","60232","58307","55440","51713",
"인천광역시","5-9세","남자","","90771","91043","92874","98073","101482","106740","110793","113505","114777","111788","107119","101540","96986","94235","89779","84736","80508","76064","69963","67688","68910","68748","68703","70192","71410","70835","69810","69152","67845","65810","63161","61269","58365","54583",
"인천광역시","10-14세","전체","","184249","192349","191019","195464","187967","182911","180712","182242","185197","191618","198263","202352","205992","208487","205212","200627","193840","186557","181529","174525","164769","157957","150242","139884","134173","135041","133618","132842","134503","137016","137327","137503","138100","138103",
"인천광역시","10-14세","여자","","89408","93473","92728","94806","90979","88557","87265","88079","89244","92367","95336","96944","98057","99223","97598","95485","92411","89220","87132","83927","79126","76205","72691","67806","65033","65641","65020","64630","65463","66764","66872","66912","67285","67362",
"인천광역시","10-14세","남자","","94841","98876","98291","100658","96988","94354","93447","94163","95953","99251","102927","105408","107935","109264","107614","105142","101429","97337","94397","90598","85643","81752","77551","72078","69140","69400","68598","68212","69040","70252","70455","70591","70815","70741",
"인천광역시","15-19세","전체","","153714","153649","159350","176620","188276","197051","203612","200724","196163","188417","181084","176555","177376","179681","186779","195544","201827","205802","209408","206991","202477","196232","189626","184646","177320","166522","158706","150409","139659","134115","135413","134576","134476","137865",
"인천광역시","15-19세","여자","","75234","74932","77805","86284","91866","95985","99128","97641","95292","91240","87762","85313","85748","86522","89887","94047","96919","97928","99683","98468","96393","93558","90822","88739","85486","80119","76626","72823","67674","64977","65853","65553","65572","67266",
"인천광역시","15-19세","남자","","78480","78717","81545","90336","96410","101066","104484","103083","100871","97177","93322","91242","91628","93159","96892","101497","104908","107874","109725","108523","106084","102674","98804","95907","91834","86403","82080","77586","71985","69138","69560","69023","68904","70599",
"인천광역시","20-24세","전체","","195830","195793","193631","198536","191553","187306","180903","182768","189133","199857","207188","210342","204358","197841","189313","182809","179043","179553","181956","189666","199199","206436","210736","213377","210927","205824","199457","192590","185905","177952","167440","160257","153014","142763",
"인천광역시","20-24세","여자","","99526","99133","97631","99303","95661","93545","89507","90128","92991","98200","101371","103076","99880","96386","91724","88501","86429","86909","87642","91310","95750","98804","100265","101605","100340","98051","95247","92520","89599","85804","80484","77325","74229","69354",
"인천광역시","20-24세","남자","","96304","96660","96000","99233","95892","93761","91396","92640","96142","101657","105817","107266","104478","101455","97589","94308","92614","92644","94314","98356","103449","107632","110471","111772","110587","107773","104210","100070","96306","92148","86956","82932","78785","73409",
"인천광역시","25-29세","전체","","238016","242805","242737","247425","248135","248321","242480","233616","226421","216406","211216","201127","199567","203904","211664","218797","223584","215534","208127","198821","190979","187133","187655","188736","195695","203987","210337","215018","215641","213099","209086","203846","198382","195403",
"인천광역시","25-29세","여자","","119979","123966","124416","126329","126410","125392","122434","117096","112896","107086","103925","98130","97417","99464","102786","106002","108688","104814","101141","96656","92820","90739","90979","91191","94313","97815","100456","101972","102584","101413","99874","97863","95643","94364",
"인천광역시","25-29세","남자","","118037","118839","118321","121096","121725","122929","120046","116520","113525","109320","107291","102997","102150","104440","108878","112795","114896","110720","106986","102165","98159","96394","96676","97545","101382","106172","109881","113046","113057","111686","109212","105983","102739","101039",
"인천광역시","30-34세","전체","","269343","273944","275381","276840","265778","261151","264842","261382","259742","259726","257466","248836","241769","234542","224494","220700","213739","213292","218243","228618","235263","240631","231902","222012","209170","196438","189376","187684","185893","193549","205370","215195","222125","227677",
"인천광역시","30-34세","여자","","128211","130958","132617","134559","129875","129369","132716","131588","130664","130900","128118","123307","119249","115626","110191","108325","104050","103776","105884","111247","114505","117301","113160","107957","101539","95254","91477","90514","89166","92694","97934","102523","105474","108171",
"인천광역시","30-34세","남자","","141132","142986","142764","142281","135903","131782","132126","129794","129078","128826","129348","125529","122520","118916","114303","112375","109689","109516","112359","117371","120758","123330","118742","114055","107631","101184","97899","97170","96727","100855","107436","112672","116651","119506",
"인천광역시","35-39세","전체","","185736","206184","224682","249656","265674","277099","279122","277723","272140","261910","253523","252988","251451","251158","255957","257986","255212","250671","246612","239548","235828","228943","229358","233886","240973","243227","244293","233505","220253","208542","199892","197890","199975","203850",
"인천광역시","35-39세","여자","","86810","96408","105414","117603","125710","131595","133349","133480","131733","127375","125013","125938","125820","125592","128066","127946","126106","123116","120652","116704","115039","110941","111410","113586","117195","118047","118751","113529","106955","101118","96794","95280","96194","97918",
"인천광역시","35-39세","남자","","98926","109776","119268","132053","139964","145504","145773","144243","140407","134535","128510","127050","125631","125566","127891","130040","129106","127555","125960","122844","120789","118002","117948","120300","123778","125180","125542","119976","113298","107424","103098","102610","103781","105932",
"인천광역시","40-44세","전체","","116368","122268","133026","156574","176599","191475","210950","228062","244337","259221","266977","264271","262519","257840","250864","247023","251926","252717","257463","263866","266693","265472","261657","255538","245705","238671","229271","228917","230810","238044","243905","249834","242862","235107",
"인천광역시","40-44세","여자","","53414","56433","61718","73236","83026","90356","99568","108130","115956","123633","127884","127265","127147","125614","122537","121909","125462","126352","128140","131460","131757","130833","128049","124930","119686","116538","111406","111403","112259","115588","118182","121058","117694","113537",
"인천광역시","40-44세","남자","","62954","65835","71308","83338","93573","101119","111382","119932","128381","135588","139093","137006","135372","132226","128327","125114","126464","126365","129323","132406","134936","134639","133608","130608","126019","122133","117865","117514","118551","122456","125723","128776","125168","121570",
"인천광역시","45-49세","전체","","88500","94577","101298","114056","114898","122879","128127","137866","154799","173818","186293","202410","217642","232304","247624","257775","259570","260365","261281","255109","251593","257450","259413","260567","266469","267913","265452","261044","253167","243022","237943","230946","232731","239075",
"인천광역시","45-49세","여자","","42222","44808","47789","53730","54026","57540","60218","65012","73654","82866","89201","96961","104671","111751","119447","124717","125937","127062","127595","124852","124329","128338","129929","130406","133449","133108","131536","128415","124316","118956","116589","112472","113269","116092",
"인천광역시","45-49세","남자","","46278","49769","53509","60326","60872","65339","67909","72854","81145","90952","97092","105449","112971","120553","128177","133058","133633","133303","133686","130257","127264","129112","129484","130161","133020","134805","133916","132629","128851","124066","121354","118474","119462","122983",
"인천광역시","50-54세","전체","","78716","81667","83146","91091","92944","95710","101114","107191","113333","113703","120711","124124","132696","148476","166647","180298","198435","214801","233858","250786","261252","263951","264765","261515","254636","250231","255057","256818","256870","262497","264855","264643","262005","257306",
"인천광역시","50-54세","여자","","39574","40985","41307","44948","45616","46695","49010","51570","54293","54405","57587","59433","63702","71757","80562","87459","96284","104356","113164","121863","127286","128803","129835","128760","125798","124793","128205","129479","129176","132119","132178","131741","129614","127036",
"인천광역시","50-54세","남자","","39142","40682","41839","46143","47328","49015","52104","55621","59040","59298","63124","64691","68994","76719","86085","92839","102151","110445","120694","128923","133966","135148","134930","132755","128838","125438","126852","127339","127694","130378","132677","132902","132391","130270",
"인천광역시","55-59세","전체","","59797","63700","67699","76048","79525","86467","88687","89248","90263","91605","93741","97883","103342","109078","109718","117105","121710","131004","149517","168219","182204","200870","217535","232604","247951","256870","259172","259776","255297","248472","244796","251390","254578","258084",
"인천광역시","55-59세","여자","","32700","34225","35949","39871","41245","44489","45420","45360","45475","45867","46617","48240","50781","53387","53550","56889","59362","64003","73232","82419","89537","98681","107035","114354","121977","126634","127958","128716","126954","123720","122987","127406","129447","130941",
"인천광역시","55-59세","남자","","27097","29475","31750","36177","38280","41978","43267","43888","44788","45738","47124","49643","52561","55691","56168","60216","62348","67001","76285","85800","92667","102189","110500","118250","125974","130236","131214","131060","128343","124752","121809","123984","125131","127143",
"인천광역시","60-64세","전체","","43609","45650","48043","57472","61716","65133","69078","72698","74075","77029","83438","84899","85537","86543","88418","90969","95940","101759","108756","109909","117178","122228","131612","148387","166285","178869","195927","211475","224713","239252","248495","251944","254197","252443",
"인천광역시","60-64세","여자","","26191","27184","28259","33000","34967","36260","37791","39368","39868","41138","44177","44684","44545","44668","45317","46367","48536","51155","54312","54816","58044","60767","65395","74336","83248","89642","97975","105745","112315","119578","124415","126290","127861","127308",
"인천광역시","60-64세","남자","","17418","18466","19784","24472","26749","28873","31287","33330","34207","35891","39261","40215","40992","41875","43101","44602","47404","50604","54444","55093","59134","61461","66217","74051","83037","89227","97952","105730","112398","119674","124080","125654","126336","125135",
"인천광역시","65-69세","전체","","32378","33532","35578","41670","43536","46158","48543","51025","54674","58378","61271","64514","67855","69548","73222","80031","82387","83104","84886","87055","89855","95278","101377","107447","108013","114703","119105","127795","143166","159876","171968","189467","205697","220917",
"인천광역시","65-69세","여자","","20028","20930","22243","25851","26885","28363","29638","30739","32284","34037","35124","36378","37968","38773","40463","43812","44693","44679","45030","45728","46842","49314","52146","54981","55218","58267","60675","65103","73303","81893","88232","97037","105189","112802",
"인천광역시","65-69세","남자","","12350","12602","13335","15819","16651","17795","18905","20286","22390","24341","26147","28136","29887","30775","32759","36219","37694","38425","39856","41327","43013","45964","49231","52466","52795","56436","58430","62692","69863","77983","83736","92430","100508","108115",
"인천광역시","70-74세","전체","","22972","25003","26300","30915","31892","32577","33813","35680","37669","39368","41423","43237","45561","49257","53326","56591","60322","63956","66186","69834","76637","78991","80098","81709","83667","86334","91638","97219","102525","102577","108880","113644","122684","138548",
"인천광역시","70-74세","여자","","13989","15228","16149","19158","20082","20766","21759","23022","24201","25123","26344","27288","28414","30087","32208","33667","35407","37175","38148","39713","43188","44014","44166","44579","45270","46365","48745","51458","53988","53921","56825","59491","64284","72902",
"인천광역시","70-74세","남자","","8983","9775","10151","11757","11810","11811","12054","12658","13468","14245","15079","15949","17147","19170","21118","22924","24915","26781","28038","30121","33449","34977","35932","37130","38397","39969","42893","45761","48537","48656","52055","54153","58400","65646",
"인천광역시","75-79세","전체","","13433","14119","15245","18590","19645","21323","23315","24552","25471","26170","26673","27641","29364","31308","33259","35654","37865","40302","43893","47855","50974","54839","58456","60438","63942","70435","72754","73919","74978","76667","79219","84181","89836","95479",
"인천광역시","75-79세","여자","","8894","9342","9939","11835","12415","13474","14708","15671","16556","17297","17758","18578","19772","21022","22164","23668","24924","26121","27843","30024","31485","33451","35277","36226","37881","41242","42177","42424","42647","43112","44148","46498","49357","52251",
"인천광역시","75-79세","남자","","4539","4777","5306","6755","7230","7849","8607","8881","8915","8873","8915","9063","9592","10286","11095","11986","12941","14181","16050","17831","19489","21388","23179","24212","26061","29193","30577","31495","32331","33555","35071","37683","40479","43228",
"인천광역시","80세 이상","전체","","10399","-","-","-","-","-","-","-","-","-","-","-","-","-","-","-","-","-","42840","-","-","","","","","","","","","","","","","",
"인천광역시","80세 이상","여자","","7516","-","-","-","-","-","-","-","-","-","-","-","-","-","-","-","-","-","30506","-","-","","","","","","","","","","","","","",
"인천광역시","80세 이상","남자","","2883","-","-","-","-","-","-","-","-","-","-","-","-","-","-","-","-","-","12334","-","-","","","","","","","","","","","","","",
"인천광역시","80-84세","전체","","-","7578","7773","9550","10173","10868","11490","12312","13182","13892","15081","16467","17332","18254","18981","20095","21310","23142","25321","27090","29237","31163","33564","36796","40199","42704","45891","49187","50873","53953","59206","61416","62700","64156",
"인천광역시","80-84세","여자","","-","5144","5344","6566","7017","7527","7856","8272","8824","9242","9994","10892","11584","12441","13135","14058","15070","16335","17813","18924","20351","21447","22768","24488","26449","27727","29431","31170","32024","33658","36635","37594","38060","38538",
"인천광역시","80-84세","남자","","-","2434","2429","2984","3156","3341","3634","4040","4358","4650","5087","5575","5748","5813","5846","6037","6240","6807","7508","8166","8886","9716","10796","12308","13750","14977","16460","18017","18849","20295","22571","23822","24640","25618",
"인천광역시","85세 이상","전체","","-","3710","4075","5157","5656","6075","6494","-","-","-","-","-","-","-","-","-","-","-","17519","-","-","","","","","","","","","","","","","",
"인천광역시","85세 이상","여자","","-","2953","3164","3927","4220","4495","4790","-","-","-","-","-","-","-","-","-","-","-","12693","-","-","","","","","","","","","","","","","",
"인천광역시","85세 이상","남자","","-","757","911","1230","1436","1580","1704","-","-","-","-","-","-","-","-","-","-","-","4826","-","-","","","","","","","","","","","","","",
"인천광역시","85-89세","전체","","-","-","-","-","-","-","-","5025","5370","5689","6047","6399","6888","7488","8187","9156","10322","11143","12241","12834","13789","14791","16387","17854","19157","20725","22260","24152","26631","28900","30450","32981","35652","37256",
"인천광역시","85-89세","여자","","-","-","-","-","-","-","-","3592","3887","4126","4420","4651","4909","5318","5742","6411","7177","7864","8798","9357","10136","10990","12152","13220","14077","15187","16199","17362","18798","20232","21086","22679","24297","25202",
"인천광역시","85-89세","남자","","-","-","-","-","-","-","-","1433","1483","1563","1627","1748","1979","2170","2445","2745","3145","3279","3443","3477","3653","3801","4235","4634","5080","5538","6061","6790","7833","8668","9364","10302","11355","12054",
"인천광역시","90-94세","전체","","-","-","-","-","-","-","-","1438","1626","1786","1941","1981","2071","2218","2373","2671","2942","3264","3908","4397","4897","5601","6058","6434","6799","7439","8069","9051","9854","10569","11119","12064","13112","14613",
"인천광역시","90-94세","여자","","-","-","-","-","-","-","-","1104","1210","1308","1418","1433","1561","1711","1819","2057","2268","2463","2873","3216","3605","4077","4478","4850","5235","5779","6277","7044","7690","8279","8721","9348","10083","11138",
"인천광역시","90-94세","남자","","-","-","-","-","-","-","-","334","416","478","523","548","510","507","554","614","674","801","1035","1181","1292","1524","1580","1584","1564","1660","1792","2007","2164","2290","2398","2716","3029","3475",
"인천광역시","95세 이상","전체","","-","-","-","-","-","-","-","330","324","343","399","421","478","529","592","682","712","772","1370","-","-","","","","","","","","","","","","","",
"인천광역시","95세 이상","여자","","-","-","-","-","-","-","-","298","294","299","338","352","376","393","453","531","554","614","1022","-","-","","","","","","","","","","","","","",
"인천광역시","95세 이상","남자","","-","-","-","-","-","-","-","32","30","44","61","69","102","136","139","151","158","158","348","-","-","","","","","","","","","","","","","",
"인천광역시","95-99세","전체","","-","-","-","-","-","-","-","-","-","-","-","-","-","-","-","-","-","-","-","1004","1158","1233","1393","1526","1724","1893","2132","2342","2487","2472","2585","2813","3182","3494",
"인천광역시","95-99세","여자","","-","-","-","-","-","-","-","-","-","-","-","-","-","-","-","-","-","-","-","782","903","969","1056","1151","1307","1433","1595","1801","1986","2013","2096","2337","2623","2858",
"인천광역시","95-99세","남자","","-","-","-","-","-","-","-","-","-","-","-","-","-","-","-","-","-","-","-","222","255","264","337","375","417","460","537","541","501","459","489","476","559","636",
"인천광역시","100세 이상","전체","","-","-","-","-","-","-","-","-","-","-","-","-","-","-","-","-","-","-","-","459","512","575","618","701","754","791","826","883","969","417","423","491","506","549",
"인천광역시","100세 이상","여자","","-","-","-","-","-","-","-","-","-","-","-","-","-","-","-","-","-","-","-","339","380","426","457","513","557","599","630","652","710","333","347","391","411","458",
"인천광역시","100세 이상","남자","","-","-","-","-","-","-","-","-","-","-","-","-","-","-","-","-","-","-","-","120","132","149","161","188","197","192","196","231","259","84","76","100","95","91",
"광주광역시","계","전체","","1223784","1248670","1272515","1285633","1300195","1323863","1339441","1356612","1371909","1383765","1397452","1395762","1401172","1401745","1407798","1413444","1422702","1433640","1454636","1463464","1469216","1472910","1475884","1472199","1469214","1463770","1459336","1456468","1450062","1441611","1431050","1419237","1408422","1392013",
"광주광역시","계","여자","","617008","629511","641162","647719","655323","667267","674275","682759","690339","696498","703515","702613","705693","706058","709134","711883","716885","722549","732856","737858","740810","742694","744545","742537","741077","738475","736755","735728","732714","728596","723751","718341","713198","705214",
"광주광역시","계","남자","","606776","619159","631353","637914","644872","656596","665166","673853","681570","687267","693937","693149","695479","695687","698664","701561","705817","711091","721780","725606","728406","730216","731339","729662","728137","725295","722581","720740","717348","713015","707299","700896","695224","686799",
"광주광역시","0-4세","전체","","97453","102574","107014","110651","110935","111433","109139","106725","104772","101282","95792","89811","84720","77189","73046","72477","70830","70512","71779","72463","71734","70889","70060","68003","65365","61273","57971","53932","48770","45349","42499","38916","36090","34619",
"광주광역시","0-4세","여자","","46358","48650","50504","52497","52687","53132","52199","51258","50192","48583","45832","42838","40323","36950","34914","34637","34163","33983","34655","35011","34793","34282","33934","32919","31800","29816","28149","26265","23880","22182","20808","19142","17746","16979",
"광주광역시","0-4세","남자","","51095","53924","56510","58154","58248","58301","56940","55467","54580","52699","49960","46973","44397","40239","38132","37840","36667","36529","37124","37452","36941","36607","36126","35084","33565","31457","29822","27667","24890","23167","21691","19774","18344","17640",
"광주광역시","5-9세","전체","","96625","93348","92557","92822","96255","101978","106031","110541","114566","115700","116011","113926","111674","109656","106131","99770","94896","89830","82562","78350","77910","76086","75096","75697","75592","74600","73306","72587","70922","68716","64478","60863","56747","51537",
"광주광역시","5-9세","여자","","46698","45099","44749","44788","46190","48683","50330","52210","54384","54938","55297","54458","53571","52386","50852","47670","45276","42933","39499","37506","37249","36670","36260","36571","36541","36076","35455","35170","34325","33367","31387","29609","27702","25287",
"광주광역시","5-9세","남자","","49927","48249","47808","48034","50065","53295","55701","58331","60182","60762","60714","59468","58103","57270","55279","52100","49620","46897","43063","40844","40661","39416","38836","39126","39051","38524","37851","37417","36597","35349","33091","31254","29045","26250",
"광주광역시","10-14세","전체","","128831","130383","124985","119295","111844","104771","99993","98158","98445","101927","107447","111281","115776","119323","120121","119328","118308","115920","114329","110274","103494","97957","92099","83692","78816","78062","75844","74518","75106","75021","74173","73025","72239","70435",
"광주광역시","10-14세","여자","","61773","62883","60046","57268","53718","50456","48242","47477","47424","48941","51309","52883","54808","56743","57170","56993","56659","55735","54785","53033","49716","46918","44147","40131","37800","37387","36601","35964","36285","36319","35881","35373","35063","34165",
"광주광역시","10-14세","남자","","67058","67500","64939","62027","58126","54315","51751","50681","51021","52986","56138","58398","60968","62580","62951","62335","61649","60185","59544","57241","53778","51039","47952","43561","41016","40675","39243","38554","38821","38702","38292","37652","37176","36270",
"광주광역시","15-19세","전체","","126678","123416","124223","125830","128199","130036","131124","125368","119760","112426","105710","100622","99471","98899","101816","106315","110566","114862","119005","119888","119385","118116","115572","113313","108788","101745","96043","89913","82038","77383","76684","74500","73179","73587",
"광주광역시","15-19세","여자","","61697","59742","60290","60975","62256","62854","63738","60680","57957","54478","51345","48879","48332","47696","48938","50884","52700","54452","56773","57115","57037","56645","55738","54465","52360","48884","46104","43089","39401","37228","36840","35964","35394","35629",
"광주광역시","15-19세","남자","","64981","63674","63933","64855","65943","67182","67386","64688","61803","57948","54365","51743","51139","51203","52878","55431","57866","60410","62232","62773","62348","61471","59834","58848","56428","52861","49939","46824","42637","40155","39844","38536","37785","37958",
"광주광역시","20-24세","전체","","134397","135300","137379","134010","129733","128129","124515","124231","125783","127544","129824","129171","123308","116378","108644","101334","96981","95604","95380","97950","102066","105866","109635","112422","113334","112384","111295","108958","107097","103128","96222","90809","85073","77358",
"광주광역시","20-24세","여자","","67839","68204","69095","67093","64692","64024","61739","61999","62787","63653","64543","64095","60586","56624","52764","49193","47182","46580","46071","47178","48770","50352","51778","53285","53494","53167","52893","52199","51215","49543","46241","43397","40624","36957",
"광주광역시","20-24세","남자","","66558","67096","68284","66917","65041","64105","62776","62232","62996","63891","65281","65076","62722","59754","55880","52141","49799","49024","49309","50772","53296","55514","57857","59137","59840","59217","58402","56759","55882","53585","49981","47412","44449","40401",
"광주광역시","25-29세","전체","","120058","124120","127464","129563","131564","134119","134693","135965","131700","126885","124758","117836","116156","116371","117809","118017","118844","114159","109517","103093","95516","90524","87905","86264","88068","91226","94448","98490","102278","103344","102397","100096","96960","93204",
"광주광역시","25-29세","여자","","59054","61182","62962","63880","65624","66919","66937","67437","65601","63185","62103","58531","58077","58397","59022","58931","59269","56390","53928","50777","47025","44470","43155","41976","42559","43754","45120","46856","48825","49148","48797","47784","46456","44526",
"광주광역시","25-29세","남자","","61004","62938","64502","65683","65940","67200","67756","68528","66099","63700","62655","59305","58079","57974","58787","59086","59575","57769","55589","52316","48491","46054","44750","44288","45509","47472","49328","51634","53453","54196","53600","52312","50504","48678",
"광주광역시","30-34세","전체","","118850","121612","120667","118105","117728","120331","123605","126457","128510","131144","132264","129875","129395","124903","120733","117611","113219","112646","115020","116715","117306","117815","112253","105394","97913","90203","85102","83055","82132","84397","87822","89946","92591","94668",
"광주광역시","30-34세","여자","","59045","59985","59029","57731","57308","58802","60753","62468","63294","65121","65834","64754","64658","62515","60342","58874","56386","56478","57656","58554","58625","58811","55608","52061","48078","44247","41674","40584","39832","40737","42156","42886","43790","44940",
"광주광역시","30-34세","남자","","59805","61627","61638","60374","60420","61529","62852","63989","65216","66023","66430","65121","64737","62388","60391","58737","56833","56168","57364","58161","58681","59004","56645","53333","49835","45956","43428","42471","42300","43660","45666","47060","48801","49728",
"광주광역시","35-39세","전체","","92170","99646","107267","113292","118969","121570","122767","121942","120243","120104","121286","123846","125290","127331","130109","131206","130043","130763","128783","124954","122002","117030","115567","115642","115482","115319","115318","109888","103735","96792","89595","84129","81171","78982",
"광주광역시","35-39세","여자","","46480","50387","54405","57332","60266","61287","61320","60482","59602","59192","60233","61722","62766","63567","65312","65922","65422","65759","64659","62670","61249","58436","57971","58010","58070","57833","57680","54547","51166","47669","44090","41342","39756","38338",
"광주광역시","35-39세","남자","","45690","49259","52862","55960","58703","60283","61447","61460","60641","60912","61053","62124","62524","63764","64797","65284","64621","65004","64124","62284","60753","58594","57596","57632","57412","57486","57638","55341","52569","49123","45505","42787","41415","40644",
"광주광역시","40-44세","전체","","74730","75006","76973","81497","86338","91724","98570","106029","113085","119397","121316","122248","120920","118126","118050","119276","123241","126061","130349","133409","134802","133580","133944","129478","124435","120744","115246","113414","113951","114283","114453","114258","108425","101738",
"광주광역시","40-44세","여자","","37618","37985","39003","41488","43772","46541","49981","53663","57134","60383","61208","61435","60428","59089","58753","59480","61687","63160","65033","66883","67618","67134","67304","65123","62517","60749","57830","57126","57409","57563","57413","57211","53914","50489",
"광주광역시","40-44세","남자","","37112","37021","37970","40009","42566","45183","48589","52366","55951","59014","60108","60813","60492","59037","59297","59796","61554","62901","65316","66526","67184","66446","66640","64355","61918","59995","57416","56288","56542","56720","57040","57047","54511","51249",
"광주광역시","45-49세","전체","","58450","61958","65895","68339","69568","71126","71538","73225","78402","83156","88721","95237","102322","108741","114239","116398","118515","117872","118067","118440","119678","123573","126146","128571","131518","132460","131145","131152","126916","121884","118287","113001","111086","111233",
"광주광역시","45-49세","여자","","29095","31018","33107","34573","35296","36086","36288","37107","39851","42067","44831","48135","51816","55044","57895","58843","59583","59031","58997","58888","59660","61829","63281","64385","66283","66752","66109","66057","63913","61221","59598","56813","56070","56162",
"광주광역시","45-49세","남자","","29355","30940","32788","33766","34272","35040","35250","36118","38551","41089","43890","47102","50506","53697","56344","57555","58932","58841","59070","59552","60018","61744","62865","64186","65235","65708","65036","65095","63003","60663","58689","56188","55016","55071",
"광주광역시","50-54세","전체","","54626","54720","55053","54813","54664","55015","58381","62056","65237","66469","67723","67877","69311","74176","78778","83960","91243","98644","106920","112801","115124","116876","116267","114478","114620","115793","119457","122103","124383","126905","127993","126979","126940","122439",
"광주광역시","50-54세","여자","","27542","27648","27892","27768","27551","28012","29765","31618","33222","33976","34515","34667","35409","38023","40163","42720","46428","50217","54253","57383","58412","59018","58439","57506","57194","58044","60094","61517","62524","64086","64492","64026","63895","61573",
"광주광역시","50-54세","남자","","27084","27072","27161","27045","27113","27003","28616","30438","32015","32493","33208","33210","33902","36153","38615","41240","44815","48427","52667","55418","56712","57858","57828","56972","57426","57749","59363","60586","61859","62819","63501","62953","63045","60866",
"광주광역시","55-59세","전체","","38311","40775","42926","43643","46585","51178","51563","52099","52525","52375","52650","55621","58931","61619","62813","64021","64668","66389","72578","77326","82588","89325","96569","102888","108294","110142","111827","111177","109439","108859","109886","113695","116214","118252",
"광주광역시","55-59세","여자","","20494","21549","22531","23036","24490","26571","26677","26920","26890","26600","26939","28476","30240","31686","32443","32920","33332","34155","37429","39698","42349","45765","49514","52707","55593","56322","56914","56310","55438","54695","55421","57581","58936","59738",
"광주광역시","55-59세","남자","","17817","19226","20395","20607","22095","24607","24886","25179","25635","25775","25711","27145","28691","29933","30370","31101","31336","32234","35149","37628","40239","43560","47055","50181","52701","53820","54913","54867","54001","54164","54465","56114","57278","58514",
"광주광역시","60-64세","전체","","27546","28611","29924","31663","33437","35729","38151","40305","41556","44482","48889","48988","49292","49644","49707","49908","52895","56295","59890","61390","62879","63399","64949","69968","74417","78957","85148","91802","97629","102259","103591","105142","104727","102702",
"광주광역시","60-64세","여자","","16027","16638","17220","17785","18634","19765","20774","21724","22356","23787","25774","25818","25951","25936","25724","25911","27366","29270","31188","32111","32795","33164","33885","36532","38639","40849","44025","47523","50512","53135","53751","54356","53848","52689",
"광주광역시","60-64세","남자","","11519","11973","12704","13878","14803","15964","17377","18581","19200","20695","23115","23170","23341","23708","23983","23997","25529","27025","28702","29279","30084","30235","31064","33436","35778","38108","41123","44279","47117","49124","49840","50786","50879","50013",
"광주광역시","65-69세","전체","","20117","20485","22497","23683","24720","25468","26466","27926","29669","31431","33591","35704","37462","38661","41556","45814","46085","46618","47518","47795","48397","51426","54695","57380","58451","59718","60133","61567","66155","69865","73741","79590","85910","91312",
"광주광역시","65-69세","여자","","12183","12215","13531","14368","15045","15401","15894","16600","17218","18079","19101","19978","20832","21503","22896","24866","24981","25123","25488","25357","25739","27249","29018","30449","31172","31771","32113","32767","35221","36964","38981","42033","45472","48371",
"광주광역시","65-69세","남자","","7934","8270","8966","9315","9675","10067","10572","11326","12451","13352","14490","15726","16630","17158","18660","20948","21104","21495","22030","22438","22658","24177","25677","26931","27279","27947","28020","28800","30934","32901","34760","37557","40438","42941",
"광주광역시","70-74세","전체","","14891","16097","16327","16636","17073","17584","17953","19921","21237","22063","22760","23822","25043","26726","28569","30446","32648","34558","36019","38838","43021","43555","44029","44455","44765","45257","48017","51083","53570","54408","55443","55796","57181","61489",
"광주광역시","70-74세","여자","","9875","10697","10700","10779","10982","11142","11238","12507","13399","13978","14264","14863","15444","16069","17035","17959","19059","19985","20710","22133","24153","24339","24479","24475","24370","24716","26187","27921","29318","29887","30381","30692","31347","33612",
"광주광역시","70-74세","남자","","5016","5400","5627","5857","6091","6442","6715","7414","7838","8085","8496","8959","9599","10657","11534","12487","13589","14573","15309","16705","18868","19216","19550","19980","20395","20541","21830","23162","24252","24521","25062","25104","25834","27877",
"광주광역시","75-79세","전체","","9975","10140","10327","10832","11187","12029","13082","13463","13760","14098","14476","14797","16495","17659","18626","19467","20510","21890","23729","25409","27320","29172","30913","32034","34529","38487","38983","39612","39971","40139","40626","43332","46342","48636",
"광주광역시","75-79세","여자","","7108","7207","7268","7607","7795","8426","9117","9177","9290","9415","9599","9675","10826","11649","12327","12753","13310","14047","14858","15850","16833","17688","18573","19122","20396","22352","22546","22793","22789","22644","23015","24524","26244","27567",
"광주광역시","75-79세","남자","","2867","2933","3059","3225","3392","3603","3965","4286","4470","4683","4877","5122","5669","6010","6299","6714","7200","7843","8871","9559","10487","11484","12340","12912","14133","16135","16437","16819","17182","17495","17611","18808","20098","21069",
"광주광역시","80세 이상","전체","","10076","-","-","-","-","-","-","-","-","-","-","-","-","-","-","-","-","-","23191","-","-","","","","","","","","","","","","","",
"광주광역시","80세 이상","여자","","8122","-","-","-","-","-","-","-","-","-","-","-","-","-","-","-","-","-","16874","-","-","","","","","","","","","","","","","",
"광주광역시","80세 이상","남자","","1954","-","-","-","-","-","-","-","-","-","-","-","-","-","-","-","-","-","6317","-","-","","","","","","","","","","","","","",
"광주광역시","80-84세","전체","","-","6337","6645","6514","6772","6914","7015","7205","7615","7997","8688","9488","9649","9977","10279","10797","11264","12674","13909","14654","15460","16404","17714","19112","20527","22098","23763","25281","26441","28532","31601","31943","32503","33128",
"광주광역시","80-84세","여자","","-","4927","5135","5024","5169","5221","5255","5332","5612","5802","6301","6869","6882","7106","7252","7555","7791","8746","9629","10171","10662","11261","11982","12601","13395","14243","15107","15842","16445","17571","19176","19290","19530","19750",
"광주광역시","80-84세","남자","","-","1410","1510","1490","1603","1693","1760","1873","2003","2195","2387","2619","2767","2871","3027","3242","3473","3928","4280","4483","4798","5143","5732","6511","7132","7855","8656","9439","9996","10961","12425","12653","12973","13378",
"광주광역시","85세 이상","전체","","-","4142","4392","4445","4624","4729","4855","-","-","-","-","-","-","-","-","-","-","-","9282","-","-","","","","","","","","","","","","","",
"광주광역시","85세 이상","여자","","-","3495","3695","3727","3848","3945","4028","-","-","-","-","-","-","-","-","-","-","-","7245","-","-","","","","","","","","","","","","","",
"광주광역시","85세 이상","남자","","-","647","697","718","776","784","827","-","-","-","-","-","-","-","-","-","-","-","2037","-","-","","","","","","","","","","","","","",
"광주광역시","85-89세","전체","","-","-","-","-","-","-","-","3560","3549","3720","3883","3955","4155","4486","4799","5204","5749","5954","6369","6603","7100","7481","8518","9234","9843","10458","11157","12193","13230","14104","15081","16242","17251","18201",
"광주광역시","85-89세","여자","","-","-","-","-","-","-","-","2864","2836","2971","3057","3085","3188","3470","3669","4005","4440","4503","4799","4926","5263","5470","6247","6820","7208","7609","8035","8661","9231","9732","10251","10876","11433","11984",
"광주광역시","85-89세","남자","","-","-","-","-","-","-","-","696","713","749","826","870","967","1016","1130","1199","1309","1451","1570","1677","1837","2011","2271","2414","2635","2849","3122","3532","3999","4372","4830","5366","5818","6217",
"광주광역시","90-94세","전체","","-","-","-","-","-","-","-","1123","1172","1243","1325","1314","1453","1499","1554","1652","1749","1865","2114","2311","2591","2923","2986","3111","3277","3568","3737","4324","4787","4994","5215","5616","6222","6757",
"광주광역시","90-94세","여자","","-","-","-","-","-","-","-","947","997","1059","1125","1140","1244","1268","1283","1374","1444","1529","1759","1916","2122","2390","2385","2477","2585","2807","2942","3341","3710","3847","4005","4294","4695","5017",
"광주광역시","90-94세","남자","","-","-","-","-","-","-","-","176","175","184","200","174","209","231","271","278","305","336","355","395","469","533","601","634","692","761","795","983","1077","1147","1210","1322","1527","1740",
"광주광역시","95세 이상","전체","","-","-","-","-","-","-","-","313","323","322","338","343","349","381","419","443","448","524","799","-","-","","","","","","","","","","","","","",
"광주광역시","95세 이상","여자","","-","-","-","-","-","-","-","289","293","290","305","312","312","337","380","393","407","473","687","-","-","","","","","","","","","","","","","",
"광주광역시","95세 이상","남자","","-","-","-","-","-","-","-","24","30","32","33","31","37","44","39","50","41","51","112","-","-","","","","","","","","","","","","","",
"광주광역시","95-99세","전체","","-","-","-","-","-","-","-","-","-","-","-","-","-","-","-","-","-","-","-","539","576","643","667","749","825","931","1025","1020","1088","1072","1090","1152","1390","1550",
"광주광역시","95-99세","여자","","-","-","-","-","-","-","-","-","-","-","-","-","-","-","-","-","-","-","-","467","507","564","578","641","707","790","847","846","906","903","910","958","1127","1275",
"광주광역시","95-99세","남자","","-","-","-","-","-","-","-","-","-","-","-","-","-","-","-","-","-","-","-","72","69","79","89","108","118","141","178","174","182","169","180","194","263","275",
"광주광역시","100세 이상","전체","","-","-","-","-","-","-","-","-","-","-","-","-","-","-","-","-","-","-","-","262","267","270","300","314","355","345","371","399","424","177","173","207","181","186",
"광주광역시","100세 이상","여자","","-","-","-","-","-","-","-","-","-","-","-","-","-","-","-","-","-","-","-","231","233","239","269","281","316","307","330","350","369","155","157","190","156","166",
"광주광역시","100세 이상","남자","","-","-","-","-","-","-","-","-","-","-","-","-","-","-","-","-","-","-","-","31","34","31","31","33","39","38","41","49","55","22","16","17","25","20",
"대전광역시","계","전체","","1134843","1189039","1232823","1265081","1293760","1318212","1341413","1363546","1385606","1403164","1419573","1432296","1443471","1454638","1466158","1475659","1480895","1484180","1503664","1515603","1524583","1532811","1531809","1518775","1514370","1502227","1489936","1474870","1463882","1452251","1446072","1442216","1439157","1440729",
"대전광역시","계","여자","","562748","589821","612450","628525","642623","655152","666850","678086","689725","698675","706920","713328","718883","724820","730563","736187","739284","741059","750016","756415","760912","765502","765312","758997","757081","751258","745598","738263","733183","727625","724827","722924","721866","722793",
"대전광역시","계","남자","","572095","599218","620373","636556","651137","663060","674563","685460","695881","704489","712653","718968","724588","729818","735595","739472","741611","743121","753648","759188","763671","767309","766497","759778","757289","750969","744338","736607","730699","724626","721245","719292","717291","717936",
"대전광역시","0-4세","전체","","91145","97804","103642","107281","107701","106172","104052","101564","99355","95621","91111","86800","83083","77568","74956","74858","73673","72039","72991","74384","74414","74283","73475","70857","68212","63201","58676","53424","47684","43471","41613","39731","38254","38115",
"대전광역시","0-4세","여자","","41964","45182","48111","49980","50264","49803","49056","48246","47512","45829","43526","41502","39843","37235","35993","36204","35628","34854","35326","36082","35914","36066","35668","34444","33082","30624","28422","25991","23225","21135","20243","19283","18424","18396",
"대전광역시","0-4세","남자","","49181","52622","55531","57301","57437","56369","54996","53318","51843","49792","47585","45298","43240","40333","38963","38654","38045","37185","37665","38302","38500","38217","37807","36413","35130","32577","30254","27433","24459","22336","21370","20448","19830","19719",
"대전광역시","5-9세","전체","","92421","92690","94495","95839","99132","102696","105998","109076","112248","112141","111600","109869","107043","104836","101363","96072","91512","86882","80731","77818","77850","77106","75187","74192","73864","72017","69821","68405","66845","64077","60620","56996","53259","48661",
"대전광역시","5-9세","여자","","44004","43712","44288","44607","46089","47742","49313","50752","52452","52417","52355","51778","50742","50114","48571","45902","43820","41687","38682","37416","37698","37293","36424","36027","35850","34924","33936","33238","32482","31118","29453","27654","25974","23724",
"대전광역시","5-9세","남자","","48417","48978","50207","51232","53043","54954","56685","58324","59796","59724","59245","58091","56301","54722","52792","50170","47692","45195","42049","40402","40152","39813","38763","38165","38014","37093","35885","35167","34363","32959","31167","29342","27285","24937",
"대전광역시","10-14세","전체","","112776","117466","116241","113446","108531","103405","100901","100361","100404","103180","107094","109724","112669","115369","115426","114504","112867","109342","106667","102637","96823","92264","87391","79698","75562","74377","72206","70004","69920","69695","68551","67343","66815","66153",
"대전광역시","10-14세","여자","","54118","56376","55690","54189","51710","49247","47741","47073","46827","48122","49786","51121","52549","53958","53892","53837","53315","51938","51007","49187","46249","44178","41981","38257","36293","35915","34816","33849","33934","33785","33151","32644","32409","32114",
"대전광역시","10-14세","남자","","58658","61090","60551","59257","56821","54158","53160","53288","53577","55058","57308","58603","60120","61411","61534","60667","59552","57404","55660","53450","50574","48086","45410","41441","39269","38462","37390","36155","35986","35910","35400","34699","34406","34039",
"대전광역시","15-19세","전체","","106580","105666","108212","112289","116722","120689","123264","120105","116171","110509","105079","101906","101628","101552","104243","107834","110169","112924","115635","115211","114005","112257","108805","105266","100354","93628","88331","83175","76516","72480","71737","70493","68798","69594",
"대전광역시","15-19세","여자","","51695","51136","52610","54389","56344","58250","59505","57862","55765","52939","50286","48310","47898","47457","48704","50287","51384","52706","54145","53905","53524","53084","51647","50323","48101","44757","42343","39892","36725","34863","34602","33965","33349","33832",
"대전광역시","15-19세","남자","","54885","54530","55602","57900","60378","62439","63759","62243","60406","57570","54793","53596","53730","54095","55539","57547","58785","60218","61490","61306","60481","59173","57158","54943","52253","48871","45988","43283","39791","37617","37135","36528","35449","35762",
"대전광역시","20-24세","전체","","118044","122451","122808","121413","119047","118583","115313","116452","120139","124179","126700","128060","123859","119322","113026","105975","102291","100823","100783","103245","106841","109715","112073","113564","113205","111614","109641","106272","103801","100236","94883","91081","87895","82973",
"대전광역시","20-24세","여자","","58633","61107","61307","60871","59760","59598","57747","58449","60212","62082","62990","63494","61105","58423","54911","51305","49050","47783","47387","48597","50071","51442","52567","53419","53389","53101","52508","51153","50392","48945","46169","44338","42756","40359",
"대전광역시","20-24세","남자","","59411","61344","61501","60542","59287","58985","57566","58003","59927","62097","63710","64566","62754","60899","58115","54670","53241","53040","53396","54648","56770","58273","59506","60145","59816","58513","57133","55119","53409","51291","48714","46743","45139","42614",
"대전광역시","25-29세","전체","","109014","119069","124699","127653","133477","134934","134607","134086","131485","127276","125342","120655","120165","122455","124518","124962","123955","118759","114201","108621","102604","99036","97958","97185","99591","102359","104314","106357","108687","109161","109004","108147","105575","104729",
"대전광역시","25-29세","여자","","53809","59130","62356","63745","66818","67069","66933","66403","65207","63388","62670","60095","59579","60589","61448","61638","61302","58593","55917","52972","49803","47489","46512","45465","46562","47674","48509","49417","50675","50788","50892","50700","49754","49522",
"대전광역시","25-29세","남자","","55205","59939","62343","63908","66659","67865","67674","67683","66278","63888","62672","60560","60586","61866","63070","63324","62653","60166","58284","55649","52801","51547","51446","51720","53029","54685","55805","56940","58012","58373","58112","57447","55821","55207",
"대전광역시","30-34세","전체","","122139","126058","128059","126086","121974","120981","126548","129635","132269","137257","138481","138051","136282","133130","128492","125147","119177","117063","119436","122012","123205","123890","118340","111031","104843","97950","93374","91275","90912","93164","96636","99622","102958","106389",
"대전광역시","30-34세","여자","","60197","62036","63297","62400","60117","60135","63339","65042","66313","69001","69265","68888","67659","66211","64282","62957","59829","58610","59895","60987","61379","61713","58602","54453","50900","47186","44442","43018","42227","43392","44989","46402","47904","49587",
"대전광역시","30-34세","남자","","61942","64022","64762","63686","61857","60846","63209","64593","65956","68256","69216","69163","68623","66919","64210","62190","59348","58453","59541","61025","61826","62177","59738","56578","53943","50764","48932","48257","48685","49772","51647","53220","55054","56802",
"대전광역시","35-39세","전체","","98372","107773","116066","123384","130713","133934","134020","132984","130138","125442","124477","130015","132574","134937","140387","141641","140574","137475","135496","130772","127506","122063","119356","117689","118036","117334","115666","109205","103176","96505","91355","88343","87979","88602",
"대전광역시","35-39세","여자","","48294","53038","57207","61151","64877","66580","66546","66012","64665","61800","61870","65056","66552","67663","70553","70792","70158","68518","67390","65212","63866","60991","59814","58947","58974","58304","57413","53841","50568","46899","44104","42188","41621","41527",
"대전광역시","35-39세","남자","","50078","54735","58859","62233","65836","67354","67474","66972","65473","63642","62607","64959","66022","67274","69834","70849","70416","68957","68106","65560","63640","61072","59542","58742","59062","59030","58253","55364","52608","49606","47251","46155","46358","47075",
"대전광역시","40-44세","전체","","70477","73785","80006","88364","97549","104579","112351","118907","125002","131638","134718","134243","132834","129608","124685","123968","129818","133268","137108","142060","142919","142067","138616","132671","126340","121231","114558","111289","110807","110877","110736","110187","105316","100798",
"대전광역시","40-44세","여자","","33755","35476","38825","43133","47888","51310","55313","58700","62066","65507","67217","66995","66274","64594","61739","61883","65222","67236","68632","71342","71398","70874","69024","66408","63463","61141","57529","55978","55704","55547","55240","54896","52301","49740",
"대전광역시","40-44세","남자","","36722","38309","41181","45231","49661","53269","57038","60207","62936","66131","67501","67248","66560","65014","62946","62085","64596","66032","68476","70718","71521","71193","69592","66263","62877","60090","57029","55311","55103","55330","55496","55291","53015","51058",
"대전광역시","45-49세","전체","","52231","56179","60311","65025","67647","71791","74129","79574","87455","96219","102916","109907","116258","122021","128704","131854","131262","130347","129228","124878","123937","129923","132984","134337","137925","137474","135094","131192","126409","120141","115918","109944","107794","108318",
"대전광역시","45-49세","여자","","25444","27210","29034","31291","32544","34586","35764","38738","42869","47357","50629","54197","57630","60833","64329","65980","65719","65095","64293","61723","61649","65050","66834","67192","69355","68735","67571","65415","63274","60399","58610","55319","54289","54563",
"대전광역시","45-49세","남자","","26787","28969","31277","33734","35103","37205","38365","40836","44586","48862","52287","55710","58628","61188","64375","65874","65543","65252","64935","63155","62288","64873","66150","67145","68570","68739","67523","65777","63135","59742","57308","54625","53505","53755",
"대전광역시","50-54세","전체","","49556","51078","51689","52331","52026","52088","55416","59009","63514","65877","69638","71696","76738","84091","92632","99106","105889","112357","119977","126517","129655","129220","128185","124085","119089","117357","122193","124790","126433","129577","130062","128531","125591","121698",
"대전광역시","50-54세","여자","","24709","25473","25729","26000","25703","25677","27098","28703","30840","32045","33869","34972","37713","41626","45944","49152","52594","56007","59888","63349","64936","64711","64072","61968","59011","58602","61279","62722","63168","64963","64910","64233","62710","60900",
"대전광역시","50-54세","남자","","24847","25605","25960","26331","26323","26411","28318","30306","32674","33832","35769","36724","39025","42465","46688","49954","53295","56350","60089","63168","64719","64509","64113","62117","60078","58755","60914","62068","63265","64614","65152","64298","62881","60798",
"대전광역시","55-59세","전체","","36498","38974","41559","42298","44346","48631","49798","50104","50745","50588","50659","53610","56863","60957","63221","66835","68835","73760","81974","90511","96883","103534","109463","114579","120022","121940","120790","119079","115488","110440","109198","114727","118192","120489",
"대전광역시","55-59세","여자","","19254","20395","21629","21897","22757","24854","25355","25390","25640","25353","25326","26587","28056","30102","31318","33132","34108","36764","40920","45210","48375","51794","54888","57690","60634","61650","61108","59960","58115","55087","54776","57691","59540","60409",
"대전광역시","55-59세","남자","","17244","18579","19930","20401","21589","23777","24443","24714","25105","25235","25333","27023","28807","30855","31903","33703","34727","36996","41054","45301","48508","51740","54575","56889","59388","60290","59682","59119","57373","55353","54422","57036","58652","60080",
"대전광역시","60-64세","전체","","25747","27091","29155","31212","33838","35677","37705","40121","40912","42909","46945","48159","48376","48981","48789","48909","51651","54621","59192","61197","64962","66802","71647","78093","85759","91078","96742","101712","106420","111220","113096","112315","111486","108804",
"대전광역시","60-64세","여자","","15005","15633","16581","17422","18673","19448","20292","21499","21796","22621","24573","25224","25216","25344","25063","25039","26241","27560","29770","30825","32725","33613","36228","39667","43557","46195","49228","51834","54378","56982","57989","57560","56882","55421",
"대전광역시","60-64세","남자","","10742","11458","12574","13790","15165","16229","17413","18622","19116","20288","22372","22935","23160","23637","23726","23870","25410","27061","29422","30372","32237","33189","35419","38426","42202","44883","47514","49878","52042","54238","55107","54755","54604","53383",
"대전광역시","65-69세","전체","","19109","19960","21303","22456","23496","24689","25883","27859","29924","32358","34078","36173","38137","38954","40857","44948","45805","46105","46980","46838","46849","49748","52731","56188","57891","60966","62413","66595","72733","79294","84159","89711","94974","99873",
"대전광역시","65-69세","여자","","11361","11894","12849","13630","14312","14880","15521","16375","17357","18587","19251","20217","21183","21487","22293","24329","24721","24702","25012","24726","24532","25792","27170","28921","29842","31423","32099","34416","37715","41126","43683","46600","49456","52025",
"대전광역시","65-69세","남자","","7748","8066","8454","8826","9184","9809","10362","11484","12567","13771","14827","15956","16954","17467","18564","20619","21084","21403","21968","22112","22317","23956","25561","27267","28049","29543","30314","32179","35018","38168","40476","43111","45518","47848",
"대전광역시","70-74세","전체","","13778","15079","15789","16475","16895","17459","18098","19375","20403","21489","22596","23752","25525","27489","29801","31510","33458","35352","36223","38075","41868","42739","43260","43897","43716","43704","46300","48720","51961","53290","56095","57611","61904","68001",
"대전광역시","70-74세","여자","","8550","9383","9777","10222","10460","10876","11289","12188","12857","13591","14155","14749","15558","16528","17728","18435","19383","20296","20588","21363","23340","23729","23839","24032","23695","23498","24708","25868","27551","28315","29750","30503","32903","36302",
"대전광역시","70-74세","남자","","5228","5696","6012","6253","6435","6583","6809","7187","7546","7898","8441","9003","9967","10961","12073","13075","14075","15056","15635","16712","18528","19010","19421","19865","20021","20206","21592","22852","24410","24975","26345","27108","29001","31699",
"대전광역시","75-79세","전체","","9149","9511","9948","10292","10650","11500","12510","13043","13652","14036","14731","15282","16327","17407","18313","19351","20582","22333","24295","26479","28060","29917","31666","32239","34059","37540","38456","38793","39359","39100","39034","41529","44021","47182",
"대전광역시","75-79세","여자","","6156","6395","6634","6768","6925","7474","8131","8493","8909","9160","9604","9914","10688","11397","11980","12569","13222","14134","15157","16370","17055","17975","18814","18994","19837","21632","22094","22163","22260","21936","21767","22960","24250","25905",
"대전광역시","75-79세","남자","","2993","3116","3314","3524","3725","4026","4379","4550","4743","4876","5127","5368","5639","6010","6333","6782","7360","8199","9138","10109","11005","11942","12852","13245","14222","15908","16362","16630","17099","17164","17267","18569","19771","21277",
"대전광역시","80세 이상","전체","","7807","-","-","-","-","-","-","-","-","-","-","-","-","-","-","-","-","-","22747","-","-","","","","","","","","","","","","","",
"대전광역시","80세 이상","여자","","5800","-","-","-","-","-","-","-","-","-","-","-","-","-","-","-","-","-","16007","-","-","","","","","","","","","","","","","",
"대전광역시","80세 이상","남자","","2007","-","-","-","-","-","-","-","-","-","-","-","-","-","-","-","-","-","6740","-","-","","","","","","","","","","","","","",
"대전광역시","80-84세","전체","","-","5470","5695","5902","6354","6499","6709","7055","7379","7657","8349","9072","9491","9969","10330","11129","11714","12524","13566","14614","15660","16789","18261","19856","21527","22849","24428","26164","26676","28193","30932","31708","32067","32773",
"대전광역시","80-84세","여자","","-","3913","4066","4224","4528","4583","4730","4906","5062","5222","5710","6204","6443","6811","7076","7563","7958","8542","9289","10020","10670","11331","12097","12979","13966","14539","15368","16279","16503","17206","18721","19125","19207","19477",
"대전광역시","80-84세","남자","","-","1557","1629","1678","1826","1916","1979","2149","2317","2435","2639","2868","3048","3158","3254","3566","3756","3982","4277","4594","4990","5458","6164","6877","7561","8310","9060","9885","10173","10987","12211","12583","12860","13296",
"대전광역시","85세 이상","전체","","-","2935","3146","3335","3662","3905","4111","-","-","-","-","-","-","-","-","-","-","-","9181","-","-","","","","","","","","","","","","","",
"대전광역시","85세 이상","여자","","-","2332","2460","2606","2854","3040","3177","-","-","-","-","-","-","-","-","-","-","-","6718","-","-","","","","","","","","","","","","","",
"대전광역시","85세 이상","남자","","-","603","686","729","808","865","934","-","-","-","-","-","-","-","-","-","-","-","2463","-","-","","","","","","","","","","","","","",
"대전광역시","85-89세","전체","","-","-","-","-","-","-","-","3087","3195","3456","3635","3792","4049","4322","4582","5083","5576","5937","6459","6746","7247","7765","8452","9149","9957","10753","11626","12689","13843","15006","15709","16865","18234","18613",
"대전광역시","85-89세","여자","","-","-","-","-","-","-","-","2323","2406","2582","2694","2798","2943","3107","3279","3649","4001","4272","4665","4859","5249","5574","6121","6612","7207","7665","8179","8818","9531","10246","10619","11316","12081","12264",
"대전광역시","85-89세","남자","","-","-","-","-","-","-","-","764","789","874","941","994","1106","1215","1303","1434","1575","1665","1794","1887","1998","2191","2331","2537","2750","3088","3447","3871","4312","4760","5090","5549","6153","6349",
"대전광역시","90-94세","전체","","-","-","-","-","-","-","-","934","1007","1111","1183","1255","1262","1337","1476","1584","1668","1804","2026","2221","2454","2806","3012","3192","3309","3672","3995","4350","4773","5086","5414","5855","6433","7182",
"대전광역시","90-94세","여자","","-","-","-","-","-","-","-","729","782","876","935","999","1006","1069","1160","1215","1282","1384","1509","1657","1828","2106","2283","2437","2520","2782","3017","3323","3622","3884","4071","4345","4733","5271",
"대전광역시","90-94세","남자","","-","-","-","-","-","-","-","205","225","235","248","256","256","268","316","369","386","420","517","564","626","700","729","755","789","890","978","1027","1151","1202","1343","1510","1700","1911",
"대전광역시","95세 이상","전체","","-","-","-","-","-","-","-","215","209","221","241","275","308","333","357","389","419","465","696","-","-","","","","","","","","","","","","","",
"대전광역시","95세 이상","여자","","-","-","-","-","-","-","-","203","188","196","209","228","246","272","300","319","347","378","544","-","-","","","","","","","","","","","","","",
"대전광역시","95세 이상","남자","","-","-","-","-","-","-","-","12","21","25","32","47","62","61","57","70","72","87","152","-","-","","","","","","","","","","","","","",
"대전광역시","95-99세","전체","","-","-","-","-","-","-","-","-","-","-","-","-","-","-","-","-","-","-","-","553","616","652","687","726","801","869","993","1047","1068","1069","1139","1266","1397","1570",
"대전광역시","95-99세","여자","","-","-","-","-","-","-","-","-","-","-","-","-","-","-","-","-","-","-","-","443","476","515","525","543","608","676","783","836","852","866","933","1023","1145","1279",
"대전광역시","95-99세","남자","","-","-","-","-","-","-","-","-","-","-","-","-","-","-","-","-","-","-","-","110","140","137","162","183","193","193","210","211","216","203","206","243","252","291",
"대전광역시","100세 이상","전체","","-","-","-","-","-","-","-","-","-","-","-","-","-","-","-","-","-","-","-","214","225","235","260","281","308","314","319","333","371","169","181","211","215","212",
"대전광역시","100세 이상","여자","","-","-","-","-","-","-","-","-","-","-","-","-","-","-","-","-","-","-","-","170","175","182","202","219","235","235","246","252","282","143","155","179","178","176",
"대전광역시","100세 이상","남자","","-","-","-","-","-","-","-","-","-","-","-","-","-","-","-","-","-","-","-","44","50","53","58","62","73","79","73","81","89","26","26","32","37","36",
"울산광역시","계","전체","","-","-","-","-","-","1009652","1015249","1024336","1040225","1055618","1065037","1072867","1081453","1087648","1092494","1099995","1112407","1114866","1126298","1135494","1147256","1156480","1166377","1173534","1172304","1165132","1155623","1148019","1136017","1121592","1110663","1103661","1098049","1091948",
"울산광역시","계","여자","","-","-","-","-","-","490722","494553","499238","506666","513711","518190","521783","525793","528782","530883","534098","539592","541259","547227","551669","556832","561161","565473","568645","568507","565652","561804","558307","552309","545375","540295","536508","533161","529022",
"울산광역시","계","남자","","-","-","-","-","-","518930","520696","525098","533559","541907","546847","551084","555660","558866","561611","565897","572815","573607","579071","583825","590424","595319","600904","604889","603797","599480","593819","589712","583708","576217","570368","567153","564888","562926",
"울산광역시","0-4세","전체","","-","-","-","-","-","95490","90552","86288","83212","79095","73202","68075","63290","57950","55016","55255","55423","55000","55712","57084","57763","58151","58905","58920","57567","54057","50550","46517","41335","36524","32965","30143","28086","27246",
"울산광역시","0-4세","여자","","-","-","-","-","-","43656","41700","40036","38842","37039","34269","31957","29663","27180","25878","26111","26345","26272","26696","27460","27844","28203","28628","28642","28047","26245","24521","22561","20145","17804","16169","14830","13828","13341",
"울산광역시","0-4세","남자","","-","-","-","-","-","51834","48852","46252","44370","42056","38933","36118","33627","30770","29138","29144","29078","28728","29016","29624","29919","29948","30277","30278","29520","27812","26029","23956","21190","18720","16796","15313","14258","13905",
"울산광역시","5-9세","전체","","-","-","-","-","-","89402","91750","93395","95381","94771","93021","90365","86962","83660","79016","72775","68405","63517","58124","55336","55884","55585","55955","57321","58354","58384","57813","57854","57171","55494","52096","48943","45011","40224",
"울산광역시","5-9세","여자","","-","-","-","-","-","40421","41401","42122","43219","42935","42589","41599","40388","39074","37053","34129","32142","29878","27323","26137","26534","26528","26755","27533","28044","28075","27935","28053","27742","26912","25188","23635","21782","19578",
"울산광역시","5-9세","남자","","-","-","-","-","-","48981","50349","51273","52162","51836","50432","48766","46574","44586","41963","38646","36263","33639","30801","29199","29350","29057","29200","29788","30310","30309","29878","29801","29429","28582","26908","25308","23229","20646",
"울산광역시","10-14세","전체","","-","-","-","-","-","79487","77541","78075","79203","82708","86695","90005","92060","94228","93134","91363","89100","85634","82498","78316","72619","68095","63585","58315","55355","55591","55093","54939","55977","56685","56599","56172","56177","55626",
"울산광역시","10-14세","여자","","-","-","-","-","-","37795","36286","36174","36096","37627","39204","40660","41550","42702","42150","41763","41012","39731","38517","36777","34079","32023","29903","27406","26146","26344","26255","26279","26891","27208","27185","27084","27190","26987",
"울산광역시","10-14세","남자","","-","-","-","-","-","41692","41255","41901","43107","45081","47491","49345","50510","51526","50984","49600","48088","45903","43981","41539","38540","36072","33682","30909","29209","29247","28838","28660","29086","29477","29414","29088","28987","28639",
"울산광역시","15-19세","전체","","-","-","-","-","-","87139","89144","87444","84645","81021","77572","75761","76439","77443","80886","84797","88187","90130","92423","91249","89891","87560","84475","81643","77357","71303","66447","61794","56443","53305","53603","53290","53193","54068",
"울산광역시","15-19세","여자","","-","-","-","-","-","42130","43302","42170","40624","38680","36721","35317","35241","35303","36804","38295","39813","40497","41681","41072","40931","40164","39165","38105","36225","33377","31103","28917","26355","25039","25276","25322","25360","25836",
"울산광역시","15-19세","남자","","-","-","-","-","-","45009","45842","45274","44021","42341","40851","40444","41198","42140","44082","46502","48374","49633","50742","50177","48960","47396","45310","43538","41132","37926","35344","32877","30088","28266","28327","27968","27833","28232",
"울산광역시","20-24세","전체","","-","-","-","-","-","76551","73812","74710","78159","82461","85098","86680","84833","81160","76603","72966","71431","71438","72382","75681","79375","82436","84604","86314","84934","82502","79085","74942","70748","65888","59756","55113","51357","46566",
"울산광역시","20-24세","여자","","-","-","-","-","-","38376","36496","36629","37764","39479","40408","41249","40199","38226","35771","33653","32394","32273","32316","33601","34818","36105","36873","37735","36999","36305","35016","33157","31176","29008","26201","23935","22078","19900",
"울산광역시","20-24세","남자","","-","-","-","-","-","38175","37316","38081","40395","42982","44690","45431","44634","42934","40832","39313","39037","39165","40066","42080","44557","46331","47731","48579","47935","46197","44069","41785","39572","36880","33555","31178","29279","26666",
"울산광역시","25-29세","전체","","-","-","-","-","-","103764","97979","93544","89634","86031","83235","80127","80724","82787","85113","87002","88896","84985","80050","75838","72407","70728","71533","72301","73770","74464","74274","74195","73821","71534","69453","67409","65800","64208",
"울산광역시","25-29세","여자","","-","-","-","-","-","53324","50777","48472","46191","43844","42108","39643","39259","39746","40514","41227","41918","40014","37914","35734","33561","32205","32175","31841","32502","32713","32744","32427","32193","30826","29935","28936","27835","26680",
"울산광역시","25-29세","남자","","-","-","-","-","-","50440","47202","45072","43443","42187","41127","40484","41465","43041","44599","45775","46978","44971","42136","40104","38846","38523","39358","40460","41268","41751","41530","41768","41628","40708","39518","38473","37965","37528",
"울산광역시","30-34세","전체","","-","-","-","-","-","111986","113000","112344","111284","111586","109322","105330","101443","96734","91617","89086","86552","85769","87940","91188","93816","95324","92382","87806","81689","75053","70577","68943","67398","67456","68298","69325","69995","71401",
"울산광역시","30-34세","여자","","-","-","-","-","-","54060","55708","56152","56371","57269","55864","53901","51776","49070","46001","44396","42240","41628","42408","43729","44759","45655","44000","41516","38618","35321","32723","31712","30644","30653","30789","30964","30957","31285",
"울산광역시","30-34세","남자","","-","-","-","-","-","57926","57292","56192","54913","54317","53458","51429","49667","47664","45616","44690","44312","44141","45532","47459","49057","49669","48382","46290","43071","39732","37854","37231","36754","36803","37509","38361","39038","40116",
"울산광역시","35-39세","전체","","-","-","-","-","-","112599","112434","111648","111233","109485","109101","111898","112386","111475","111357","109153","106352","102758","99182","94478","92413","89609","90282","93027","95455","96012","95631","90800","84307","77435","71337","67584","66298","65496",
"울산광역시","35-39세","여자","","-","-","-","-","-","53603","53822","53430","53188","51950","52784","54950","55884","56104","56808","55333","53865","51909","49860","47076","45781","43617","43494","44462","45611","45954","46215","43821","40496","37093","33913","31611","30681","29882",
"울산광역시","35-39세","남자","","-","-","-","-","-","58996","58612","58218","58045","57535","56317","56948","56502","55371","54549","53820","52487","50849","49322","47402","46632","45992","46788","48565","49844","50058","49416","46979","43811","40342","37424","35973","35617","35614",
"울산광역시","40-44세","전체","","-","-","-","-","-","81127","87098","93427","99084","105480","109032","109522","109537","109114","107185","106857","110392","111015","111130","111736","110415","107368","104708","100805","95661","92741","88916","88648","90183","91676","92153","92047","87301","81401",
"울산광역시","40-44세","여자","","-","-","-","-","-","38422","41493","44732","47494","50759","52265","52438","52485","52225","50943","51689","54074","55052","55637","56645","55646","54006","52436","50339","47382","45739","43152","42833","43334","44091","44317","44567","42189","39206",
"울산광역시","40-44세","남자","","-","-","-","-","-","42705","45605","48695","51590","54721","56767","57084","57052","56889","56242","55168","56318","55963","55493","55091","54769","53362","52272","50466","48279","47002","45764","45815","46849","47585","47836","47480","45112","42195",
"울산광역시","45-49세","전체","","-","-","-","-","-","52721","55439","59586","66588","73174","78623","84737","91399","96649","102738","106557","107643","107989","108696","106945","106686","110209","111530","111183","111174","108954","105509","102123","97625","92278","89477","86067","85887","87690",
"울산광역시","45-49세","여자","","-","-","-","-","-","23951","25471","27552","31385","34675","37534","40528","44001","46613","49762","51238","51769","51934","52091","50923","51681","54014","55208","55543","56183","54748","53068","51226","48830","45779","44213","41774","41529","42035",
"울산광역시","45-49세","남자","","-","-","-","-","-","28770","29968","32034","35203","38499","41089","44209","47398","50036","52976","55319","55874","56055","56605","56022","55005","56195","56322","55640","54991","54206","52441","50897","48795","46499","45264","44293","44358","45655",
"울산광역시","50-54세","전체","","-","-","-","-","-","34137","36895","39832","43895","47217","51048","53944","58416","64956","71240","76389","82879","89396","96047","102454","106492","107264","107745","107529","105322","104718","107328","108074","106951","106777","104811","101891","98818","94908",
"울산광역시","50-54세","여자","","-","-","-","-","-","15783","16945","18204","20031","21707","23587","25139","27278","30851","34050","36762","39923","43291","46524","49692","51282","51647","51848","51579","50212","50762","52633","53551","53444","53967","52740","51312","49599","47332",
"울산광역시","50-54세","남자","","-","-","-","-","-","18354","19950","21628","23864","25510","27461","28805","31138","34105","37190","39627","42956","46105","49523","52762","55210","55617","55897","55950","55110","53956","54695","54523","53507","52810","52071","50579","49219","47576",
"울산광역시","55-59세","전체","","-","-","-","-","-","29673","31025","31561","31692","32260","33117","35932","38945","42874","45953","49719","52584","56760","63933","70296","75651","81750","88465","93861","99773","102924","103164","103285","102570","100279","99877","102923","104160","103338",
"울산광역시","55-59세","여자","","-","-","-","-","-","14380","14917","15241","15231","15422","15743","16942","18197","19975","21480","23352","24924","26896","30688","33896","36654","39594","43018","45655","48595","49805","49885","49917","49467","48027","48594","50602","51668","51640",
"울산광역시","55-59세","남자","","-","-","-","-","-","15293","16108","16320","16461","16838","17374","18990","20748","22899","24473","26367","27660","29864","33245","36400","38997","42156","45447","48206","51178","53119","53279","53368","53103","52252","51283","52321","52492","51698",
"울산광역시","60-64세","전체","","-","-","-","-","-","19982","21199","22792","24096","25643","28605","29944","30620","30821","31217","31903","34568","37174","41381","44428","48108","50880","54958","61304","67125","71796","77317","83340","88121","93300","96426","97045","97264","96876",
"울산광역시","60-64세","여자","","-","-","-","-","-","10871","11438","12073","12629","13222","14457","15048","15372","15361","15469","15619","16719","17708","19702","21248","23087","24577","26515","29980","32992","35456","38084","41187","43451","46041","47329","47558","47557","47115",
"울산광역시","60-64세","남자","","-","-","-","-","-","9111","9761","10719","11467","12421","14148","14896","15248","15460","15748","16284","17849","19466","21679","23180","25021","26303","28443","31324","34133","36340","39233","42153","44670","47259","49097","49487","49707","49761",
"울산광역시","65-69세","전체","","-","-","-","-","-","13695","14367","15579","16895","18105","19213","20505","22072","23300","24617","27233","28470","29003","29127","29633","30532","33045","35584","39164","41855","45188","47601","51311","57226","62475","66927","72262","77941","82537",
"울산광역시","65-69세","여자","","-","-","-","-","-","8467","8580","9215","9830","10411","10991","11634","12311","12823","13283","14426","14921","15183","15029","15106","15352","16422","17421","19129","20522","22207","23589","25390","28646","31341","33718","36348","39279","41524",
"울산광역시","65-69세","남자","","-","-","-","-","-","5228","5787","6364","7065","7694","8222","8871","9761","10477","11334","12807","13549","13820","14098","14527","15180","16623","18163","20035","21333","22981","24012","25921","28580","31134","33209","35914","38662","41013",
"울산광역시","70-74세","전체","","-","-","-","-","-","9757","10229","10820","11301","11991","12607","13422","14572","15738","16845","17740","18861","20087","21314","22644","25179","26381","27048","27014","27464","28279","30625","33079","36298","38693","41684","44196","47692","53277",
"울산광역시","70-74세","여자","","-","-","-","-","-","6583","6854","7263","7509","7948","8184","8504","9088","9711","10279","10671","11226","11677","12215","12752","13887","14342","14674","14478","14457","14663","15661","16704","18280","19573","21100","22507","24259","27430",
"울산광역시","70-74세","남자","","-","-","-","-","-","3174","3375","3557","3792","4043","4423","4918","5484","6027","6566","7069","7635","8410","9099","9892","11292","12039","12374","12536","13007","13616","14964","16375","18018","19120","20584","21689","23433","25847",
"울산광역시","75-79세","전체","","-","-","-","-","-","6393","6844","7139","7490","7833","8239","8768","9426","9881","10592","11052","11728","12565","13664","14692","15593","16616","17737","18803","19897","22165","23257","23867","23870","24331","25232","27390","29618","32624",
"울산광역시","75-79세","여자","","-","-","-","-","-","4506","4854","5091","5366","5592","5877","6224","6656","6924","7412","7568","7830","8289","8863","9426","9929","10398","10839","11371","11771","12814","13238","13541","13313","13341","13638","14545","15540","17042",
"울산광역시","75-79세","남자","","-","-","-","-","-","1887","1990","2048","2124","2241","2362","2544","2770","2957","3180","3484","3898","4276","4801","5266","5664","6218","6898","7432","8126","9351","10019","10326","10557","10990","11594","12845","14078","15582",
"울산광역시","80세 이상","전체","","-","-","-","-","-","-","-","-","-","-","-","-","-","-","-","-","-","-","12695","-","-","","","","","","","","","","","","","",
"울산광역시","80세 이상","여자","","-","-","-","-","-","-","-","-","-","-","-","-","-","-","-","-","-","-","9763","-","-","","","","","","","","","","","","","",
"울산광역시","80세 이상","남자","","-","-","-","-","-","-","-","-","-","-","-","-","-","-","-","-","-","-","2932","-","-","","","","","","","","","","","","","",
"울산광역시","80-84세","전체","","-","-","-","-","-","3781","3779","3875","4038","4236","4552","5065","5390","5670","5941","6302","6739","7171","7662","8172","8701","9299","10111","10995","11853","12626","13404","14389","15164","16051","18006","19039","19632","19616",
"울산광역시","80-84세","여자","","-","-","-","-","-","2811","2779","2853","2975","3136","3408","3845","4106","4352","4519","4810","5088","5372","5694","6054","6317","6622","7044","7561","8066","8523","8962","9395","9693","10057","11041","11503","11780","11603",
"울산광역시","80-84세","남자","","-","-","-","-","-","970","1000","1022","1063","1100","1144","1220","1284","1318","1422","1492","1651","1799","1968","2118","2384","2677","3067","3434","3787","4103","4442","4994","5471","5994","6965","7536","7852","8013",
"울산광역시","85세 이상","전체","","-","-","-","-","-","1968","2162","-","-","-","-","-","-","-","-","-","-","-","5033","-","-","","","","","","","","","","","","","",
"울산광역시","85세 이상","여자","","-","-","-","-","-","1583","1730","-","-","-","-","-","-","-","-","-","-","-","4069","-","-","","","","","","","","","","","","","",
"울산광역시","85세 이상","남자","","-","-","-","-","-","385","432","-","-","-","-","-","-","-","-","-","-","-","964","-","-","","","","","","","","","","","","","",
"울산광역시","85-89세","전체","","-","-","-","-","-","-","-","1718","1825","1909","2081","2072","2185","2390","2524","2792","3122","3293","3600","3787","4025","4303","4736","5016","5361","5804","6250","6833","7548","8068","8460","9018","9665","10311",
"울산광역시","85-89세","여자","","-","-","-","-","-","-","-","1352","1442","1493","1626","1602","1706","1861","1954","2176","2491","2654","2893","3081","3268","3468","3779","3926","4179","4432","4681","5047","5516","5844","6078","6408","6746","7028",
"울산광역시","85-89세","남자","","-","-","-","-","-","-","-","366","383","416","455","470","479","529","570","616","631","639","707","706","757","835","957","1090","1182","1372","1569","1786","2032","2224","2382","2610","2919","3283",
"울산광역시","90-94세","전체","","-","-","-","-","-","-","-","456","481","524","564","603","640","689","757","895","904","978","1097","1174","1308","1486","1608","1729","1813","1971","2115","2394","2484","2673","2834","3068","3352","3707",
"울산광역시","90-94세","여자","","-","-","-","-","-","-","-","385","399","443","471","503","530","568","629","746","754","828","901","953","1084","1245","1349","1454","1526","1665","1782","2007","2033","2183","2276","2416","2613","2882",
"울산광역시","90-94세","남자","","-","-","-","-","-","-","-","71","82","81","93","100","110","121","128","149","150","150","196","221","224","241","259","275","287","306","333","387","451","490","558","652","739","825",
"울산광역시","95세 이상","전체","","-","-","-","-","-","-","-","103","89","88","110","112","114","129","143","159","171","204","336","-","-","","","","","","","","","","","","","",
"울산광역시","95세 이상","여자","","-","-","-","-","-","-","-","92","80","80","100","100","103","113","124","134","144","173","275","-","-","","","","","","","","","","","","","",
"울산광역시","95세 이상","남자","","-","-","-","-","-","-","-","11","9","8","10","12","11","16","19","25","27","31","61","-","-","","","","","","","","","","","","","",
"울산광역시","95-99세","전체","","-","-","-","-","-","-","-","-","-","-","-","-","-","-","-","-","-","-","-","276","296","282","298","345","387","447","509","534","602","603","608","657","716","728",
"울산광역시","95-99세","여자","","-","-","-","-","-","-","-","-","-","-","-","-","-","-","-","-","-","-","-","232","250","234","246","277","320","379","431","455","520","525","537","581","615","607",
"울산광역시","95-99세","남자","","-","-","-","-","-","-","-","-","-","-","-","-","-","-","-","-","-","-","-","44","46","48","52","68","67","68","78","79","82","78","71","76","101","121",
"울산광역시","100세 이상","전체","","-","-","-","-","-","-","-","-","-","-","-","-","-","-","-","-","-","-","-","87","102","109","128","139","138","153","158","158","175","67","61","79","86","100",
"울산광역시","100세 이상","여자","","-","-","-","-","-","-","-","-","-","-","-","-","-","-","-","-","-","-","-","75","88","92","103","113","110","125","126","127","140","63","58","70","76","89",
"울산광역시","100세 이상","남자","","-","-","-","-","-","-","-","-","-","-","-","-","-","-","-","-","-","-","-","12","14","17","25","26","28","28","32","31","35","4","3","9","10","11",
"세종특별자치시","계","전체","","-","-","-","-","-","-","-","-","-","-","-","-","-","-","-","-","-","-","-","-","113117","122153","156125","210884","243048","280100","314126","340575","355831","371895","383591","386525","390685","391965",
"세종특별자치시","계","여자","","-","-","-","-","-","-","-","-","-","-","-","-","-","-","-","-","-","-","-","-","55484","59948","77263","105132","121543","140366","157295","170730","178263","186217","192202","194001","196272","196858",
"세종특별자치시","계","남자","","-","-","-","-","-","-","-","-","-","-","-","-","-","-","-","-","-","-","-","-","57633","62205","78862","105752","121505","139734","156831","169845","177568","185678","191389","192524","194413","195107",
"세종특별자치시","0-4세","전체","","-","-","-","-","-","-","-","-","-","-","-","-","-","-","-","-","-","-","-","-","6079","6597","9831","14725","17044","19226","21018","21998","20901","19998","18964","17223","16247","15667",
"세종특별자치시","0-4세","여자","","-","-","-","-","-","-","-","-","-","-","-","-","-","-","-","-","-","-","-","-","3013","3271","4829","7142","8303","9367","10232","10783","10263","9849","9372","8557","8062","7782",
"세종특별자치시","0-4세","남자","","-","-","-","-","-","-","-","-","-","-","-","-","-","-","-","-","-","-","-","-","3066","3326","5002","7583","8741","9859","10786","11215","10638","10149","9592","8666","8185","7885",
"세종특별자치시","5-9세","전체","","-","-","-","-","-","-","-","-","-","-","-","-","-","-","-","-","-","-","-","-","5953","6763","9693","15100","17867","20946","23434","25251","26382","27065","26987","26318","25104","23013",
"세종특별자치시","5-9세","여자","","-","-","-","-","-","-","-","-","-","-","-","-","-","-","-","-","-","-","-","-","2959","3335","4761","7443","8877","10304","11442","12314","12832","13230","13200","12862","12288","11245",
"세종특별자치시","5-9세","남자","","-","-","-","-","-","-","-","-","-","-","-","-","-","-","-","-","-","-","-","-","2994","3428","4932","7657","8990","10642","11992","12937","13550","13835","13787","13456","12816","11768",
"세종특별자치시","10-14세","전체","","-","-","-","-","-","-","-","-","-","-","-","-","-","-","-","-","-","-","-","-","6471","6802","8930","12586","14676","17693","20370","22321","24319","25992","27557","27898","28514","28782",
"세종특별자치시","10-14세","여자","","-","-","-","-","-","-","-","-","-","-","-","-","-","-","-","-","-","-","-","-","3166","3306","4360","6207","7267","8855","10215","11112","12070","12847","13576","13682","13883","14059",
"세종특별자치시","10-14세","남자","","-","-","-","-","-","-","-","-","-","-","-","-","-","-","-","-","-","-","-","-","3305","3496","4570","6379","7409","8838","10155","11209","12249","13145","13981","14216","14631","14723",
"세종특별자치시","15-19세","전체","","-","-","-","-","-","-","-","-","-","-","-","-","-","-","-","-","-","-","-","-","6256","6738","8225","10812","12449","14370","16325","17716","18358","19802","21445","22838","24025","25361",
"세종특별자치시","15-19세","여자","","-","-","-","-","-","-","-","-","-","-","-","-","-","-","-","-","-","-","-","-","2868","3181","3964","5247","6104","7044","8083","8831","9188","9866","10779","11469","12086","12669",
"세종특별자치시","15-19세","남자","","-","-","-","-","-","-","-","-","-","-","-","-","-","-","-","-","-","-","-","-","3388","3557","4261","5565","6345","7326","8242","8885","9170","9936","10666","11369","11939","12692",
"세종특별자치시","20-24세","전체","","-","-","-","-","-","-","-","-","-","-","-","-","-","-","-","-","-","-","-","-","6458","7008","8777","11419","12764","14210","15914","16611","17056","17528","17737","17657","17621","17246",
"세종특별자치시","20-24세","여자","","-","-","-","-","-","-","-","-","-","-","-","-","-","-","-","-","-","-","-","-","2986","3289","4191","5430","6050","6693","7490","7928","8125","8325","8397","8473","8348","8147",
"세종특별자치시","20-24세","남자","","-","-","-","-","-","-","-","-","-","-","-","-","-","-","-","-","-","-","-","-","3472","3719","4586","5989","6714","7517","8424","8683","8931","9203","9340","9184","9273","9099",
"세종특별자치시","25-29세","전체","","-","-","-","-","-","-","-","-","-","-","-","-","-","-","-","-","-","-","-","-","6369","6876","8755","11624","13759","16056","18117","19729","20397","20982","20642","20153","19459","19217",
"세종특별자치시","25-29세","여자","","-","-","-","-","-","-","-","-","-","-","-","-","-","-","-","-","-","-","-","-","2874","3095","4203","5850","7048","8257","9258","10055","10278","10457","10277","10138","9853","9691",
"세종특별자치시","25-29세","남자","","-","-","-","-","-","-","-","-","-","-","-","-","-","-","-","-","-","-","-","-","3495","3781","4552","5774","6711","7799","8859","9674","10119","10525","10365","10015","9606","9526",
"세종특별자치시","30-34세","전체","","-","-","-","-","-","-","-","-","-","-","-","-","-","-","-","-","-","-","-","-","8765","9553","13227","18411","20193","21908","23831","25644","26014","27081","27853","27376","27604","27287",
"세종특별자치시","30-34세","여자","","-","-","-","-","-","-","-","-","-","-","-","-","-","-","-","-","-","-","-","-","4173","4639","6698","9604","10444","11373","12219","13149","13287","13907","14238","13942","14008","13787",
"세종특별자치시","30-34세","남자","","-","-","-","-","-","-","-","-","-","-","-","-","-","-","-","-","-","-","-","-","4592","4914","6529","8807","9749","10535","11612","12495","12727","13174","13615","13434","13596","13500",
"세종특별자치시","35-39세","전체","","-","-","-","-","-","-","-","-","-","-","-","-","-","-","-","-","-","-","-","-","9547","10041","14421","21614","25758","30499","34550","35820","35478","34638","33230","31964","31218","30521",
"세종특별자치시","35-39세","여자","","-","-","-","-","-","-","-","-","-","-","-","-","-","-","-","-","-","-","-","-","4523","4835","7168","10913","13106","15653","17804","18331","18201","17681","16896","16130","15790","15412",
"세종특별자치시","35-39세","남자","","-","-","-","-","-","-","-","-","-","-","-","-","-","-","-","-","-","-","-","-","5024","5206","7253","10701","12652","14846","16746","17489","17277","16957","16334","15834","15428","15109",
"세종특별자치시","40-44세","전체","","-","-","-","-","-","-","-","-","-","-","-","-","-","-","-","-","-","-","-","-","9718","11006","15043","21362","24293","28270","30886","33875","36398","38999","41183","41770","40202","38309",
"세종특별자치시","40-44세","여자","","-","-","-","-","-","-","-","-","-","-","-","-","-","-","-","-","-","-","-","-","4278","4865","6802","10025","11625","13807","15270","16957","18313","19699","20934","21420","20665","19717",
"세종특별자치시","40-44세","남자","","-","-","-","-","-","-","-","-","-","-","-","-","-","-","-","-","-","-","-","-","5440","6141","8241","11337","12668","14463","15616","16918","18085","19300","20249","20350","19537","18592",
"세종특별자치시","45-49세","전체","","-","-","-","-","-","-","-","-","-","-","-","-","-","-","-","-","-","-","-","-","8075","9103","11714","16008","19895","23850","27361","30597","32433","33765","35321","35413","36891","38134",
"세종특별자치시","45-49세","여자","","-","-","-","-","-","-","-","-","-","-","-","-","-","-","-","-","-","-","-","-","3690","4135","5335","7286","9032","10875","12592","14291","15330","16234","17340","17519","18553","19257",
"세종특별자치시","45-49세","남자","","-","-","-","-","-","-","-","-","-","-","-","-","-","-","-","-","-","-","-","-","4385","4968","6379","8722","10863","12975","14769","16306","17103","17531","17981","17894","18338","18877",
"세종특별자치시","50-54세","전체","","-","-","-","-","-","-","-","-","-","-","-","-","-","-","-","-","-","-","-","-","9046","9487","11064","13541","14927","16992","19987","22627","24767","28013","30068","31378","32886","33472",
"세종특별자치시","50-54세","여자","","-","-","-","-","-","-","-","-","-","-","-","-","-","-","-","-","-","-","-","-","4233","4428","5101","6360","7024","8113","9556","10833","11801","13251","14081","14756","15530","16018",
"세종특별자치시","50-54세","남자","","-","-","-","-","-","-","-","-","-","-","-","-","-","-","-","-","-","-","-","-","4813","5059","5963","7181","7903","8879","10431","11794","12966","14762","15987","16622","17356","17454",
"세종특별자치시","55-59세","전체","","-","-","-","-","-","-","-","-","-","-","-","-","-","-","-","-","-","-","-","-","7474","8266","9717","12331","14513","16679","18386","19853","20438","20863","21599","23055","24244","25655",
"세종특별자치시","55-59세","여자","","-","-","-","-","-","-","-","-","-","-","-","-","-","-","-","-","-","-","-","-","3600","3921","4675","5971","7114","8164","8979","9667","9910","10044","10460","11176","11802","12363",
"세종특별자치시","55-59세","남자","","-","-","-","-","-","-","-","-","-","-","-","-","-","-","-","-","-","-","-","-","3874","4345","5042","6360","7399","8515","9407","10186","10528","10819","11139","11879","12442","13292",
"세종특별자치시","60-64세","전체","","-","-","-","-","-","-","-","-","-","-","-","-","-","-","-","-","-","-","-","-","5692","5955","6951","8952","10713","12550","14769","16584","18009","19706","20786","20922","21369","21186",
"세종특별자치시","60-64세","여자","","-","-","-","-","-","-","-","-","-","-","-","-","-","-","-","-","-","-","-","-","2884","3010","3478","4484","5400","6297","7409","8296","9008","9877","10387","10414","10590","10514",
"세종특별자치시","60-64세","남자","","-","-","-","-","-","-","-","-","-","-","-","-","-","-","-","-","-","-","-","-","2808","2945","3473","4468","5313","6253","7360","8288","9001","9829","10399","10508","10779","10672",
"세종특별자치시","65-69세","전체","","-","-","-","-","-","-","-","-","-","-","-","-","-","-","-","-","-","-","-","-","4556","4776","5418","6662","7446","8550","9492","10624","12130","13816","15002","16311","17415","18326",
"세종특별자치시","65-69세","여자","","-","-","-","-","-","-","-","-","-","-","-","-","-","-","-","-","-","-","-","-","2447","2536","2860","3443","3861","4411","4904","5433","6196","7049","7604","8286","8867","9348",
"세종특별자치시","65-69세","남자","","-","-","-","-","-","-","-","-","-","-","-","-","-","-","-","-","-","-","-","-","2109","2240","2558","3219","3585","4139","4588","5191","5934","6767","7398","8025","8548","8978",
"세종특별자치시","70-74세","전체","","-","-","-","-","-","-","-","-","-","-","-","-","-","-","-","-","-","-","-","-","5064","5078","5294","5637","5763","6040","6622","7437","8276","8733","9541","9916","10696","11901",
"세종특별자치시","70-74세","여자","","-","-","-","-","-","-","-","-","-","-","-","-","-","-","-","-","-","-","-","-","2869","2883","2981","3177","3170","3277","3495","3904","4287","4503","4901","5122","5491","6123",
"세종특별자치시","70-74세","남자","","-","-","-","-","-","-","-","-","-","-","-","-","-","-","-","-","-","-","-","-","2195","2195","2313","2460","2593","2763","3127","3533","3989","4230","4640","4794","5205","5778",
"세종특별자치시","75-79세","전체","","-","-","-","-","-","-","-","-","-","-","-","-","-","-","-","-","-","-","-","-","3850","4028","4394","4714","5030","5670","5911","6008","6116","6042","6164","6562","7086","7734",
"세종특별자치시","75-79세","여자","","-","-","-","-","-","-","-","-","-","-","-","-","-","-","-","-","-","-","-","-","2308","2369","2609","2798","2981","3329","3435","3463","3503","3402","3410","3563","3785","4105",
"세종특별자치시","75-79세","남자","","-","-","-","-","-","-","-","-","-","-","-","-","-","-","-","-","-","-","-","-","1542","1659","1785","1916","2049","2341","2476","2545","2613","2640","2754","2999","3301","3629",
"세종특별자치시","80세 이상","전체","","-","-","-","-","-","-","-","-","-","-","-","-","-","-","-","-","-","-","-","-","-","","","","","","","","","","","","","",
"세종특별자치시","80세 이상","여자","","-","-","-","-","-","-","-","-","-","-","-","-","-","-","-","-","-","-","-","-","-","","","","","","","","","","","","","",
"세종특별자치시","80세 이상","남자","","-","-","-","-","-","-","-","-","-","-","-","-","-","-","-","-","-","-","-","-","-","","","","","","","","","","","","","",
"세종특별자치시","80-84세","전체","","-","-","-","-","-","-","-","-","-","-","-","-","-","-","-","-","-","-","-","-","2263","2438","2786","3178","3501","3826","4063","4372","4429","4665","5094","5160","5211","5150",
"세종특별자치시","80-84세","여자","","-","-","-","-","-","-","-","-","-","-","-","-","-","-","-","-","-","-","-","-","1539","1652","1848","2101","2281","2466","2598","2790","2785","2914","3106","3136","3143","3069",
"세종특별자치시","80-84세","남자","","-","-","-","-","-","-","-","-","-","-","-","-","-","-","-","-","-","-","-","-","724","786","938","1077","1220","1360","1465","1582","1644","1751","1988","2024","2068","2081",
"세종특별자치시","85세 이상","전체","","-","-","-","-","-","-","-","-","-","-","-","-","-","-","-","-","-","-","-","-","-","","","","","","","","","","","","","",
"세종특별자치시","85세 이상","여자","","-","-","-","-","-","-","-","-","-","-","-","-","-","-","-","-","-","-","-","-","-","","","","","","","","","","","","","",
"세종특별자치시","85세 이상","남자","","-","-","-","-","-","-","-","-","-","-","-","-","-","-","-","-","-","-","-","-","-","","","","","","","","","","","","","",
"세종특별자치시","85-89세","전체","","-","-","-","-","-","-","-","-","-","-","-","-","-","-","-","-","-","-","-","-","1007","1104","1295","1540","1718","1942","2145","2392","2680","2892","2985","3074","3201","3171",
"세종특별자치시","85-89세","여자","","-","-","-","-","-","-","-","-","-","-","-","-","-","-","-","-","-","-","-","-","718","801","951","1125","1264","1429","1580","1725","1909","2037","2090","2126","2193","2125",
"세종특별자치시","85-89세","남자","","-","-","-","-","-","-","-","-","-","-","-","-","-","-","-","-","-","-","-","-","289","303","344","415","454","513","565","667","771","855","895","948","1008","1046",
"세종특별자치시","90-94세","전체","","-","-","-","-","-","-","-","-","-","-","-","-","-","-","-","-","-","-","-","-","352","397","465","541","576","636","736","882","994","1071","1165","1222","1330","1447",
"세종특별자치시","90-94세","여자","","-","-","-","-","-","-","-","-","-","-","-","-","-","-","-","-","-","-","-","-","264","291","342","421","454","498","568","683","772","846","932","969","1036","1116",
"세종특별자치시","90-94세","남자","","-","-","-","-","-","-","-","-","-","-","-","-","-","-","-","-","-","-","-","-","88","106","123","120","122","138","168","199","222","225","233","253","294","331",
"세종특별자치시","95세 이상","전체","","-","-","-","-","-","-","-","-","-","-","-","-","-","-","-","-","-","-","-","-","-","","","","","","","","","","","","","",
"세종특별자치시","95세 이상","여자","","-","-","-","-","-","-","-","-","-","-","-","-","-","-","-","-","-","-","-","-","-","","","","","","","","","","","","","",
"세종특별자치시","95세 이상","남자","","-","-","-","-","-","-","-","-","-","-","-","-","-","-","-","-","-","-","-","-","-","","","","","","","","","","","","","",
"세종특별자치시","95-99세","전체","","-","-","-","-","-","-","-","-","-","-","-","-","-","-","-","-","-","-","-","-","83","97","91","93","114","138","155","181","206","217","233","272","323","349",
"세종특별자치시","95-99세","여자","","-","-","-","-","-","-","-","-","-","-","-","-","-","-","-","-","-","-","-","-","69","83","83","80","97","111","119","141","165","179","194","223","264","279",
"세종특별자치시","95-99세","남자","","-","-","-","-","-","-","-","-","-","-","-","-","-","-","-","-","-","-","-","-","14","14","8","13","17","27","36","40","41","38","39","49","59","70",
"세종특별자치시","100세 이상","전체","","-","-","-","-","-","-","-","-","-","-","-","-","-","-","-","-","-","-","-","-","39","40","34","34","49","49","54","53","50","27","35","43","39","37",
"세종특별자치시","100세 이상","여자","","-","-","-","-","-","-","-","-","-","-","-","-","-","-","-","-","-","-","-","-","23","23","24","25","41","43","47","44","40","20","28","38","35","32",
"세종특별자치시","100세 이상","남자","","-","-","-","-","-","-","-","-","-","-","-","-","-","-","-","-","-","-","-","-","16","17","10","9","8","6","7","9","10","7","7","5","4","5",
"경기도","계","전체","","6613094","7005232","7421823","7789424","8155794","8470594","8672632","8934332","9219343","9544496","9927473","10206851","10462920","10697215","10906033","11106211","11292264","11460610","11786622","11937415","12093299","12234630","12357830","12522606","12716780","12873895","13077153","13239666","13427014","13565450","13589432","13630821","13694685","13730135",
"경기도","계","여자","","3270006","3462449","3663879","3843086","4025233","4183897","4288715","4420941","4560820","4722129","4915244","5056302","5185600","5301715","5406237","5508005","5601591","5687041","5844168","5922058","6002264","6075437","6138017","6222794","6321327","6398572","6499652","6579671","6672545","6738152","6750156","6774926","6812499","6835145",
"경기도","계","남자","","3343088","3542783","3757944","3946338","4130561","4286697","4383917","4513391","4658523","4822367","5012229","5150549","5277320","5395500","5499796","5598206","5690673","5773569","5942454","6015357","6091035","6159193","6219813","6299812","6395453","6475323","6577501","6659995","6754469","6827298","6839276","6855895","6882186","6894990",
"경기도","0-4세","전체","","630419","669928","708958","750445","764392","764594","747637","738830","735969","727717","710960","686976","662787","620379","600338","605318","603375","599524","617702","625123","623343","617839","614742","609016","598082","570103","553751","525180","486768","451584","426327","402048","387676","384411",
"경기도","0-4세","여자","","300513","318449","335639","355148","361282","362370","355680","352766","352331","349157","341134","329912","318654","299146","289992","293466","293066","291401","300153","303944","303072","300318","299578","297212","291902","277884","270077","255900","237189","220307","208271","196295","189429","187353",
"경기도","0-4세","남자","","329906","351479","373319","395297","403110","402224","391957","386064","383638","378560","369826","357064","344133","321233","310346","311852","310309","308123","317549","321179","320271","317521","315164","311804","306180","292219","283674","269280","249579","231277","218056","205753","198247","197058",
"경기도","5-9세","전체","","566706","584987","615066","643124","684204","728667","760338","792721","819979","828784","836209","829935","820235","813984","792587","755912","725715","695410","652195","630045","635232","633737","629231","642218","653028","656397","656105","659810","659216","648343","614627","587502","552312","505554",
"경기도","5-9세","여자","","275228","282962","297134","309285","328938","348669","362709","376394","389403","393120","397477","395545","392537","390340","381007","362948","348958","334823","314865","304545","307910","307786","305634","311902","317674","319427","319356","321676","322008","316881","300053","286897","269415","246915",
"경기도","5-9세","남자","","291478","302025","317932","333839","355266","379998","397629","416327","430576","435664","438732","434390","427698","423644","411580","392964","376757","360587","337330","325500","327322","325951","323597","330316","335354","336970","336749","338134","337208","331462","314574","300605","282897","258639",
"경기도","10-14세","전체","","545082","591018","608897","614686","612540","609256","615607","634727","656121","696877","748097","784985","823183","851859","856250","850545","842148","827041","823386","799746","763234","733691","702313","655036","634739","641829","644137","643213","660978","673470","675472","669391","669968","663714",
"경기도","10-14세","여자","","266978","289313","297299","299870","298032","296106","298248","307256","316053","335116","358225","374862","391292","404856","406206","404711","401950","396517","395718","385154","367086","353037","338384","316535","307176","311715","313643","313410","321991","328544","329640","326930","327688","324880",
"경기도","10-14세","남자","","278104","301705","311598","314816","314508","313150","317359","327471","340068","361761","389872","410123","431891","447003","450044","445834","440198","430524","427668","414592","396148","380654","363929","338501","327563","330114","330494","329803","338987","344926","345832","342461","342280","338834",
"경기도","15-19세","전체","","480140","482128","505224","534708","577001","612323","641936","645168","643671","635674","631074","634559","652383","673612","713138","757012","791986","825585","857640","860402","855916","847111","831568","824703","804776","768807","740759","712249","667236","647535","652254","651240","648339","662787",
"경기도","15-19세","여자","","236040","235863","247777","261306","282101","298813","313615","314556","313687","308872","306544","307508","315754","324730","343755","363128","378782","392936","408356","408993","408038","404993","399166","396753","387892","370131","356883","343864","323377","314398","317643","317954","316609","323937",
"경기도","15-19세","남자","","244100","246265","257447","273402","294900","313510","328321","330612","329984","326802","324530","327051","336629","348882","369383","393884","413204","432649","449284","451409","447878","442118","432402","427950","416884","398676","383876","368385","343859","333137","334611","333286","331730","338850",
"경기도","20-24세","전체","","634185","644508","651217","648889","639341","632102","605422","612073","637325","676142","718059","755015","749979","742396","719516","693076","683369","693385","715102","748357","788816","819534","849052","875219","881482","874979","866515","854474","856236","839318","793049","755027","718692","663926",
"경기도","20-24세","여자","","318627","322338","322615","322149","317483","315796","301454","304987","315366","333620","353682","373620","370764","367101","354800","341255","334742","338382","346590","362452","380095","393736","405422","417438","419249","416464","413066","408423","410140","402563","379601","362038","345374","319563",
"경기도","20-24세","남자","","315558","322170","328602","326740","321858","316306","303968","307086","321959","342522","364377","381395","379215","375295","364716","351821","348627","355003","368512","385905","408721","425798","443630","457781","462233","458515","453449","446051","446096","436755","413448","392989","373318","344363",
"경기도","25-29세","전체","","751648","782221","805458","833985","874537","889651","874921","863156","847719","828253","831391","812594","817845","844897","875638","892641","904335","873621","852871","810529","773284","756605","759378","769651","805768","846545","882539","916221","951612","958951","944242","927111","908856","893678",
"경기도","25-29세","여자","","375385","394984","408416","423467","446216","450407","443489","436658","428393","417143","418836","405124","407682","417594","431443","438431","444718","428064","417160","395085","376595","367090","367361","369934","386589","403314","418184","430833","445971","447883","441549","434990","429169","423371",
"경기도","25-29세","남자","","376263","387237","397042","410518","428321","439244","431432","426498","419326","411110","412555","407470","410163","427303","444195","454210","459617","445557","435711","415444","396689","389515","392017","399717","419179","443231","464355","485388","505641","511068","502693","492121","479687","470307",
"경기도","30-34세","전체","","844946","875327","907259","923617","923237","928441","956317","978352","997680","1043767","1079219","1083488","1075561","1052618","1016473","993216","953715","945470","972984","990869","1001797","1012245","973976","935451","892726","852494","840587","847913","861075","899899","934442","959377","988842","1008733",
"경기도","30-34세","여자","","399094","417833","436799","448116","447320","456616","476289","490831","500535","526687","540449","541963","536469","524993","505953","495672","473291","470011","481908","490170","493828","499672","478261","458599","436066","415694","407863","409931","413584","430285","443521","453696","465170","474214",
"경기도","30-34세","남자","","445852","457494","470460","475501","475917","471825","480028","487521","497145","517080","538770","541525","539092","527625","510520","497544","480424","475459","491076","500699","507969","512573","495715","476852","456660","436800","432724","437982","447491","469614","490921","505681","523672","534519",
"경기도","35-39세","전체","","568079","655186","741377","822747","901106","955624","972038","991682","993928","989709","1005410","1049382","1080137","1105908","1145526","1163873","1164304","1152975","1142055","1097586","1069274","1026762","1017575","1033719","1063220","1082495","1108984","1077914","1046384","1000548","947858","919357","918541","916714",
"경기도","35-39세","여자","","256024","296930","338677","378340","418538","446914","458228","470643","475656","472845","487466","514023","533193","546623","569504","575408","575702","569245","563705","542585","530867","507715","504381","511201","525627","532554","545496","527537","511032","486543","460552","445466","444659","441706",
"경기도","35-39세","남자","","312055","358256","402700","444407","482568","508710","513810","521039","518272","516864","517944","535359","546944","559285","576022","588465","588602","583730","578350","555001","538407","519047","513194","522518","537593","549941","563488","550377","535352","514005","487306","473891","473882","475008",
"경기도","40-44세","전체","","340327","375546","431079","501556","579709","637547","708578","777882","847997","922692","982028","1005104","1028227","1032094","1022608","1027507","1070881","1100821","1143720","1184314","1203191","1201794","1188574","1161579","1124294","1101717","1070647","1074539","1102570","1136759","1152412","1165573","1124377","1075552",
"경기도","40-44세","여자","","154061","169739","194533","226825","264008","291434","324609","358575","393030","431283","461573","474682","488015","492840","487656","496895","522653","540714","560543","584184","590808","590688","583677","572014","554095","544993","526742","529485","541481","557686","563039","570061","548042","524083",
"경기도","40-44세","남자","","186266","205807","236546","274731","315701","346113","383969","419307","454967","491409","520455","530422","540212","539254","534952","530612","548228","560107","583177","600130","612383","611106","604897","589565","570199","556724","543905","545054","561089","579073","589373","595512","576335","551469",
"경기도","45-49세","전체","","269979","295932","325117","350245","362778","396954","417142","459939","526528","603662","663941","739086","809790","877812","947406","995754","1016331","1036010","1055162","1043576","1046279","1087138","1114793","1141358","1188236","1212243","1220584","1215659","1196853","1159414","1132191","1091358","1090497","1107915",
"경기도","45-49세","여자","","131365","141382","153106","165205","171388","186561","195729","215397","246571","283855","313116","348620","382543","415292","449934","473782","484643","495914","506446","499306","507121","532083","548859","562199","588670","597156","601067","597342","589106","570255","558850","536075","536810","544559",
"경기도","45-49세","남자","","138614","154550","172011","185040","191390","210393","221413","244542","279957","319807","350825","390466","427247","462520","497472","521972","531688","540096","548716","544270","539158","555055","565934","579159","599566","615087","619517","618317","607747","589159","573341","555283","553687","563356",
"경기도","50-54세","전체","","272640","284326","294849","301383","311037","321356","337320","356061","377764","388042","425865","450955","495243","561493","634362","686124","758620","826891","909191","975960","1020950","1036626","1050866","1051233","1044815","1050438","1097798","1131608","1164819","1213970","1233203","1234364","1224846","1196380",
"경기도","50-54세","여자","","141279","146401","150758","152451","155837","159719","165590","173380","183509","188696","206294","218256","238743","270607","305851","330300","364108","397187","435918","469417","491296","499606","507479","509935","504931","513666","541661","561058","577267","604211","610282","610656","604586","591593",
"경기도","50-54세","남자","","131361","137925","144091","148932","155200","161637","171730","182681","194255","199346","219571","232699","256500","290886","328511","355824","394512","429704","473273","506543","529654","537020","543387","541298","539884","536772","556137","570550","587552","609759","622921","623708","620260","604787",
"경기도","55-59세","전체","","228128","246778","266057","271956","288411","312960","316605","319389","324508","333200","347156","369798","390023","412165","417241","448562","470903","512556","588602","661379","710465","779947","845167","910770","981143","1027318","1048179","1067220","1070101","1060874","1060219","1101635","1132761","1159589",
"경기도","55-59세","여자","","123579","132134","141238","143095","150998","162933","164702","166013","167644","170783","177225","187302","195947","206485","208813","222911","233576","253106","289786","325003","348032","380600","412532","444348","479863","502010","512586","522633","525348","518006","523146","547642","566084","579335",
"경기도","55-59세","남자","","104549","114644","124819","128861","137413","150027","151903","153376","156864","162417","169931","182496","194076","205680","208428","225651","237327","259450","298816","336376","362433","399347","432635","466422","501280","525308","535593","544587","544753","542868","537073","553993","566677","580254",
"경기도","60-64세","전체","","166671","179461","196235","211234","231891","248384","262073","276819","285345","303492","333746","343706","347574","352487","357368","365480","386950","406149","433556","437067","466276","486078","526150","593771","669996","720695","794767","862325","927851","993321","1030329","1044120","1059375","1056988",
"경기도","60-64세","여자","","97863","104137","112282","119320","128757","136704","142884","150059","153680","162670","177924","183121","184834","186474","187774","190948","200121","208347","221744","223180","236347","245782","264610","298202","336006","360281","395872","429273","460951","493592","511255","518125","525892","525725",
"경기도","60-64세","남자","","68808","75324","83953","91914","103134","111680","119189","126760","131665","140822","155822","160585","162740","166013","169594","174532","186829","197802","211812","213887","229929","240296","261540","295569","333990","360414","398895","433052","466900","499729","519074","525995","533483","531263",
"경기도","65-69세","전체","","123842","130211","141758","149491","159845","171879","181071","194428","212422","233319","253082","272667","289701","299679","315596","342281","350640","353389","360847","365063","372403","391838","410808","433941","440224","471682","495135","537047","604583","676280","720633","787673","851635","910759",
"경기도","65-69세","여자","","74170","78838","86315","90909","96725","102720","107146","113708","122611","132665","142481","152246","160680","165135","173144","186824","190886","191673","194333","195104","197619","205960","214437","226041","228767","243473","255187","275473","309961","345727","367239","399536","431639","460387",
"경기도","65-69세","남자","","49672","51373","55443","58582","63120","69159","73925","80720","89811","100654","110601","120421","129021","134544","142452","155457","159754","161716","166514","169959","174784","185878","196371","207900","211457","228209","239948","261574","294622","330553","353394","388137","419996","450372",
"경기도","70-74세","전체","","90332","99386","106025","108867","113682","117628","122329","131902","141486","151100","164761","176932","191663","210340","230016","246130","263826","279940","291622","307393","332927","340393","344170","350197","357143","367856","390436","411432","433469","435645","462505","481771","520790","584546",
"경기도","70-74세","여자","","53306","59116","63566","66473","70128","73250","76854","83046","88823","94317","101558","107826","115420","124860","134802","142610","151524","159723","164818","172731","185823","189263","190271","192415","194675","198958","209238","219052","230467","231172","244131","253883","273224","306074",
"경기도","70-74세","남자","","37026","40270","42459","42394","43554","44378","45475","48856","52663","56783","63203","69106","76243","85480","95214","103520","112302","120217","126804","134662","147104","151130","153899","157782","162468","168898","181198","192380","203002","204473","218374","227888","247566","278472",
"경기도","75-79세","전체","","55718","59568","64048","66680","71297","77515","84081","88110","92873","97491","103069","109446","119736","129018","137470","148468","159405","172611","191541","209193","223672","239992","255530","266001","283006","309458","320028","325840","332346","337928","346158","365332","384324","403664",
"경기도","75-79세","여자","","35274","37733","40172","41838","44495","48617","52935","55730","59351","62790","66871","71447","78380","84133","89137","95076","100768","107582","117663","127069","134493","142965","150970","155366","163992","177804","183116","185573","187966","189591","193120","201852","211074","221476",
"경기도","75-79세","남자","","20444","21835","23876","24842","26802","28898","31146","32380","33522","34701","36198","37999","41356","44885","48333","53392","58637","65029","73878","82124","89179","97027","104560","110635","119014","131654","136912","140267","144380","148337","153038","163480","173250","182188",
"경기도","80세 이상","전체","","44252","-","-","-","-","-","-","-","-","-","-","-","-","-","-","-","-","-","178446","-","-","","","","","","","","","","","","","",
"경기도","80세 이상","여자","","31220","-","-","-","-","-","-","-","-","-","-","-","-","-","-","-","-","-","124462","-","-","","","","","","","","","","","","","",
"경기도","80세 이상","남자","","13032","-","-","-","-","-","-","-","-","-","-","-","-","-","-","-","-","-","53984","-","-","","","","","","","","","","","","","",
"경기도","80-84세","전체","","-","32329","34665","36264","38754","41626","43485","45885","48978","52955","58955","65317","69139","73396","77445","81832","87364","96131","105422","112985","122147","131505","143036","158801","175095","188866","204531","220092","230649","245205","266381","274613","280350","285890",
"경기도","80-84세","여자","","-","21669","23444","24722","26641","28433","29576","30733","32622","35121","39013","43108","45840","49280","52464","55792","59993","65935","71968","76688","81978","86995","93446","102378","111608","119020","127728","136197","141312","149220","160505","164798","167593","169490",
"경기도","80-84세","남자","","-","10660","11221","11542","12113","13193","13909","15152","16356","17834","19942","22209","23299","24116","24981","26040","27371","30196","33454","36297","40169","44510","49590","56423","63487","69846","76803","83895","89337","95985","105876","109815","112757","116400",
"경기도","85세 이상","전체","","-","16392","18534","19547","22032","24087","25732","-","-","-","-","-","-","-","-","-","-","-","73024","-","-","","","","","","","","","","","","","",
"경기도","85세 이상","여자","","-","12628","14109","14567","16346","17835","18978","-","-","-","-","-","-","-","-","-","-","-","52494","-","-","","","","","","","","","","","","","",
"경기도","85세 이상","남자","","-","3764","4425","4980","5686","6252","6754","-","-","-","-","-","-","-","-","-","-","-","20530","-","-","","","","","","","","","","","","","",
"경기도","85-89세","전체","","-","-","-","-","-","-","-","20062","21232","22949","24914","26503","28539","31176","34009","38128","42861","45899","50462","53199","56458","60878","67809","74130","80245","87833","95293","105248","117564","129283","137340","148416","160324","168675",
"경기도","85-89세","여자","","-","-","-","-","-","-","-","14566","15487","16732","18078","19151","20232","22024","23874","26683","30081","32299","35773","38088","40688","44193","49099","53565","57410","62055","66620","72783","80352","87592","92206","98812","105838","110344",
"경기도","85-89세","남자","","-","-","-","-","-","-","-","5496","5745","6217","6836","7352","8307","9152","10135","11445","12780","13600","14689","15111","15770","16685","18710","20565","22835","25778","28673","32465","37212","41691","45134","49604","54486","58331",
"경기도","90-94세","전체","","-","-","-","-","-","-","-","5781","6443","7202","7888","8628","9172","9628","10511","11572","12468","13860","16407","18106","20480","23251","24673","26575","28395","30682","33705","38207","42084","45080","47654","51409","57036","64109",
"경기도","90-94세","여자","","-","-","-","-","-","-","-","4448","4871","5390","5918","6521","7011","7421","8143","8996","9602","10529","12127","13375","15093","17108","18119","19844","21418","23361","25787","29118","31929","34144","35787","38285","42041","46855",
"경기도","90-94세","남자","","-","-","-","-","-","-","-","1333","1572","1812","1970","2107","2161","2207","2368","2576","2866","3331","4280","4731","5387","6143","6554","6731","6977","7321","7918","9089","10155","10936","11867","13124","14995","17254",
"경기도","95세 이상","전체","","-","-","-","-","-","-","-","1365","1373","1467","1649","1775","2003","2274","2535","2780","3068","3342","6155","-","-","","","","","","","","","","","","","",
"경기도","95세 이상","여자","","-","-","-","-","-","-","-","1195","1195","1265","1380","1465","1610","1781","1985","2169","2427","2653","4594","-","-","","","","","","","","","","","","","",
"경기도","95세 이상","남자","","-","-","-","-","-","-","-","170","178","202","269","310","393","493","550","611","641","689","1561","-","-","","","","","","","","","","","","","",
"경기도","95-99세","전체","","-","-","-","-","-","-","-","-","-","-","-","-","-","-","-","-","-","-","-","4408","4856","5144","5660","6229","7062","8089","9071","9561","10305","10283","10411","11652","13197","14512",
"경기도","95-99세","여자","","-","-","-","-","-","-","-","-","-","-","-","-","-","-","-","-","-","-","-","3440","3789","3990","4305","4697","5288","6072","6790","7228","7955","8140","8397","9472","10649","11652",
"경기도","95-99세","남자","","-","-","-","-","-","-","-","-","-","-","-","-","-","-","-","-","-","-","-","968","1067","1154","1355","1532","1774","2017","2281","2333","2350","2143","2014","2180","2548","2860",
"경기도","100세 이상","전체","","-","-","-","-","-","-","-","-","-","-","-","-","-","-","-","-","-","-","-","2115","2299","2522","2759","3008","3305","3369","3602","3914","4315","1760","1725","1852","1947","2039",
"경기도","100세 이상","여자","","-","-","-","-","-","-","-","-","-","-","-","-","-","-","-","-","-","-","-","1545","1686","1857","2026","2216","2429","2540","2690","2882","3158","1412","1369","1463","1514","1633",
"경기도","100세 이상","남자","","-","-","-","-","-","-","-","-","-","-","-","-","-","-","-","-","-","-","-","570","613","665","733","792","876","829","912","1032","1157","348","356","389","433","406",
"강원특별자치도","계","전체","","1554106","1539801","1529304","1528488","1528671","1537106","1552667","1556979","1554688","1552407","1538720","1527034","1521375","1513110","1505420","1503806","1508575","1512870","1529818","1536448","1538630","1542263","1544442","1549507","1550806","1550142","1543052","1541502","1542840","1538492","1536498","1527807","1517766","1508500",
"강원특별자치도","계","여자","","773355","766246","761295","760561","761037","764826","771488","774043","773555","773641","766775","759740","756572","752468","748526","747622","749293","751600","760011","763170","764357","765765","766435","768073","769660","769507","766596","766116","766335","764160","763551","759358","754741","749925",
"강원특별자치도","계","남자","","780751","773555","768009","767927","767634","772280","781179","782936","781133","778766","771945","767294","764803","760642","756894","756184","759282","761270","769807","773278","774273","776498","778007","781434","781146","780635","776456","775386","776505","774332","772947","768449","763025","758575",
"강원특별자치도","0-4세","전체","","94832","95817","97088","99227","100341","101288","101804","100359","98440","95319","89280","83509","78453","71650","67122","65725","64237","63156","63036","63058","61967","60846","59952","58478","56219","52651","50000","47889","45209","42371","40760","38546","36232","34878",
"강원특별자치도","0-4세","여자","","45291","45489","45839","46873","47341","47994","48337","47948","47244","45553","42472","39938","37538","34353","32258","31529","30928","30423","30428","30481","30107","29536","29162","28607","27632","25709","24453","23424","22040","20685","19988","18859","17846","17108",
"강원특별자치도","0-4세","남자","","49541","50328","51249","52354","53000","53294","53467","52411","51196","49766","46808","43571","40915","37297","34864","34196","33309","32733","32608","32577","31860","31310","30790","29871","28587","26942","25547","24465","23169","21686","20772","19687","18386","17770",
"강원특별자치도","5-9세","전체","","112101","104223","100403","98191","98268","100468","102842","105049","106222","106410","104813","102532","100137","98133","94219","88907","84000","79251","73086","68972","67693","66022","64559","64797","65162","64075","62664","61667","60389","58600","55276","52326","49537","45795",
"강원특별자치도","5-9세","여자","","54671","50912","48964","47586","47536","48151","48958","49813","50398","50439","49875","48807","47940","47030","44998","42371","40106","37834","34891","33018","32450","31669","31095","31332","31516","31182","30572","30054","29528","28680","26891","25550","24178","22335",
"강원특별자치도","5-9세","남자","","57430","53311","51439","50605","50732","52317","53884","55236","55824","55971","54938","53725","52197","51103","49221","46536","43894","41417","38195","35954","35243","34353","33464","33465","33646","32893","32092","31613","30861","29920","28385","26776","25359","23460",
"강원특별자치도","10-14세","전체","","150223","145578","136543","127399","118093","109337","103961","101528","99212","99341","100323","100891","102206","103176","102756","101766","100400","98590","97415","94312","89231","84217","79252","73116","68928","67679","65948","64576","64876","65395","64689","63338","62226","60621",
"강원특별자치도","10-14세","여자","","73962","71714","66892","62285","57683","53315","50802","49524","48016","47997","48219","48134","48451","48902","48655","48308","47804","47247","46705","45107","42394","40154","37741","34961","33086","32460","31686","31150","31331","31519","31402","30738","30229","29591",
"강원특별자치도","10-14세","남자","","76261","73864","69651","65114","60410","56022","53159","52004","51196","51344","52104","52757","53755","54274","54101","53458","52596","51343","50710","49205","46837","44063","41511","38155","35842","35219","34262","33426","33545","33876","33287","32600","31997","31030",
"강원특별자치도","15-19세","전체","","166071","155045","148078","145163","143577","142384","140107","132750","124357","115530","106417","100140","97110","94572","94677","96215","98139","100292","101955","103072","102346","101381","99727","97957","94473","89267","84112","79223","72632","68490","67444","65715","64411","64730",
"강원특별자치도","15-19세","여자","","81925","76460","73211","71642","70571","69863","68625","64767","60442","56108","51614","48600","46956","45399","45388","45898","46412","47157","47986","48620","48418","48071","47480","46697","44911","42294","40028","37688","34622","32762","32188","31380","30874","31053",
"강원특별자치도","15-19세","남자","","84146","78585","74867","73521","73006","72521","71482","67983","63915","59422","54803","51540","50154","49173","49289","50317","51727","53135","53969","54452","53928","53310","52247","51260","49562","46973","44084","41535","38010","35728","35256","34335","33537","33677",
"강원특별자치도","20-24세","전체","","167458","163194","159226","153613","145498","140655","135906","131620","129751","128693","126914","125636","119460","111825","103694","96428","93378","91797","91847","94397","97252","100133","102619","105312","103672","102126","98929","95994","93554","89259","84349","79297","74517","68366",
"강원특별자치도","20-24세","여자","","76253","74375","72891","70646","67274","65470","63223","61481","60828","60516","59314","57878","54660","51045","47144","43784","41935","41498","40953","41983","43177","43968","44626","45231","45117","44959","43982","42811","41495","39495","37299","35252","33051","30311",
"강원특별자치도","20-24세","남자","","91205","88819","86335","82967","78224","75185","72683","70139","68923","68177","67600","67758","64800","60780","56550","52644","51443","50299","50894","52414","54075","56165","57993","60081","58555","57167","54947","53183","52059","49764","47050","44045","41466","38055",
"강원특별자치도","25-29세","전체","","122984","126008","127698","129777","131727","133699","135282","133256","128044","121531","114960","107889","104908","104440","104305","103871","103210","98941","94403","89401","83464","80231","79141","79490","81197","83788","83962","85108","86461","86165","85845","84313","81693","79763",
"강원특별자치도","25-29세","여자","","57828","58918","59510","59876","61261","61775","62184","61365","59509","56970","54620","51048","49759","49201","48930","48488","48031","45590","43216","40494","37546","35787","35068","34694","35583","36407","36328","36821","37215","37185","37291","36719","35758","34878",
"강원특별자치도","25-29세","남자","","65156","67090","68188","69901","70466","71924","73098","71891","68535","64561","60340","56841","55149","55239","55375","55383","55179","53351","51187","48907","45918","44444","44073","44796","45614","47381","47634","48287","49246","48980","48554","47594","45935","44885",
"강원특별자치도","30-34세","전체","","140512","136667","131357","126226","122223","120665","125718","128676","129723","130638","128364","125090","121992","117279","110956","106681","101278","98807","99282","99479","99373","98627","93916","89571","84641","79377","75791","75113","75078","76692","79567","81185","82347","83582",
"강원특별자치도","30-34세","여자","","69374","67252","64389","61692","58970","58049","60104","61431","61625","62583","61070","59603","58137","56239","53309","51769","49159","48113","48089","48166","47938","47441","44886","42513","39761","37182","35351","34989","34648","35455","36629","37012","37370","37956",
"강원특별자치도","30-34세","남자","","71138","69415","66968","64534","63253","62616","65614","67245","68098","68055","67294","65487","63855","61040","57647","54912","52119","50694","51193","51313","51435","51186","49030","47058","44880","42195","40440","40124","40430","41237","42938","44173","44977","45626",
"강원특별자치도","35-39세","전체","","116630","123855","129564","134625","139950","141041","139897","136387","130966","125943","122124","123597","124974","125690","126100","125714","124075","121786","119161","113816","109423","103617","100586","100183","100766","100811","99787","95556","91271","86125","80798","77409","76177","75094",
"강원특별자치도","35-39세","여자","","55705","59201","62506","65388","68464","69144","68397","66328","63531","60641","58878","59394","59880","59833","60473","59892","59243","58163","57351","54913","53454","50674","49279","49103","49536","49428","48879","46605","44278","41495","38766","36890","36185","35311",
"강원특별자치도","35-39세","남자","","60925","64654","67058","69237","71486","71897","71500","70059","67435","65302","63246","64203","65094","65857","65627","65822","64832","63623","61810","58903","55969","52943","51307","51080","51230","51383","50908","48951","46993","44630","42032","40519","39992","39783",
"강원특별자치도","40-44세","전체","","79632","80889","87299","97293","108403","113587","122504","129581","135027","140668","140265","137000","132620","126977","122200","119434","122549","125030","128252","129614","129553","127571","124929","121077","115638","111426","105296","102290","102266","102885","103663","102533","97701","92483",
"강원특별자치도","40-44세","여자","","39307","39804","42642","47055","52015","54149","58374","62351","65379","68540","68503","66761","64275","61549","58514","57311","58680","59858","61068","61910","61485","60787","59725","58222","55796","54320","51405","50131","50283","50679","51044","50486","47920","45110",
"강원특별자치도","40-44세","남자","","40325","41085","44657","50238","56388","59438","64130","67230","69648","72128","71762","70239","68345","65428","63686","62123","63869","65172","67184","67704","68068","66784","65204","62855","59842","57106","53891","52159","51983","52206","52619","52047","49781","47373",
"강원특별자치도","45-49세","전체","","79838","77998","75486","73864","71472","76691","79177","86395","96528","107676","112254","119979","126592","131669","136940","137659","136203","132631","129643","125396","122500","125598","127821","129330","130734","130790","128700","126002","122112","116537","112209","106286","102988","102490",
"강원특별자치도","45-49세","여자","","39715","38781","37344","36713","35860","38321","39421","42566","47072","52200","53948","57660","61282","63995","66971","67466","66609","64469","62945","60207","58915","60304","61287","61607","62688","62297","61346","60339","58819","56358","54818","52023","50676","50413",
"강원특별자치도","45-49세","남자","","40123","39217","38142","37151","35612","38370","39756","43829","49456","55476","58306","62319","65310","67674","69969","70193","69594","68162","66698","65189","63585","65294","66534","67723","68046","68493","67354","65663","63293","60179","57391","54263","52312","52077",
"강원특별자치도","50-54세","전체","","91365","89218","86078","83046","79603","76491","75817","74352","73154","70797","75910","77974","84923","94915","105994","111166","120172","127494","135147","141225","142147","140264","136618","131762","127620","125042","127837","130059","132013","133400","133438","131013","127662","123032",
"강원특별자치도","50-54세","여자","","46255","45404","43992","42470","40500","38757","38315","37339","36921","36002","38363","39145","42234","46726","51753","53876","58120","62150","66336","69673","70191","69073","66808","64223","61488","60380","61710","62805","63336","64249","63965","62951","61534","59627",
"강원특별자치도","50-54세","남자","","45110","43814","42086","40576","39103","37734","37502","37013","36233","34795","37547","38829","42689","48189","54241","57290","62052","65344","68811","71552","71956","71191","69810","67539","66132","64662","66127","67254","68677","69151","69473","68062","66128","63405",
"강원특별자치도","55-59세","전체","","71991","76381","80053","82218","83538","86440","85391","83313","80771","77857","74832","73948","72656","71564","69443","75231","78018","85531","97503","109375","114821","123880","131118","137524","144107","145797","143798","140529","135802","131186","128587","131500","133185","134258",
"강원특별자치도","55-59세","여자","","37431","39240","40885","42000","43055","44961","44549","43591","42260","40560","38769","38118","37126","36643","35716","38446","39627","42987","48691","54308","56554","60936","64846","68301","71842","72664","71441","69286","66818","63793","62689","64077","64908","65128",
"강원특별자치도","55-59세","남자","","34560","37141","39168","40218","40483","41479","40842","39722","38511","37297","36063","35830","35530","34921","33727","36785","38391","42544","48812","55067","58267","62944","66272","69223","72265","73133","72357","71243","68984","67393","65898","67423","68277","69130",
"강원특별자치도","60-64세","전체","","50977","52329","54416","57598","62761","67236","72136","76126","78548","80338","83340","82175","80157","77749","75002","72811","72994","72334","72583","71112","77166","80337","88274","99239","111497","117337","126842","134610","141486","148211","149999","147791","144120","138919",
"강원특별자치도","60-64세","여자","","29834","30391","31205","32385","34397","36081","38203","40050","41258","42459","44341","43781","42752","41428","39595","38067","37936","37291","37534","37000","39966","41297","44951","50038","55769","58247","62888","66988","70613","74137","75101","73799","71519","68688",
"강원특별자치도","60-64세","남자","","21143","21938","23211","25213","28364","31155","33933","36076","37290","37879","38999","38394","37405","36321","35407","34744","35058","35043","35049","34112","37200","39040","43323","49201","55728","59090","63954","67622","70873","74074","74898","73992","72601","70231",
"강원특별자치도","65-69세","전체","","40980","41234","42354","43901","44793","46451","48280","50481","53551","58412","62700","67005","70674","73039","74909","78198","78040","76805","75915","73979","72333","72813","72361","72213","70835","77070","80305","88478","100092","111947","117951","127532","135014","141429",
"강원특별자치도","65-69세","여자","","24040","24772","25964","26960","27384","28203","28975","29952","31160","33132","34791","36637","38284","39409","40596","42489","42413","41715","41012","39658","38379","38496","37934","37827","37189","40202","41540","45339","50811","56235","58789","63504","67566","71045",
"강원특별자치도","65-69세","남자","","16940","16462","16390","16941","17409","18248","19305","20529","22391","25280","27909","30368","32390","33630","34313","35709","35627","35090","34903","34321","33954","34317","34427","34386","33646","36868","38765","43139","49281","55712","59162","64028","67448","70384",
"강원특별자치도","70-74세","전체","","31268","32504","33281","34598","35265","35192","35865","37344","38692","39800","41175","42611","44636","47497","51860","55904","60271","64177","67374","69920","73834","73974","73256","72123","70620","69535","70180","69873","69876","68389","74596","77731","85627","96307",
"강원특별자치도","70-74세","여자","","18081","18744","19355","20445","21203","21540","22438","23796","24702","25297","25898","26476","27434","28628","30488","32144","34097","35919","37496","38997","41294","41361","40831","39940","38733","37709","37728","37158","37147","36450","39512","40854","44507","49645",
"강원특별자치도","70-74세","남자","","13187","13760","13926","14153","14062","13652","13427","13548","13990","14503","15277","16135","17202","18869","21372","23760","26174","28258","29878","30923","32540","32613","32425","32183","31887","31826","32452","32715","32729","31939","35084","36877","41120","46662",
"강원특별자치도","75-79세","전체","","21056","21599","22290","22835","23209","24146","25458","26270","27413","28184","28280","28757","30325","31606","32715","34044","35561","37879","41148","45140","48952","53034","56843","59607","62162","66086","66370","66118","65583","64238","63516","64145","63925","63671",
"강원특별자치도","75-79세","여자","","12961","13320","13623","13924","14130","14759","15488","16057","17050","17772","18194","18892","20155","21002","21641","22373","23134","24301","25801","27676","29384","31451","33363","34758","36169","38447","38546","38175","37582","36382","35430","35527","35027","34893",
"강원특별자치도","75-79세","남자","","8095","8279","8667","8911","9079","9387","9970","10213","10363","10412","10086","9865","10170","10604","11074","11671","12427","13578","15347","17464","19568","21583","23480","24849","25993","27639","27824","27943","28001","27856","28086","28618","28898","28778",
"강원특별자치도","80세 이상","전체","","16188","-","-","-","-","-","-","-","-","-","-","-","-","-","-","-","-","-","42068","-","-","","","","","","","","","","","","","",
"강원특별자치도","80세 이상","여자","","10722","-","-","-","-","-","-","-","-","-","-","-","-","-","-","-","-","-","29509","-","-","","","","","","","","","","","","","",
"강원특별자치도","80세 이상","남자","","5466","-","-","-","-","-","-","-","-","-","-","-","-","-","-","-","-","-","12559","-","-","","","","","","","","","","","","","",
"강원특별자치도","80-84세","전체","","-","11554","11900","12332","13001","13893","14479","15082","15430","15777","16439","17500","18208","19310","19961","20569","21324","22731","24365","25611","26927","28468","30548","33023","36316","39372","42777","46187","48895","51114","54321","54515","54420","54292",
"강원특별자치도","80-84세","여자","","-","7368","7699","8048","8572","9099","9467","9788","9947","10200","10680","11306","11833","12741","13281","13947","14773","15923","17039","17752","18606","19422","20628","21874","23591","25074","26896","28693","30149","31551","33474","33488","33204","32664",
"강원특별자치도","80-84세","남자","","-","4186","4201","4284","4429","4794","5012","5294","5483","5577","5759","6194","6375","6569","6680","6622","6551","6808","7326","7859","8321","9046","9920","11149","12725","14298","15881","17494","18746","19563","20847","21027","21216","21628",
"강원특별자치도","85세 이상","전체","","-","5708","6190","6582","6949","7442","8043","-","-","-","-","-","-","-","-","-","-","-","17703","-","-","","","","","","","","","","","","","",
"강원특별자치도","85세 이상","여자","","-","4101","4384","4573","4821","5195","5628","-","-","-","-","-","-","-","-","-","-","-","12470","-","-","","","","","","","","","","","","","",
"강원특별자치도","85세 이상","남자","","-","1607","1806","2009","2128","2247","2415","-","-","-","-","-","-","-","-","-","-","-","5233","-","-","","","","","","","","","","","","","",
"강원특별자치도","85-89세","전체","","-","-","-","-","-","-","-","6192","6489","7040","7671","7978","8281","8710","8948","9518","10483","11093","12230","12765","13337","14255","15347","16519","17472","18490","19546","21143","23117","25472","27179","29620","31938","33508",
"강원특별자치도","85-89세","여자","","-","-","-","-","-","-","-","4255","4515","4935","5315","5536","5669","5955","6170","6553","7162","7608","8534","8961","9502","10306","11309","12210","12822","13507","14111","15184","16316","17669","18644","20104","21462","22375",
"강원특별자치도","85-89세","남자","","-","-","-","-","-","-","-","1937","1974","2105","2356","2442","2612","2755","2778","2965","3321","3485","3696","3804","3835","3949","4038","4309","4650","4983","5435","5959","6801","7803","8535","9516","10476","11133",
"강원특별자치도","90-94세","전체","","-","-","-","-","-","-","-","1843","1954","2025","2169","2303","2470","2658","2936","3217","3419","3646","4100","4351","4671","5253","5681","6146","6527","7000","7509","8220","8971","9372","9621","10117","10888","11916",
"강원특별자치도","90-94세","여자","","-","-","-","-","-","-","-","1320","1355","1395","1525","1631","1765","1921","2146","2365","2518","2680","2946","3195","3393","3767","4052","4460","4806","5259","5752","6407","7014","7311","7479","7777","8332","9024",
"강원특별자치도","90-94세","남자","","-","-","-","-","-","-","-","523","599","630","644","672","705","737","790","852","901","966","1154","1156","1278","1486","1629","1686","1721","1741","1757","1813","1957","2061","2142","2340","2556","2892",
"강원특별자치도","95세 이상","전체","","-","-","-","-","-","-","-","375","416","428","490","520","593","651","683","748","824","899","1373","-","-","","","","","","","","","","","","","",
"강원특별자치도","95세 이상","여자","","-","-","-","-","-","-","-","321","343","342","386","395","442","469","500","546","606","674","990","-","-","","","","","","","","","","","","","",
"강원특별자치도","95세 이상","남자","","-","-","-","-","-","-","-","54","73","86","104","125","151","182","183","202","218","225","383","-","-","","","","","","","","","","","","","",
"강원특별자치도","95-99세","전체","","-","-","-","-","-","-","-","-","-","-","-","-","-","-","-","-","-","-","-","1024","1162","1219","1340","1432","1564","1726","1988","2073","2293","2286","2353","2505","2737","2931",
"강원특별자치도","95-99세","여자","","-","-","-","-","-","-","-","-","-","-","-","-","-","-","-","-","-","-","-","764","885","923","1004","1072","1180","1283","1450","1523","1692","1781","1879","2070","2273","2429",
"강원특별자치도","95-99세","남자","","-","-","-","-","-","-","-","-","-","-","-","-","-","-","-","-","-","-","-","260","277","296","336","360","384","443","538","550","601","505","474","435","464","502",
"강원특별자치도","100세 이상","전체","","-","-","-","-","-","-","-","-","-","-","-","-","-","-","-","-","-","-","-","429","478","523","554","608","656","697","711","794","864","358","337","390","421","435",
"강원특별자치도","100세 이상","여자","","-","-","-","-","-","-","-","-","-","-","-","-","-","-","-","-","-","-","-","287","319","342","360","403","445","497","504","546","598","289","273","298","322","341",
"강원특별자치도","100세 이상","남자","","-","-","-","-","-","-","-","-","-","-","-","-","-","-","-","-","-","-","-","142","159","181","194","205","211","200","207","248","266","69","64","92","99","94",
"충청북도","계","전체","","1403633","1418403","1425295","1439346","1454524","1470776","1484466","1492077","1497513","1496520","1492713","1489635","1488945","1488803","1494559","1506608","1519587","1527478","1549528","1562903","1565628","1572732","1578933","1583952","1591625","1594432","1599252","1600007","1600837","1597427","1595058","1593469","1591177","1596502",
"충청북도","계","여자","","697203","704246","708339","715174","722838","731124","738111","741747","744560","743932","742436","740678","739671","738971","741817","747641","754189","757510","768227","774922","776342","779870","782792","785056","788385","789341","790281","789623","789246","786755","784276","783021","781257","782837",
"충청북도","계","남자","","706430","714157","716956","724172","731686","739652","746355","750330","752953","752588","750277","748957","749274","749832","752742","758967","765398","769968","781301","787981","789286","792862","796141","798896","803240","805091","808971","810384","811591","810672","810782","810448","809920","813665",
"충청북도","0-4세","전체","","93683","97936","101311","105274","107355","108236","105987","103609","101397","96503","90451","85158","80139","73704","70273","70641","70649","70077","71813","73312","72631","71987","71310","69901","68043","64209","61420","57527","52777","48252","44390","41577","40110","40101",
"충청북도","0-4세","여자","","43818","45612","47051","49050","49893","50843","50204","49343","48314","46094","43077","40502","38251","35301","33838","34109","34134","33896","34727","35404","35305","35023","34866","34316","33343","31494","30141","28038","25637","23522","21571","20184","19521","19510",
"충청북도","0-4세","남자","","49865","52324","54260","56224","57462","57393","55783","54266","53083","50409","47374","44656","41888","38403","36435","36532","36515","36181","37086","37908","37326","36964","36444","35585","34700","32715","31279","29489","27140","24730","22819","21393","20589","20591",
"충청북도","5-9세","전체","","103466","99588","97443","96896","98733","102313","105935","108948","111062","111120","109881","107538","104619","102064","98086","92608","87798","83196","77129","73734","73339","72598","71505","72418","73502","72997","72239","71758","70594","68723","65020","61756","57727","53155",
"충청북도","5-9세","여자","","49895","47693","46434","45861","46751","48033","49570","50846","51916","51865","51741","51065","49845","48702","47050","44176","41920","39766","36936","35427","35327","35044","34595","34994","35511","35442","35228","35185","34666","33724","31895","30228","28025","25747",
"충청북도","5-9세","남자","","53571","51895","51009","51035","51982","54280","56365","58102","59146","59255","58140","56473","54774","53362","51036","48432","45878","43430","40193","38307","38012","37554","36910","37424","37991","37555","37011","36573","35928","34999","33125","31528","29702","27408",
"충청북도","10-14세","전체","","132063","131268","125648","119698","113587","107055","102908","100693","99172","99792","102006","104423","107332","109620","110314","109670","107848","105418","103464","99601","93833","88499","83558","76761","72974","72634","72100","71456","72924","73830","73336","72539","71797","70535",
"충청북도","10-14세","여자","","64283","64162","61381","58370","55110","51749","49371","48094","46961","47178","47867","48686","49925","51166","51508","51578","51124","50174","49402","47811","44864","42259","39871","36667","34925","34910","34674","34446","35248","35703","35563","35297","35136","34538",
"충청북도","10-14세","남자","","67780","67106","64267","61328","58477","55306","53537","52599","52211","52614","54139","55737","57407","58454","58806","58092","56724","55244","54062","51790","48969","46240","43687","40094","38049","37724","37426","37010","37676","38127","37773","37242","36661","35997",
"충청북도","15-19세","전체","","145948","137212","132864","131750","132065","131966","131883","126034","120006","113639","106462","101527","98342","96846","98038","100909","104151","106840","109737","110396","109219","107544","105332","102867","98821","93192","87613","82901","76455","72581","72546","71907","71199","72707",
"충청북도","15-19세","여자","","71978","67205","65044","64210","64706","64436","64745","61620","58578","55335","51588","48700","46770","45702","46159","47281","48532","49480","51017","51334","51228","50920","50080","49055","47384","44444","41677","39424","36428","34671","34735","34429","34174","34929",
"충청북도","15-19세","남자","","73970","70007","67820","67540","67359","67530","67138","64414","61428","58304","54874","52827","51572","51144","51879","53628","55619","57360","58720","59062","57991","56624","55252","53812","51437","48748","45936","43477","40027","37910","37811","37478","37025","37778",
"충청북도","20-24세","전체","","152709","151682","147752","143744","138761","135982","130499","127564","127125","126564","126424","125112","119236","113271","107017","101159","97451","95528","94601","95878","98184","101046","104404","107314","107711","106777","104809","101462","97947","92950","87492","83001","78553","73653",
"충청북도","20-24세","여자","","70906","70606","69327","67795","65712","64745","62316","61075","60721","60435","60393","59860","56721","53381","50089","47237","45297","44152","43544","44138","44841","45824","47020","48460","48657","48682","47934","46495","44873","42548","39844","37719","35727","33558",
"충청북도","20-24세","남자","","81803","81076","78425","75949","73049","71237","68183","66489","66404","66129","66031","65252","62515","59890","56928","53922","52154","51376","51057","51740","53343","55222","57384","58854","59054","58095","56875","54967","53074","50402","47648","45282","42826","40095",
"충청북도","25-29세","전체","","116265","124658","129446","131393","134764","135120","135212","132694","128663","123053","118679","111819","109442","109074","110017","111936","113491","109556","106381","101644","95203","91507","89609","89142","90423","92886","96132","98743","101262","101465","100818","98675","95193","93264",
"충청북도","25-29세","여자","","54357","58744","61494","62486","64292","64270","63770","62456","60998","58422","56594","53223","51959","51518","51975","52907","53897","51828","50123","47551","44218","42253","41280","40791","41077","41577","42095","42558","43487","43513","43645","43341","42061","41082",
"충청북도","25-29세","남자","","61908","65914","67952","68907","70472","70850","71442","70238","67665","64631","62085","58596","57483","57556","58042","59029","59594","57728","56258","54093","50985","49254","48329","48351","49346","51309","54037","56185","57775","57952","57173","55334","53132","52182",
"충청북도","30-34세","전체","","125992","125055","123669","123538","120042","120222","126938","131224","131426","132077","129810","127159","123235","119515","115678","114018","109374","107762","109605","111711","113083","113956","109741","105015","100107","93907","90687","88993","88242","89632","92559","96192","99423","103065",
"충청북도","30-34세","여자","","60787","60421","59561","59152","57165","57759","61489","63735","63693","64268","63071","61578","59561","58076","56147","55536","52875","52026","52650","53695","54241","54865","52629","50090","47426","44259","42287","41323","40404","40664","41041","42080","43254","44830",
"충청북도","30-34세","남자","","65205","64634","64108","64386","62877","62463","65449","67489","67733","67809","66739","65581","63674","61439","59531","58482","56499","55736","56955","58016","58842","59091","57112","54925","52681","49648","48400","47670","47838","48968","51518","54112","56169","58235",
"충청북도","35-39세","전체","","102006","109653","115575","120984","128810","132175","130588","129164","127785","122348","120124","125253","129161","129171","130968","130339","129407","126700","125500","121816","118936","113112","111015","111243","112483","113775","114881","111087","106435","100975","94873","91569","89851","90171",
"충청북도","35-39세","여자","","49126","52519","55376","58157","62100","63517","62875","61936","61123","58227","57773","60861","62888","62756","64005","63301","62617","61126","60783","58960","57868","54681","53649","53494","54125","54647","55343","53330","50990","48066","44827","42907","41924","41427",
"충청북도","35-39세","남자","","52880","57134","60199","62827","66710","68658","67713","67228","66662","64121","62351","64392","66273","66415","66963","67038","66790","65574","64717","62856","61068","58431","57366","57749","58358","59128","59538","57757","55445","52909","50046","48662","47927","48744",
"충청북도","40-44세","전체","","72868","75433","80631","89031","97900","103581","110987","117643","122476","129402","131517","128693","126802","125535","121280","120907","127530","131934","134088","136533","135061","133519","130294","126615","122308","119602","114093","112082","112956","113768","115356","115912","112017","107565",
"충청북도","40-44세","여자","","35156","36331","39063","43181","47227","49778","53032","56352","58820","62299","63236","61967","60856","59987","57692","57977","61684","63974","64797","66333","65237","64289","62546","61171","59045","58077","55015","54074","54290","54735","55368","55722","53593","51338",
"충청북도","40-44세","남자","","37712","39102","41568","45850","50673","53803","57955","61291","63656","67103","68281","66726","65946","65548","63588","62930","65846","67960","69291","70200","69824","69230","67748","65444","63263","61525","59078","58008","58666","59033","59988","60190","58424","56227",
"충청북도","45-49세","전체","","64230","64810","65288","66603","67773","72454","74959","80218","88676","97539","102637","109854","116101","120997","128723","131910","130450","129440","130184","126159","125059","131142","135432","135518","137329","135994","134530","131515","128238","123559","120834","114790","113007","114247",
"충청북도","45-49세","여자","","32293","32207","32006","32472","32957","35293","36433","39188","43459","47518","49744","52979","55951","58386","62227","63576","62994","62241","62416","60053","60027","63430","65789","65548","66797","65742","64815","63134","61930","59670","58652","55374","54444","54775",
"충청북도","45-49세","남자","","31937","32603","33282","34131","34816","37161","38526","41030","45217","50021","52893","56875","60150","62611","66496","68334","67456","67199","67768","66106","65032","67712","69643","69970","70532","70252","69715","68381","66308","63889","62182","59416","58563","59472",
"충청북도","50-54세","전체","","77373","76054","72722","70670","67121","63456","63937","64670","66039","67028","71548","74023","79306","87950","97267","102944","111188","118088","125352","133556","136202","134474","133430","132416","128372","127247","133349","137493","137933","139383","138204","136262","133275","130422",
"충청북도","50-54세","여자","","39848","39295","37666","36606","34623","32481","32297","32155","32716","33118","35282","36421","39167","43458","47763","50237","53948","57267","60877","64943","66050","65296","64421","63811","61419","61305","64768","67038","67033","68107","67025","65840","64131","63090",
"충청북도","50-54세","남자","","37525","36759","35056","34064","32498","30975","31640","32515","33323","33910","36266","37602","40139","44492","49504","52707","57240","60821","64475","68613","70152","69178","69009","68605","66953","65942","68581","70455","70900","71276","71179","70422","69144","67332",
"충청북도","55-59세","전체","","68866","70421","72088","71162","71645","74918","74049","71313","69243","65809","62214","62838","63711","65394","66683","71829","74926","80758","90566","100495","106162","114595","121752","127854","136462","139789","138079","136936","135867","131491","130109","136188","140166","140745",
"충청북도","55-59세","여자","","36732","37262","38014","37363","37675","39477","39081","37697","36629","34574","32340","32195","32122","32769","33328","35823","37325","40270","45094","49761","52383","56229","59818","62806","67024","68338","67430","66503","65809","63227","63022","66525","68669","68768",
"충청북도","55-59세","남자","","32134","33159","34074","33799","33970","35441","34968","33616","32614","31235","29874","30643","31589","32625","33355","36006","37601","40488","45472","50734","53779","58366","61934","65048","69438","71451","70649","70433","70058","68264","67087","69663","71497","71977",
"충청북도","60-64세","전체","","48459","51256","53988","58162","62384","65312","67062","69094","68283","68849","72073","71199","68772","66992","64301","61515","62782","64066","66638","68595","73471","76565","82651","92075","102400","108989","117557","124629","131059","139302","142582","140864","139672","138872",
"충청북도","60-64세","여자","","28208","29778","31012","32860","34734","35859","36544","37416","36751","37032","38878","38293","37103","35992","34173","32223","32400","32535","33703","34638","36965","38546","41619","46330","51146","54220","58181","61634","64802","68726","70001","69038","68116","67609",
"충청북도","60-64세","남자","","20251","21478","22976","25302","27650","29453","30518","31678","31532","31817","33195","32906","31669","31000","30128","29292","30382","31531","32935","33957","36506","38019","41032","45745","51254","54769","59376","62995","66257","70576","72581","71826","71556","71263",
"충청북도","65-69세","전체","","36733","37727","39847","41187","42626","44544","47242","49984","53940","58106","60725","62321","64420","63844","64717","68470","68414","66423","65834","63659","60934","62474","64080","66119","67836","73292","76533","82667","92282","102395","108884","117118","124413","130883",
"충청북도","65-69세","여자","","20855","21655","23368","24457","25596","26817","28377","29677","31438","33308","34295","34886","35742","35171","35587","37641","37539","36455","35905","34349","32442","32676","32976","33897","34740","37304","38922","42068","46806","51553","54564","58464","62052","65164",
"충청북도","65-69세","남자","","15878","16072","16479","16730","17030","17727","18865","20307","22502","24798","26430","27435","28678","28673","29130","30829","30875","29968","29929","29310","28492","29798","31104","32222","33096","35988","37611","40599","45476","50842","54320","58654","62361","65719",
"충청북도","70-74세","전체","","28616","29819","30264","31482","31620","31774","32794","34763","36150","37553","39210","41765","44526","48279","52144","54913","56872","59304","59464","60858","64505","64524","63061","62229","60318","58591","60285","61899","64012","65336","70585","73657","79592","88921",
"충청북도","70-74세","여자","","16615","17441","17652","18532","18745","18999","19730","21303","22429","23486","24462","25937","27262","29031","30883","32048","32950","34086","33861","34574","36479","36395","35584","34819","33356","31863","32173","32461","33442","34053","36531","38100","41111","45842",
"충청북도","70-74세","남자","","12001","12378","12612","12950","12875","12775","13064","13460","13721","14067","14748","15828","17264","19248","21261","22865","23922","25218","25603","26284","28026","28129","27477","27410","26962","26728","28112","29438","30570","31283","34054","35557","38481","43079",
"충청북도","75-79세","전체","","18944","19438","19909","20325","20749","22193","23172","23565","24696","24794","25100","25988","27979","29385","30903","32819","35322","38184","41971","45665","47887","49880","52342","52357","53799","57766","58146","57003","56507","54732","53249","54776","56403","58285",
"충청북도","75-79세","여자","","11593","11957","12166","12529","12721","13668","14329","14541","15369","15502","15769","16426","17947","19059","20156","21327","22853","24370","26319","28250","29297","30293","31469","31210","31892","34004","34092","33380","32805","31352","29946","30182","30527","31476",
"충청북도","75-79세","남자","","7351","7481","7743","7796","8028","8525","8843","9024","9327","9292","9331","9562","10032","10326","10747","11492","12469","13814","15652","17415","18590","19587","20873","21147","21907","23762","24054","23623","23702","23380","23303","24594","25876","26809",
"충청북도","80세 이상","전체","","15412","-","-","-","-","-","-","-","-","-","-","-","-","-","-","-","-","-","37201","-","-","","","","","","","","","","","","","",
"충청북도","80세 이상","여자","","10753","-","-","-","-","-","-","-","-","-","-","-","-","-","-","-","-","-","26073","-","-","","","","","","","","","","","","","",
"충청북도","80세 이상","남자","","4659","-","-","-","-","-","-","-","-","-","-","-","-","-","-","-","-","-","11128","-","-","","","","","","","","","","","","","",
"충청북도","80-84세","전체","","-","10795","10856","11207","11957","12404","12790","13158","13358","13771","14890","15666","16091","17068","17339","18039","19186","20891","22388","23760","25345","27448","29956","33110","36293","38489","40213","42548","42884","44266","47462","47659","46860","46326",
"충청북도","80-84세","여자","","-","7195","7278","7443","7913","8164","8457","8656","8799","9020","9839","10322","10543","11209","11434","11983","12827","14202","15352","16459","17445","18770","20214","21998","23786","24992","25863","27057","27003","27702","29573","29579","28944","28294",
"충청북도","80-84세","남자","","-","3600","3578","3764","4044","4240","4333","4502","4559","4751","5051","5344","5548","5859","5905","6056","6359","6689","7036","7301","7900","8678","9742","11112","12507","13497","14350","15491","15881","16564","17889","18080","17916","18032",
"충청북도","85세 이상","전체","","-","5598","5994","6240","6632","7071","7524","-","-","-","-","-","-","-","-","-","-","-","14813","-","-","","","","","","","","","","","","","",
"충청북도","85세 이상","여자","","-","4163","4446","4650","4918","5236","5491","-","-","-","-","-","-","-","-","-","-","-","10721","-","-","","","","","","","","","","","","","",
"충청북도","85세 이상","남자","","-","1435","1548","1590","1714","1835","2033","-","-","-","-","-","-","-","-","-","-","-","4092","-","-","","","","","","","","","","","","","",
"충청북도","85-89세","전체","","-","-","-","-","-","-","-","5728","5930","6358","6570","6750","7049","7223","7676","8640","9221","9542","10469","10790","11349","12228","13513","14581","15595","16823","18487","20308","22685","24927","26293","27590","29257","29462",
"충청북도","85-89세","여자","","-","-","-","-","-","-","-","4096","4227","4533","4629","4827","4986","5101","5395","6098","6541","6752","7435","7647","8136","8765","9820","10680","11495","12317","13429","14544","16027","17479","18281","19019","19961","19960",
"충청북도","85-89세","남자","","-","-","-","-","-","-","-","1632","1703","1825","1941","1923","2063","2122","2281","2542","2680","2790","3034","3143","3213","3463","3693","3901","4100","4506","5058","5764","6658","7448","8012","8571","9296","9502",
"충청북도","90-94세","전체","","-","-","-","-","-","-","-","1642","1719","1846","1994","2129","2200","2338","2586","2702","2811","3010","3237","3558","3991","4334","4555","4940","5161","5598","6093","6881","7504","7933","8487","9289","10262","11491",
"충청북도","90-94세","여자","","-","-","-","-","-","-","-","1245","1302","1399","1528","1612","1680","1780","1958","2061","2149","2296","2437","2687","3030","3310","3454","3750","3910","4272","4651","5299","5821","6177","6587","7244","7913","8710",
"충청북도","90-94세","남자","","-","-","-","-","-","-","-","397","417","447","466","517","520","558","628","641","662","714","800","871","961","1024","1101","1190","1251","1326","1442","1582","1683","1756","1900","2045","2349","2781",
"충청북도","95세 이상","전체","","-","-","-","-","-","-","-","369","367","369","398","420","482","533","549","640","716","761","1107","-","-","","","","","","","","","","","","","",
"충청북도","95세 이상","여자","","-","-","-","-","-","-","-","316","317","319","330","338","392","426","450","522","583","614","849","-","-","","","","","","","","","","","","","",
"충청북도","95세 이상","남자","","-","-","-","-","-","-","-","53","50","50","68","82","90","107","99","118","133","147","258","-","-","","","","","","","","","","","","","",
"충청북도","95-99세","전체","","-","-","-","-","-","-","-","-","-","-","-","-","-","-","-","-","-","-","-","895","923","945","993","1037","1217","1398","1485","1585","1705","1659","1700","1892","2116","2315",
"충청북도","95-99세","여자","","-","-","-","-","-","-","-","-","-","-","-","-","-","-","-","-","-","-","-","693","730","740","796","843","981","1109","1183","1249","1337","1334","1377","1533","1735","1925",
"충청북도","95-99세","남자","","-","-","-","-","-","-","-","-","-","-","-","-","-","-","-","-","-","-","-","202","193","205","197","194","236","289","302","336","368","325","323","359","381","390",
"충청북도","100세 이상","전체","","-","-","-","-","-","-","-","-","-","-","-","-","-","-","-","-","-","-","-","288","311","355","400","440","471","477","521","534","569","268","279","256","284","317",
"충청북도","100세 이상","여자","","-","-","-","-","-","-","-","-","-","-","-","-","-","-","-","-","-","-","-","215","229","262","296","326","346","343","380","383","408","229","228","216","239","265",
"충청북도","100세 이상","남자","","-","-","-","-","-","-","-","-","-","-","-","-","-","-","-","-","-","-","-","73","82","93","104","114","125","134","141","151","161","39","51","40","45","52",
"충청남도","계","전체","","1870723","1856333","1842157","1852361","1873499","1897074","1913428","1919330","1921604","1918137","1907725","1912803","1953406","1962646","1974433","1995531","2018537","2037582","2075514","2101284","2028777","2047631","2062273","2077649","2096727","2116770","2126282","2123709","2121029","2119257","2123037","2130119","2136574","2136753",
"충청남도","계","여자","","932581","924214","917405","922777","932728","944061","951311","953484","955191","953628","949435","952084","970758","974455","978607","987631","998220","1007857","1026151","1038272","1001965","1010210","1016381","1023210","1031962","1040500","1044273","1041771","1038395","1035891","1036405","1038549","1040446","1039694",
"충청남도","계","남자","","938142","932119","924752","929584","940771","953013","962117","965846","966413","964509","958290","960719","982648","988191","995826","1007900","1020317","1029725","1049363","1063012","1026812","1037421","1045892","1054439","1064765","1076270","1082009","1081938","1082634","1083366","1086632","1091570","1096128","1097059",
"충청남도","0-4세","전체","","107121","108976","111806","117248","122958","127345","127576","126649","125804","121453","113975","108580","105960","98395","94827","96105","97231","97862","100848","103537","99303","98875","98147","97179","95052","90932","86639","80582","73073","66394","61311","57113","54010","52107",
"충청남도","0-4세","여자","","50556","51286","52256","55009","57672","60186","60434","60309","60090","58132","54463","51959","50844","47420","45601","46485","47069","47445","48916","50155","48202","47997","47562","47204","46534","44490","42495","39403","35685","32351","29909","27787","26239","25353",
"충청남도","0-4세","남자","","56565","57690","59550","62239","65286","67159","67142","66340","65714","63321","59512","56621","55116","50975","49226","49620","50162","50417","51932","53382","51101","50878","50585","49975","48518","46442","44144","41179","37388","34043","31402","29326","27771","26754",
"충청남도","5-9세","전체","","130546","121529","116544","115219","118323","123303","127623","131461","134338","134052","133047","132230","131581","130523","127132","121221","115631","110915","103902","100446","97493","98104","97952","100057","102154","102946","102385","101325","99555","96332","91187","86658","81306","74373",
"충청남도","5-9세","여자","","63545","58763","56297","55283","56518","58535","60344","61694","63175","63085","62990","62741","62863","62594","61209","57983","55473","53288","50113","48363","47012","47379","47304","48238","49274","49851","49624","49277","48515","47056","44497","42271","39610","36288",
"충청남도","5-9세","남자","","67001","62766","60247","59936","61805","64768","67279","69767","71163","70967","70057","69489","68718","67929","65923","63238","60158","57627","53789","52083","50481","50725","50648","51819","52880","53095","52761","52048","51040","49276","46690","44387","41696","38085",
"충청남도","10-14세","전체","","179485","173656","162843","151804","142165","132957","126614","123570","121326","121842","123532","126153","130789","134213","135057","135331","134896","133081","132747","129789","118763","113458","108420","100964","97587","99211","99582","99289","101176","102846","103087","102213","101934","100795",
"충청남도","10-14세","여자","","89194","86430","80571","74742","69801","65107","61510","59804","58320","58342","58686","59682","61468","63142","63556","64143","64167","63540","63517","62308","56746","54415","52116","48625","46927","47811","48097","47919","48686","49538","49843","49465","49441","48999",
"충청남도","10-14세","남자","","90291","87226","82272","77062","72364","67850","65104","63766","63006","63500","64846","66471","69321","71071","71501","71188","70729","69541","69230","67481","62017","59043","56304","52339","50660","51400","51485","51370","52490","53308","53244","52748","52493","51796",
"충청남도","15-19세","전체","","213921","197948","187252","182776","178222","174557","171153","161835","151296","141071","131194","125167","126175","121835","121335","124557","127895","132383","135817","137668","131780","130993","128958","128250","124772","119246","113969","108897","101372","97827","99212","99844","99853","101878",
"충청남도","15-19세","여자","","106251","97938","92894","90700","88445","86234","84712","79533","73980","68865","64064","60741","61897","59082","58107","58980","60540","62711","64213","65002","62544","62156","61349","61211","59744","56821","54513","52198","48672","46970","47712","48099","48158","49038",
"충청남도","15-19세","남자","","107670","100010","94358","92076","89777","88323","86441","82302","77316","72206","67130","64426","64278","62753","63228","65577","67355","69672","71604","72666","69236","68837","67609","67039","65028","62425","59456","56699","52700","50857","51500","51745","51695","52840",
"충청남도","20-24세","전체","","203134","199869","195008","190673","182803","178242","169344","162419","159641","156637","154716","153685","155188","146060","137271","128900","122763","120540","120720","122349","119869","122775","125703","128585","129557","128816","127436","124097","121014","116853","111377","107155","103360","96537",
"충청남도","20-24세","여자","","88819","87667","86118","85583","82816","81621","77427","74756","73881","72510","72097","72109","72790","69254","65517","61392","58410","57629","57727","58485","56790","57765","58484","59757","59862","59415","58340","56828","55171","53441","50564","48989","47352","44438",
"충청남도","20-24세","남자","","114315","112202","108890","105090","99987","96621","91917","87663","85760","84127","82619","81576","82398","76806","71754","67508","64353","62911","62993","63864","63079","65010","67219","68828","69695","69401","69096","67269","65843","63412","60813","58166","56008","52099",
"충청남도","25-29세","전체","","130812","136947","139725","143970","154880","159196","162767","161623","157539","149869","143947","136976","139758","142551","145665","148276","150299","145774","141001","134621","122265","117905","116662","115648","116741","119543","121007","121640","122186","121444","119762","118503","116908","115640",
"충청남도","25-29세","여자","","60130","62608","63820","65349","70680","72269","73559","72953","72030","69050","66977","63453","64085","64969","65877","67216","68515","66714","64599","62031","56785","54610","53907","53045","53416","54099","54394","53974","53821","53082","52182","51163","50757","50480",
"충청남도","25-29세","남자","","70682","74339","75905","78621","84200","86927","89208","88670","85509","80819","76970","73523","75673","77582","79788","81060","81784","79060","76402","72590","65480","63295","62755","62603","63325","65444","66613","67666","68365","68362","67580","67340","66151","65160",
"충청남도","30-34세","전체","","145703","143416","141565","139342","137174","140105","148834","152439","154293","159250","157137","156442","158349","156838","152152","151681","147459","147114","152089","156560","153366","155839","150892","144176","137091","130413","125200","122292","119694","119176","121178","123652","126344","128353",
"충청남도","30-34세","여자","","70960","69534","68131","66696","64933","66788","70987","72715","73030","75277","73749","73680","74306","74097","72112","71912","69416","69291","70998","72560","70905","72474","69975","66877","63620","60472","57917","56319","54498","53992","54535","55500","56071","56649",
"충청남도","30-34세","남자","","74743","73882","73434","72646","72241","73317","77847","79724","81263","83973","83388","82762","84043","82741","80040","79769","78043","77823","81091","84000","82461","83365","80917","77299","73471","69941","67283","65973","65196","65184","66643","68152","70273","71704",
"충청남도","35-39세","전체","","121506","128414","132951","139953","150508","156998","157460","158146","153871","147024","144331","150726","156052","158837","165975","167840","168917","168745","168619","164182","155824","150941","149914","152733","157444","161950","163743","156961","148904","140389","132257","127447","125995","124202",
"충청남도","35-39세","여자","","58704","61876","64191","67381","72294","74997","74982","74816","72809","69328","68642","71923","74402","75048","78439","78766","78928","78820","79380","77642","73877","70871","70534","71421","73384","75459","76772","73509","69502","65586","61779","59200","58311","57095",
"충청남도","35-39세","남자","","62802","66538","68760","72572","78214","82001","82478","83330","81062","77696","75689","78803","81650","83789","87536","89074","89989","89925","89239","86540","81947","80070","79380","81312","84060","86491","86971","83452","79402","74803","70478","68247","67684","67107",
"충청남도","40-44세","전체","","100868","99505","102031","109183","117112","123679","132608","139534","146508","155356","158807","158011","160319","157127","151172","151172","159545","163183","168146","176424","170422","170752","169773","166754","161823","161164","155920","154283","156834","160243","163508","165628","160292","153043",
"충청남도","40-44세","여자","","49076","48431","49887","53194","56745","59391","63448","66880","70121","74349","75887","75461","75879","73972","70640","71139","75114","76749","78619","82534","79316","79522","78971","78031","76017","75964","72994","72421","73298","74655","76220","77592","74925","71507",
"충청남도","40-44세","남자","","51792","51074","52144","55989","60367","64288","69160","72654","76387","81007","82920","82550","84440","83155","80532","80033","84431","86434","89527","93890","91106","91230","90802","88723","85806","85200","82926","81862","83536","85588","87288","88036","85367","81536",
"충청남도","45-49세","전체","","87035","88502","90463","96168","98476","100522","99928","103910","110918","118639","124410","133259","141555","149772","159986","165923","166380","167205","165846","159933","152903","160519","164005","166354","173898","175364","175737","174072","170957","165176","163493","158368","157707","160661",
"충청남도","45-49세","여자","","43878","43891","44193","46981","48221","49379","49155","51239","54480","58053","60351","64461","68332","72198","76955","79398","79327","78942","77933","74509","71649","75212","76814","77609","81286","81504","81621","80760","79784","77379","76893","74024","73907","74896",
"충청남도","45-49세","남자","","43157","44611","46270","49187","50255","51143","50773","52671","56438","60586","64059","68798","73223","77574","83031","86525","87053","88263","87913","85424","81254","85307","87191","88745","92612","93860","94116","93312","91173","87797","86600","84344","83800","85765",
"충청남도","50-54세","전체","","110758","106134","100306","96455","91095","85694","87814","90735","96283","98772","100406","100321","105357","113739","122500","129982","140266","147660","157638","168397","166081","166162","166642","163567","157684","157805","165277","168492","170699","177805","179049","179697","178897","175762",
"충청남도","50-54세","여자","","58607","56174","53276","50993","47408","43791","44232","44919","47609","48977","49941","49928","52554","56366","60421","63484","68199","71681","76314","81281","79863","79414","79073","77146","73781","74228","77853","79288","79908","83211","83225","83448","82913","82053",
"충청남도","50-54세","남자","","52151","49960","47030","45462","43687","41903","43582","45816","48674","49795","50465","50393","52803","57373","62079","66498","72067","75979","81324","87116","86218","86748","87569","86421","83903","83577","87424","89204","90791","94594","95824","96249","95984","93709",
"충청남도","55-59세","전체","","106744","108312","108562","104242","102752","106985","103153","98600","94758","89870","84862","87281","90829","97420","100614","103527","104497","109123","119215","128691","129202","138840","146970","155290","166438","172402","172773","173012","169484","162786","162613","170396","174460","176613",
"충청남도","55-59세","여자","","56495","57524","57972","55664","55188","57701","55753","53340","51038","47624","44131","44635","45572","48820","50424","51888","52387","54773","59504","64076","63747","68278","72060","76000","81114","83637","83325","82714","80599","76581","76936","80701","82608","83277",
"충청남도","55-59세","남자","","50249","50788","50590","48578","47564","49284","47400","45260","43720","42246","40731","42646","45257","48600","50190","51639","52110","54350","59711","64615","65455","70562","74910","79290","85324","88765","89448","90298","88885","86205","85677","89695","91852","93336",
"충청남도","60-64세","전체","","79312","82907","87801","94327","99554","101074","102941","103717","99970","98851","103134","100041","96464","93536","89401","85454","89070","92749","100370","103608","101666","102273","107428","116878","126378","134032","144099","152093","160893","172007","178108","178911","179860","176095",
"충청남도","60-64세","여자","","43987","45756","48166","51761","54464","55043","56308","56827","54686","54277","56819","55045","52941","50906","47713","44636","45792","46875","50715","52444","51612","51877","54532","58939","63501","66728","71610","75418","79471","84444","86874","86796","86731","84331",
"충청남도","60-64세","남자","","35325","37151","39635","42566","45090","46031","46633","46890","45284","44574","46315","44996","43523","42630","41688","40818","43278","45874","49655","51164","50054","50396","52896","57939","62877","67304","72489","76675","81422","87563","91234","92115","93129","91764",
"충청남도","65-69세","전체","","58011","60106","62984","65080","67990","72846","76518","81379","87422","92571","94011","96013","97666","94764","94549","99636","97716","94602","92654","89278","81879","85361","89231","95903","99447","103152","103997","109071","118479","127794","135626","146171","155254","164462",
"충청남도","65-69세","여자","","32431","33620","35690","37247","39141","41903","43806","46208","49510","52085","52579","53685","54747","52831","52754","55582","54373","52520","51025","48254","43305","44417","45718","49064","50940","52852","53210","55852","60326","64774","68079","73131","77312","81713",
"충청남도","65-69세","남자","","25580","26486","27294","27833","28849","30943","32712","35171","37912","40486","41432","42328","42919","41933","41795","44054","43343","42082","41629","41024","38574","40944","43513","46839","48507","50300","50787","53219","58153","63020","67547","73040","77942","82749",
"충청남도","70-74세","전체","","42831","45457","46155","48276","49593","50109","52288","54940","56798","59628","64138","67494","72677","78332","83477","85648","88551","90572","88937","89475","90394","88685","86275","84428","81949","79727","83461","87440","93901","96915","100457","101359","107087","116469",
"충청남도","70-74세","여자","","24718","26413","26757","28082","28952","29419","30778","32679","34030","35760","38291","39986","42648","45749","48276","49238","50865","52003","50910","51254","51703","50581","49044","47549","45151","42895","44138","45550","48875","50399","52188","52603","55569","60034",
"충청남도","70-74세","남자","","18113","19044","19398","20194","20641","20690","21510","22261","22768","23868","25847","27508","30029","32583","35201","36410","37686","38569","38027","38221","38691","38104","37231","36879","36798","36832","39323","41890","45026","46516","48269","48756","51518","56435",
"충청남도","75-79세","전체","","28301","28875","29948","30451","31006","33385","35770","36450","38155","39072","39596","41634","44296","46494","49083","53546","57096","61981","67893","73336","72058","74970","77411","76011","76860","82097","80819","79161","77538","75152","73490","77265","81220","87184",
"충청남도","75-79세","여자","","17431","17744","18333","18734","18988","20545","22111","22534","23594","24212","24542","25764","27597","29035","30742","33339","35197","37772","41149","44117","43202","44932","46396","45331","45813","48728","47792","46451","44957","42597","40653","41953","43369","46462",
"충청남도","75-79세","남자","","10870","11131","11615","11717","12018","12840","13659","13916","14561","14860","15054","15870","16699","17459","18341","20207","21899","24209","26744","29219","28856","30038","31015","30680","31047","33369","33027","32710","32581","32555","32837","35312","37851","40722",
"충청남도","80세 이상","전체","","24635","-","-","-","-","-","-","-","-","-","-","-","-","-","-","-","-","-","59072","-","-","","","","","","","","","","","","","",
"충청남도","80세 이상","여자","","17799","-","-","-","-","-","-","-","-","-","-","-","-","-","-","-","-","-","40519","-","-","","","","","","","","","","","","","",
"충청남도","80세 이상","남자","","6836","-","-","-","-","-","-","-","-","-","-","-","-","-","-","-","-","-","18553","-","-","","","","","","","","","","","","","",
"충청남도","80-84세","전체","","-","16523","16575","17176","18144","18801","19200","20032","20291","20852","22692","24491","25383","26601","27566","28429","30402","33159","35617","38133","40050","43213","47376","52160","56611","58819","61600","64045","63284","64308","68620","67555","66171","64859",
"충청남도","80-84세","여자","","-","11375","11369","11646","12197","12488","12768","13224","13411","13729","14948","16212","16741","17512","18100","18715","19965","21885","23538","25218","26212","28042","30438","33400","36019","37319","39018","40500","39802","40399","42888","41916","40687","39415",
"충청남도","80-84세","남자","","-","5148","5206","5530","5947","6313","6432","6808","6880","7123","7744","8279","8642","9089","9466","9714","10437","11274","12079","12915","13838","15171","16938","18760","20592","21500","22582","23545","23482","23909","25732","25639","25484","25444",
"충청남도","85세 이상","전체","","-","9257","9638","10018","10744","11276","11837","-","-","-","-","-","-","-","-","-","-","-","23455","-","-","","","","","","","","","","","","","",
"충청남도","85세 이상","여자","","-","7184","7484","7732","8265","8664","8997","-","-","-","-","-","-","-","-","-","-","-","16981","-","-","","","","","","","","","","","","","",
"충청남도","85세 이상","남자","","-","2073","2154","2286","2479","2612","2840","-","-","-","-","-","-","-","-","-","-","-","6474","-","-","","","","","","","","","","","","","",
"충청남도","85-89세","전체","","-","-","-","-","-","-","-","8623","8969","9632","9834","10193","10759","11089","11734","13093","14499","15087","16450","17322","17484","19112","21079","22599","24475","27478","29897","32946","36681","39865","41128","43020","44851","44298",
"충청남도","85-89세","여자","","-","-","-","-","-","-","-","6400","6630","6980","7087","7327","7641","7833","8249","9236","10285","10681","11659","12252","12373","13474","14860","15994","17310","19264","20782","22625","25108","27200","27972","29293","30485","29927",
"충청남도","85-89세","남자","","-","-","-","-","-","-","-","2223","2339","2652","2747","2866","3118","3256","3485","3857","4214","4406","4791","5070","5111","5638","6219","6605","7165","8214","9115","10321","11573","12665","13156","13727","14366","14371",
"충청남도","90-94세","전체","","-","-","-","-","-","-","-","2624","2767","2983","3244","3322","3386","3608","3928","4157","4340","4716","5220","5594","6102","6809","7148","7721","8123","8716","9524","10648","11709","12831","14312","15566","17091","19145",
"충청남도","90-94세","여자","","-","-","-","-","-","-","-","2082","2190","2362","2563","2624","2722","2849","3057","3218","3288","3578","3901","4240","4639","5185","5449","5882","6181","6615","7226","8107","8869","9714","10821","11672","12770","14253",
"충청남도","90-94세","남자","","-","-","-","-","-","-","-","542","577","621","681","698","664","759","871","939","1052","1138","1319","1354","1463","1624","1699","1839","1942","2101","2298","2541","2840","3117","3491","3894","4321","4892",
"충청남도","95세 이상","전체","","-","-","-","-","-","-","-","644","657","713","712","784","863","912","1009","1053","1084","1131","1785","-","-","","","","","","","","","","","","","",
"충청남도","95세 이상","여자","","-","-","-","-","-","-","-","572","577","631","628","668","729","778","858","881","910","960","1421","-","-","","","","","","","","","","","","","",
"충청남도","95세 이상","남자","","-","-","-","-","-","-","-","72","80","82","84","116","134","134","151","172","174","171","364","-","-","","","","","","","","","","","","","",
"충청남도","95-99세","전체","","-","-","-","-","-","-","-","-","-","-","-","-","-","-","-","-","-","-","-","1398","1331","1466","1666","1712","1905","2203","2438","2498","2675","2697","2825","3104","3486","3810",
"충청남도","95-99세","여자","","-","-","-","-","-","-","-","-","-","-","-","-","-","-","-","-","-","-","-","1116","1045","1145","1294","1352","1509","1759","1949","1991","2131","2170","2251","2520","2819","3094",
"충청남도","95-99세","남자","","-","-","-","-","-","-","-","-","-","-","-","-","-","-","-","-","-","-","-","282","286","321","372","360","396","444","489","507","544","527","574","584","667","716",
"충청남도","100세 이상","전체","","-","-","-","-","-","-","-","-","-","-","-","-","-","-","-","-","-","-","-","543","542","579","621","680","738","754","779","865","921","417","437","494","488","467",
"충청남도","100세 이상","여자","","-","-","-","-","-","-","-","-","-","-","-","-","-","-","-","-","-","-","-","431","438","464","501","535","579","589","603","667","717","352","384","426","412","392",
"충청남도","100세 이상","남자","","-","-","-","-","-","-","-","-","-","-","-","-","-","-","-","-","-","-","-","112","104","115","120","145","159","165","176","198","204","65","53","68","76","75",
"전북특별자치도","계","전체","","2027454","2016018","2002899","2006602","2004345","2001606","2009250","2009507","1999255","2006454","1953846","1954430","1906742","1885335","1868365","1862277","1855772","1854508","1868963","1874031","1873341","1872965","1871560","1869711","1864791","1854607","1836832","1818917","1804104","1786855","1769607","1754757","1738690","1724856",
"전북특별자치도","계","여자","","1021579","1014794","1008456","1009521","1008144","1006709","1009372","1009681","1005288","1010753","982117","984141","958045","946589","937915","934910","931002","930028","937482","940029","939955","940071","940024","939456","937286","932300","923535","914807","907230","897861","889015","881338","872660","865531",
"전북특별자치도","계","남자","","1005875","1001224","994443","997081","996201","994897","999878","999826","993967","995701","971729","970289","948697","938746","930450","927367","924770","924480","931481","934002","933386","932894","931536","930255","927505","922307","913297","904110","896874","888994","880592","873419","866030","859325",
"전북특별자치도","0-4세","전체","","120980","124111","127604","133446","135982","135897","134862","132905","129548","127687","114364","111881","99477","89947","84019","83009","80800","79597","80119","81339","80571","79504","78525","76412","73102","67854","63016","57543","51498","46252","42208","38949","36813","35689",
"전북특별자치도","0-4세","여자","","57988","59298","60872","63661","64876","64865","64546","63821","62295","61423","54969","53968","48074","43358","40389","40039","38965","38297","38657","39389","38969","38554","38089","37109","35429","32992","30701","28152","25192","22614","20821","19235","18173","17595",
"전북특별자치도","0-4세","남자","","62992","64813","66732","69785","71106","71032","70316","69084","67253","66264","59395","57913","51403","46589","43630","42970","41835","41300","41462","41950","41602","40950","40436","39303","37673","34862","32315","29391","26306","23638","21387","19714","18640","18094",
"전북특별자치도","5-9세","전체","","144164","134089","128661","126458","127143","129835","133512","138042","141356","144661","137877","139336","130162","126134","120483","113630","106275","99856","92073","86702","85602","84055","82782","83412","84270","82963","80974","79540","77194","73421","68192","63533","58268","52369",
"전북특별자치도","5-9세","여자","","70418","65386","62739","61166","61321","62379","63904","65885","67465","69096","65802","66751","62373","60714","58134","54694","51174","48210","44396","41686","41370","40491","39916","40379","40915","40207","39345","38631","37498","35587","33094","30895","28374","25552",
"전북특별자치도","5-9세","남자","","73746","68703","65922","65292","65822","67456","69608","72157","73891","75565","72075","72585","67789","65420","62349","58936","55101","51646","47677","45016","44232","43564","42866","43033","43355","42756","41629","40909","39696","37834","35098","32638","29894","26817",
"전북특별자치도","10-14세","전체","","199910","194117","181897","170020","157636","144706","136189","132033","128387","130322","128959","133508","133045","135170","135273","133910","131620","127962","125186","120399","113823","107285","101214","93142","87768","86376","84437","82601","83137","83690","82457","80691","79402","77055",
"전북특별자치도","10-14세","여자","","98241","95335","89096","83384","77064","70821","66620","64557","62231","63023","62035","63961","63566","64631","64701","64002","63121","61381","60279","58160","54840","51807","48914","44872","42173","41717","40714","39837","40240","40633","40002","39227","38518","37472",
"전북특별자치도","10-14세","남자","","101669","98782","92801","86636","80572","73885","69569","67476","66156","67299","66924","69547","69479","70539","70572","69908","68499","66581","64907","62239","58983","55478","52300","48270","45595","44659","43723","42764","42897","43057","42455","41464","40884","39583",
"전북특별자치도","15-19세","전체","","234682","219923","208386","203507","199141","194373","190029","179309","167076","156212","140829","133221","126135","122254","122257","124440","126401","129365","132602","133790","132153","130806","127245","124671","119853","113580","106361","99871","91826","86438","85084","83613","81968","82604",
"전북특별자치도","15-19세","여자","","116131","108368","102774","100058","98147","95219","92955","87649","81793","76275","68670","64720","61102","58844","58835","59598","60213","61519","63124","63731","62970","62535","60954","59897","57704","54505","51167","48103","44120","41434","40990","40117","39360","39800",
"전북특별자치도","15-19세","남자","","118551","111555","105612","103449","100994","99154","97074","91660","85283","79937","72159","68501","65033","63410","63422","64842","66188","67846","69478","70059","69183","68271","66291","64774","62149","59075","55194","51768","47706","45004","44094","43496","42608","42804",
"전북특별자치도","20-24세","전체","","230253","225605","224449","216830","205573","199082","190917","182806","179532","178707","170831","167502","154708","143532","132333","122904","116515","113792","112123","114210","116194","118776","121652","124468","124667","123592","120700","115785","112279","107426","100726","94548","88247","81657",
"전북특별자치도","20-24세","여자","","105156","103119","103071","99945","94959","92913","88860","85501","84356","84271","79825","77655","71604","66253","60921","57005","54231","53136","52205","53174","53997","54922","56319","57819","57840","57283","55903","53437","51795","49579","46113","43458","40360","37425",
"전북특별자치도","20-24세","남자","","125097","122486","121378","116885","110614","106169","102057","97305","95176","94436","91006","89847","83104","77279","71412","65899","62284","60656","59918","61036","62197","63854","65333","66649","66827","66309","64797","62348","60484","57847","54613","51090","47887","44232",
"전북특별자치도","25-29세","전체","","151899","158495","161529","166008","171431","173080","175356","176697","169709","162110","151806","142412","134006","131675","130120","129458","128554","123746","118520","112068","104246","98854","95890","94230","94669","96350","96854","98080","99185","99153","97558","96265","93011","90530",
"전북특별자치도","25-29세","여자","","70924","73720","75062","76828","79539","79942","80919","81488","78711","75866","71722","67656","63134","61817","61129","60303","59958","57522","55135","52185","48774","46378","45102","43957","44160","44859","44870","45290","45460","45229","44526","43887","42346","41260",
"전북특별자치도","25-29세","남자","","80975","84775","86467","89180","91892","93138","94437","95209","90998","86244","80084","74756","70872","69858","68991","69155","68596","66224","63385","59883","55472","52476","50788","50273","50509","51491","51984","52790","53725","53924","53032","52378","50665","49270",
"전북특별자치도","30-34세","전체","","156697","156165","152386","149023","146729","146373","153103","156611","157230","161123","157129","155098","150615","144288","136094","131239","124512","120548","122043","123039","122650","121636","116047","109611","102681","94635","88672","85188","83029","83512","85453","87183","89545","91542",
"전북특별자치도","30-34세","여자","","77368","76678","74353","72060","70211","70153","73114","74816","75231","77855","74922","75001","72254","69293","65532","63752","60006","57977","58623","58995","58593","58118","55487","52596","49429","45740","42927","41121","39700","39703","40415","40990","41940","42842",
"전북특별자치도","30-34세","남자","","79329","79487","78033","76963","76518","76220","79989","81795","81999","83268","82207","80097","78361","74995","70562","67487","64506","62571","63420","64044","64057","63518","60560","57015","53252","48895","45745","44067","43329","43809","45038","46193","47605","48700",
"전북특별자치도","35-39세","전체","","131758","138572","143418","150733","157355","159318","159882","157859","152082","149278","145100","149837","148725","148329","150500","150377","148466","147985","145026","138367","134017","127319","123241","122906","122970","121322","119202","112791","105983","98669","91052","85816","83107","81379",
"전북특별자치도","35-39세","여자","","64372","67791","70222","74047","77401","78224","78098","76607","73359","71780","69576","72466","71455","71059","72294","72004","71126","70924","69588","66560","64921","61473","59591","59496","59611","58707","57910","54959","51847","48318","44572","41953","40432","39134",
"전북특별자치도","35-39세","남자","","67386","70781","73196","76686","79954","81094","81784","81252","78723","77498","75524","77371","77270","77270","78206","78373","77340","77061","75438","71807","69096","65846","63650","63410","63359","62615","61292","57832","54136","50351","46480","43863","42675","42245",
"전북특별자치도","40-44세","전체","","111363","110618","113002","118295","124283","130307","137796","144199","150635","157630","157178","157007","152018","145827","141896","140413","144950","147162","150253","153823","154629","152961","152371","147620","140393","135581","127901","122542","121619","120748","119284","117858","112277","105871",
"전북특별자치도","40-44세","여자","","55184","54755","55907","58340","61087","63739","67368","70522","73978","77797","77156","77122","73855","70400","67796","67350","69432","70507","71788","73537","73501","72968","72872","70789","67647","65870","62077","59644","59319","59043","58256","57653","55024","52005",
"전북특별자치도","40-44세","남자","","56179","55863","57095","59955","63196","66568","70428","73677","76657","79833","80022","79885","78163","75427","74100","73063","75518","76655","78465","80286","81128","79993","79499","76831","72746","69711","65824","62898","62300","61705","61028","60205","57253","53866",
"전북특별자치도","45-49세","전체","","97710","99909","103345","109959","110183","108664","108224","111524","116827","123339","127765","135003","139430","145360","151227","152967","152948","150408","147325","144311","143360","148258","150765","151915","155191","155717","153250","151903","146658","138927","134291","127256","122199","121330",
"전북특별자치도","45-49세","여자","","49462","49984","51442","54694","54903","54269","53983","55543","58077","61346","62878","66670","68682","71656","74641","75381","74886","73108","71089","68933","68589","70947","72131","72467","74206","74060","73140","72793","70628","67167","65430","61848","59497","59195",
"전북특별자치도","45-49세","남자","","48248","49925","51903","55265","55280","54395","54241","55981","58750","61993","64887","68333","70748","73704","76586","77586","78062","77300","76236","75378","74771","77311","78634","79448","80985","81657","80110","79110","76030","71760","68861","65408","62702","62135",
"전북특별자치도","50-54세","전체","","115420","111516","105777","102154","99024","94284","96923","100968","107428","108224","106194","105659","108115","113182","118589","124339","131264","137508","146115","153087","155349","155784","153614","148692","145516","144160","148505","150416","151542","154042","154420","152571","151545","146442",
"전북특별자치도","50-54세","여자","","61397","59440","56427","54173","51854","48367","49118","50855","54049","54550","53429","53217","54152","56458","58975","61420","64809","67857","72133","75629","76621","76461","74850","72000","69739","69209","71283","72162","72604","73963","73715","73050","72687","70553",
"전북특별자치도","50-54세","남자","","54023","52076","49350","47981","47170","45917","47805","50113","53379","53674","52765","52442","53963","56724","59614","62919","66455","69651","73982","77458","78728","79323","78764","76692","75777","74951","77222","78254","78938","80079","80705","79521","78858","75889",
"전북특별자치도","55-59세","전체","","101591","103192","103872","101208","102124","109584","106468","101549","98343","95739","90910","93656","96936","103131","103568","102601","102052","105559","112354","118824","125248","132941","139428","146891","153759","156060","156093","153219","147980","144612","143503","148247","150415","151651",
"전북특별자치도","55-59세","여자","","55379","55996","56396","54835","55134","59324","57754","55087","52970","50953","47299","48019","49274","52222","52346","51837","51448","52958","56293","59407","62125","65985","69218","73050","76511","77519","77069","75199","72030","69582","69251","71500","72529","72935",
"전북특별자치도","55-59세","남자","","46212","47196","47476","46373","46990","50260","48714","46462","45373","44786","43611","45637","47662","50909","51222","50764","50604","52601","56061","59417","63123","66956","70210","73841","77248","78541","79024","78020","75950","75030","74252","76747","77886","78716",
"전북특별자치도","60-64세","전체","","77328","79841","83875","88934","92834","94410","96377","97704","95295","96749","103649","100548","95707","92785","89977","86318","89184","93338","100851","102153","101913","102022","106160","112217","118749","125135","132457","138762","145971","152346","154760","155099","152630","147762",
"전북특별자치도","60-64세","여자","","43993","45466","47613","50234","52162","52806","53686","54349","52773","53367","57105","55511","52711","50618","48366","45203","45982","47840","51545","52182","52086","52013","53839","56754","59952","62784","66338","69361","73080","76218","77256","76995","75269","72248",
"전북특별자치도","60-64세","남자","","33335","34375","36262","38700","40672","41604","42691","43355","42522","43382","46544","45037","42996","42167","41611","41115","43202","45498","49306","49971","49827","50009","52321","55463","58797","62351","66119","69401","72891","76128","77504","78104","77361","75514",
"전북특별자치도","65-69세","전체","","58541","59800","62690","66265","68193","69722","72313","76397","81097","85083","86482","88345","89461","87391","88882","96011","93633","90189","88659","86811","84112","87492","91901","98716","99944","99781","99878","104088","109858","116047","122379","129798","136232","143614",
"전북특별자치도","65-69세","여자","","33150","33799","36053","38653","40231","41157","42547","44840","47266","49300","49762","50513","50981","49577","50048","53964","52589","50574","49272","47518","44956","46086","48165","51481","52011","51908","51761","53610","56437","59326","62012","65759","68869","72526",
"전북특별자치도","65-69세","남자","","25391","26001","26637","27612","27962","28565","29766","31557","33831","35783","36720","37832","38480","37814","38834","42047","41044","39615","39387","39293","39156","41406","43736","47235","47933","47873","48117","50478","53421","56721","60367","64039","67363","71088",
"전북특별자치도","70-74세","전체","","43456","46871","46973","46542","47832","49419","50895","53573","56686","59018","60555","63064","66657","71077","74292","76518","78621","80777","80050","82446","89843","88225","85317","83782","82388","80349","83523","87806","94488","95579","95368","95537","99500","105230",
"전북특별자치도","70-74세","여자","","26097","28347","28052","27814","28532","29540","30263","32260","34531","36230","36998","38361","40330","42612","44306","45378","46261","47295","46751","47845","52100","51194","49240","47898","46320","43963","45066","47089","50386","50769","50626","50498","52199","55002",
"전북특별자치도","70-74세","남자","","17359","18524","18921","18728","19300","19879","20632","21313","22155","22788","23557","24703","26327","28465","29986","31140","32360","33482","33299","34601","37743","37031","36077","35884","36068","36386","38457","40717","44102","44810","44742","45039","47301","50228",
"전북특별자치도","75-79세","전체","","27272","27911","29059","30456","30807","33352","36195","36297","35853","37045","38516","40014","42529","45511","47495","49423","52125","55959","60570","64173","66807","69316","71862","71225","73568","80641","79342","77071","75852","74758","73260","76268","80287","86355",
"전북특별자치도","75-79세","여자","","17808","18175","18768","19574","19780","21363","23290","23043","22751","23384","24266","25034","26768","28999","30426","31543","33134","35355","37932","39960","41385","42638","44050","43463","44553","48625","47717","46028","44799","43424","41318","42456","44490","47512",
"전북특별자치도","75-79세","남자","","9464","9736","10291","10882","11027","11989","12905","13254","13102","13661","14250","14980","15761","16512","17069","17880","18991","20604","22638","24213","25422","26678","27812","27762","29015","32016","31625","31043","31053","31334","31942","33812","35797","38843",
"전북특별자치도","80세 이상","전체","","24430","-","-","-","-","-","-","-","-","-","-","-","-","-","-","-","-","-","55094","-","-","","","","","","","","","","","","","",
"전북특별자치도","80세 이상","여자","","18511","-","-","-","-","-","-","-","-","-","-","-","-","-","-","-","-","-","38672","-","-","","","","","","","","","","","","","",
"전북특별자치도","80세 이상","남자","","5919","-","-","-","-","-","-","-","-","-","-","-","-","-","-","-","-","-","16422","-","-","","","","","","","","","","","","","",
"전북특별자치도","80-84세","전체","","-","15730","15917","16546","17441","17984","18546","19161","20055","20669","22451","24521","24592","24510","25455","27132","28525","30955","33914","36130","38154","40745","44223","48181","51298","53751","55907","58305","58370","60589","66627","65548","63826","62663",
"전북특별자치도","80-84세","여자","","-","11361","11460","11807","12364","12655","13054","13391","13861","14164","15393","16807","16629","16448","16981","18144","19026","20733","22892","24482","25812","27443","29598","31957","33782","35130","36268","37603","37456","38594","42255","41490","40017","38840",
"전북특별자치도","80-84세","남자","","-","4369","4457","4739","5077","5329","5492","5770","6194","6505","7058","7714","7963","8062","8474","8988","9499","10222","11022","11648","12342","13302","14625","16224","17516","18621","19639","20702","20914","21995","24372","24058","23809","23823",
"전북특별자치도","85세 이상","전체","","-","9553","10059","10218","10634","11216","11663","-","-","-","-","-","-","-","-","-","-","-","21180","-","-","","","","","","","","","","","","","",
"전북특별자치도","85세 이상","여자","","-","7776","8149","8248","8579","8973","9293","-","-","-","-","-","-","-","-","-","-","-","15780","-","-","","","","","","","","","","","","","",
"전북특별자치도","85세 이상","남자","","-","1777","1910","1970","2055","2243","2370","-","-","-","-","-","-","-","-","-","-","-","5400","-","-","","","","","","","","","","","","","",
"전북특별자치도","85-89세","전체","","-","-","-","-","-","-","-","8411","8583","9210","9442","9821","10317","10936","11284","12706","14142","14299","14611","15397","16840","18176","20205","22256","24021","25614","27578","30110","33134","35402","36967","38583","40409","40411",
"전북특별자치도","85-89세","여자","","-","-","-","-","-","-","-","6499","6599","6982","7103","7379","7697","8083","8299","9303","10387","10343","10516","11077","12115","13047","14497","16096","17479","18541","19763","21470","23348","24742","25808","26708","27785","27700",
"전북특별자치도","85-89세","남자","","-","-","-","-","-","-","-","1912","1984","2228","2339","2442","2620","2853","2985","3403","3755","3956","4095","4320","4725","5129","5708","6160","6542","7073","7815","8640","9786","10660","11159","11875","12624","12711",
"전북특별자치도","90-94세","전체","","-","-","-","-","-","-","-","2726","2781","2863","3016","3179","3248","3407","3677","3828","4102","4393","4957","5244","5992","6821","6969","7039","7470","8332","9108","10203","11298","12442","12935","14010","15266","16712",
"전북특별자치도","90-94세","여자","","-","-","-","-","-","-","-","2313","2323","2398","2504","2611","2635","2763","2956","3065","3320","3532","3935","4143","4687","5350","5397","5446","5770","6403","7013","7830","8714","9611","9989","10795","11690","12638",
"전북특별자치도","90-94세","남자","","-","-","-","-","-","-","-","413","458","465","512","568","613","644","721","763","782","861","1022","1101","1305","1471","1572","1593","1700","1929","2095","2373","2584","2831","2946","3215","3576","4074",
"전북특별자치도","95세 이상","전체","","-","-","-","-","-","-","-","736","752","785","793","818","859","889","944","1054","1083","1110","1612","-","-","","","","","","","","","","","","","",
"전북특별자치도","95세 이상","여자","","-","-","-","-","-","-","-","655","669","693","703","719","769","784","840","925","934","960","1329","-","-","","","","","","","","","","","","","",
"전북특별자치도","95세 이상","남자","","-","-","-","-","-","-","-","81","83","92","90","99","90","105","104","129","149","150","283","-","-","","","","","","","","","","","","","",
"전북특별자치도","95-99세","전체","","-","-","-","-","-","-","-","-","-","-","-","-","-","-","-","-","-","-","-","1237","1316","1407","1546","1686","1817","2108","2326","2289","2347","2397","2621","2910","3281","3543",
"전북특별자치도","95-99세","여자","","-","-","-","-","-","-","-","-","-","-","-","-","-","-","-","-","-","-","-","1033","1119","1185","1308","1413","1499","1712","1906","1847","1898","1974","2168","2411","2694","2902",
"전북특별자치도","95-99세","남자","","-","-","-","-","-","-","-","-","-","-","-","-","-","-","-","-","-","-","-","204","197","222","238","273","318","396","420","442","449","423","453","499","587","641",
"전북특별자치도","100세 이상","전체","","-","-","-","-","-","-","-","-","-","-","-","-","-","-","-","-","-","-","-","481","522","582","603","639","697","706","748","804","856","405","462","474","462","447",
"전북특별자치도","100세 이상","여자","","-","-","-","-","-","-","-","-","-","-","-","-","-","-","-","-","-","-","-","403","425","476","487","517","556","566","597","641","679","351","398","413","407","395",
"전북특별자치도","100세 이상","남자","","-","-","-","-","-","-","-","-","-","-","-","-","-","-","-","-","-","-","-","78","97","106","116","122","141","140","151","163","177","54","64","61","55","52",
"전라남도","계","전체","","2283108","2235346","2197391","2185564","2175206","2163353","2171024","2155093","2130614","2099308","2054204","2017730","1986192","1967205","1942925","1929836","1919000","1913004","1918485","1914339","1909618","1907172","1905780","1908996","1903914","1896424","1882970","1868745","1851549","1832803","1817697","1804217","1788819","1779135",
"전라남도","계","여자","","1145167","1121671","1102412","1096265","1090299","1084800","1087606","1079310","1068655","1053405","1031882","1013540","996965","986813","974064","966425","960509","957050","959861","957592","955264","954575","953805","955115","952025","948134","939970","931071","920934","910582","902425","894669","886439","880495",
"전라남도","계","남자","","1137941","1113675","1094979","1089299","1084907","1078553","1083418","1075783","1061959","1045903","1022322","1004190","989227","980392","968861","963411","958491","955954","958624","956747","954354","952597","951975","953881","951889","948290","943000","937674","930615","922221","915272","909548","902380","898640",
"전라남도","0-4세","전체","","129115","129589","131854","137617","141053","141233","142157","139566","135091","127787","117054","108942","99862","90121","83470","82276","80690","79241","79974","80755","80536","79649","78849","78080","75316","70197","65546","61275","56034","50563","46616","43693","41528","41030",
"전라남도","0-4세","여자","","61708","61795","62733","65423","67085","67278","67909","66839","64801","61336","56030","52233","47825","43242","40236","39776","39067","38576","38829","39253","39310","39001","38649","38432","36907","34253","32018","29909","27381","24722","22881","21523","20452","20168",
"전라남도","0-4세","남자","","67407","67794","69121","72194","73968","73955","74248","72727","70290","66451","61024","56709","52037","46879","43234","42500","41623","40665","41145","41502","41226","40648","40200","39648","38409","35944","33528","31366","28653","25841","23735","22170","21076","20862",
"전라남도","5-9세","전체","","159640","145108","136606","132152","132067","135049","139483","143332","145650","144475","140647","136962","132193","128225","121468","113024","105293","97490","87994","82433","80964","79440","78375","80062","81420","81032","79700","78154","76168","73149","68273","64033","59840","54578",
"전라남도","5-9세","여자","","78269","70993","66723","64068","63869","64930","66785","68338","69380","68750","67176","65451","63403","61676","58448","54173","50453","46638","42246","39670","39137","38444","38062","38775","39559","39556","39026","38335","37465","35892","33265","31196","29161","26631",
"전라남도","5-9세","남자","","81371","74115","69883","68084","68198","70119","72698","74994","76270","75725","73471","71511","68790","66549","63020","58851","54840","50852","45748","42763","41827","40996","40313","41287","41861","41476","40674","39819","38703","37257","35008","32837","30679","27947",
"전라남도","10-14세","전체","","224149","214921","197437","181940","167232","151217","141130","135101","129520","127577","128154","128795","130467","133572","132991","131343","129077","125906","122806","117609","109966","103112","96259","87829","82763","81907","80393","78999","80129","81264","80876","79600","78430","76517",
"전라남도","10-14세","여자","","111757","107091","97763","89930","82423","74553","69313","66173","62829","61638","61598","61685","62201","63657","63298","62640","61684","60353","58960","56425","52544","49281","45977","42104","39839","39571","38799","38369","38820","39476","39461","38876","38355","37499",
"전라남도","10-14세","남자","","112392","107830","99674","92010","84809","76664","71817","68928","66691","65939","66556","67110","68266","69915","69693","68703","67393","65553","63846","61184","57422","53831","50282","45725","42924","42336","41594","40630","41309","41788","41415","40724","40075","39018",
"전라남도","15-19세","전체","","264934","243414","231324","225096","218087","211477","205832","190903","176076","161076","144398","132370","124719","120113","119153","121348","123181","125941","129534","129875","128743","127390","124670","122128","117131","109738","103106","96263","87179","81884","80690","79333","78008","79205",
"전라남도","15-19세","여자","","130232","119490","114027","110943","107868","104293","101439","93436","86109","78434","70270","64069","60255","57688","57071","58008","58678","59611","61191","61408","61024","60527","59389","58322","55939","52272","49125","45883","41680","39256","38841","38250","37827","38234",
"전라남도","15-19세","남자","","134702","123924","117297","114153","110219","107184","104393","97467","89967","82642","74128","68301","64464","62425","62082","63340","64503","66330","68343","68467","67719","66863","65281","63806","61192","57466","53981","50380","45499","42628","41849","41083","40181","40971",
"전라남도","20-24세","전체","","252866","239816","233798","221183","209203","200998","192973","185814","182437","177508","170885","164588","152222","141199","129855","118546","111263","108080","105683","106588","109135","111816","115129","118818","118380","117387","115415","111445","106593","100470","93288","86939","80420","72796",
"전라남도","20-24세","여자","","108608","103563","101181","96464","91242","88823","85301","82736","82229","80661","77223","74321","68198","63463","58404","53572","50310","49191","48259","48742","49920","51266","52477","54213","53873","53524","52183","49792","47230","44385","41156","38249","35354","32084",
"전라남도","20-24세","남자","","144258","136253","132617","124719","117961","112175","107672","103078","100208","96847","93662","90267","84024","77736","71451","64974","60953","58889","57424","57846","59215","60550","62652","64605","64507","63863","63232","61653","59363","56085","52132","48690","45066","40712",
"전라남도","25-29세","전체","","161348","162314","162508","165289","169582","169555","170639","167686","158457","148010","138391","128700","124619","124592","123266","122898","121892","116811","110970","104537","96837","91395","89020","87733","88043","90025","91402","93465","94116","93265","92682","91213","88809","86671",
"전라남도","25-29세","여자","","73114","73354","72819","73985","76039","75990","76211","74708","71187","67019","63721","59379","57548","57355","56996","56143","55915","53332","50712","47898","44698","42266","41264","40591","40688","41544","41784","41708","41399","40942","40679","40145","39165","38313",
"전라남도","25-29세","남자","","88234","88960","89689","91304","93543","93565","94428","92978","87270","80991","74670","69321","67071","67237","66270","66755","65977","63479","60258","56639","52139","49129","47756","47142","47355","48481","49618","51757","52717","52323","52003","51068","49644","48358",
"전라남도","30-34세","전체","","164784","162415","156863","153323","152627","153135","158864","160158","158781","157509","153080","146637","142043","135444","127473","123072","117023","115231","116419","116516","116592","116369","111258","106660","100521","92908","86356","83092","80211","79963","81657","84309","86645","89640",
"전라남도","30-34세","여자","","80164","78661","75669","73252","71326","71435","73655","73945","73573","73422","71385","68693","66476","63413","59689","57909","54916","54236","54724","54960","54650","54847","52348","50370","47702","44332","41119","39584","37942","37598","38221","39198","39958","41127",
"전라남도","30-34세","남자","","84620","83754","81194","80071","81301","81700","85209","86213","85208","84087","81695","77944","75567","72031","67784","65163","62107","60995","61695","61556","61942","61522","58910","56290","52819","48576","45237","43508","42269","42365","43436","45111","46687","48513",
"전라남도","35-39세","전체","","131649","139156","145318","153863","160904","162467","165198","162068","156207","152669","149596","149566","149158","148298","148097","146844","143884","141241","136417","129336","124720","118795","116819","118160","118971","119327","118572","112332","105853","98465","90605","85193","82499","80711",
"전라남도","35-39세","여자","","63060","66349","69532","73607","77258","77622","78573","76709","73387","70400","68908","68948","68508","68159","68441","67703","66433","65110","63155","59974","58305","55448","55039","55745","56356","56271","56196","53066","50193","46906","43513","40833","39693","38637",
"전라남도","35-39세","남자","","68589","72807","75786","80256","83646","84845","86625","85359","82820","82269","80688","80618","80650","80139","79656","79141","77451","76131","73262","69362","66415","63347","61780","62415","62615","63056","62376","59266","55660","51559","47092","44360","42806","42074",
"전라남도","40-44세","전체","","119614","115791","114766","119778","123184","128151","138103","146326","153552","159103","158340","157395","153261","148394","145503","144989","146757","147759","149364","150467","149434","146646","144155","138998","132372","128133","121711","119201","118922","118947","118676","118427","112685","107020",
"전라남도","40-44세","여자","","57593","55832","55377","57685","59254","61428","65688","69832","73342","76236","75596","74800","72370","69338","66710","66304","67054","67195","67984","68903","68331","67270","66131","63966","61134","59772","56727","56068","55911","56246","55832","56043","53236","50636",
"전라남도","40-44세","남자","","62021","59959","59389","62093","63930","66723","72415","76494","80210","82867","82744","82595","80891","79056","78793","78685","79703","80564","81380","81564","81103","79376","78024","75032","71238","68361","64984","63133","63011","62701","62844","62384","59449","56384",
"전라남도","45-49세","전체","","112730","113554","115308","117931","118862","117326","114536","115209","119680","122828","126211","133936","141199","148599","154892","155994","156711","154025","151177","149114","148814","150930","152200","152732","153868","153158","149750","146835","140827","133307","128856","122386","120061","120259",
"전라남도","45-49세","여자","","57640","56964","57111","57734","58027","57106","55933","56323","58418","59793","61214","64431","68016","71501","74624","74623","74532","72711","70562","68334","67968","68868","69163","69491","70359","70043","68783","67404","64892","61621","60059","56946","56372","56570",
"전라남도","45-49세","남자","","55090","56590","58197","60197","60835","60220","58603","58886","61262","63035","64997","69505","73183","77098","80268","81371","82179","81314","80615","80780","80846","82062","83037","83241","83509","83115","80967","79431","75935","71686","68797","65440","63689","63689",
"전라남도","50-54세","전체","","148436","141324","131974","124611","116705","109347","110965","113965","116257","117279","115472","112037","112162","116898","120115","124484","133313","141467","151063","158416","160066","161315","158884","154778","152650","152436","154877","155603","155718","156395","155357","151901","149049","143492",
"전라남도","50-54세","여자","","78963","75228","70258","66008","61246","56425","56451","57337","57868","58112","57090","55508","55419","57472","58790","60422","64119","68148","72783","76275","76693","76992","75202","72510","70226","70000","71004","71155","71238","71850","71396","70068","68745","66415",
"전라남도","50-54세","남자","","69473","66096","61716","58603","55459","52922","54514","56628","58389","59167","58382","56529","56743","59426","61325","64062","69194","73319","78280","82141","83373","84323","83682","82268","82424","82436","83873","84448","84480","84545","83961","81833","80304","77077",
"전라남도","55-59세","전체","","126287","130643","132283","133331","135474","140953","134696","126890","119786","112491","105497","106777","109489","112349","113410","112212","109381","110472","116724","121134","126462","136478","145208","154126","161838","164096","165027","162445","157961","156068","155991","158381","159268","159668",
"전라남도","55-59세","여자","","69237","71473","72228","72684","73716","76589","73365","69057","64957","60273","55615","55201","55857","56454","56541","55711","54363","54772","57715","59715","61853","66180","70496","74708","78558","79280","79343","77438","74351","72244","72143","73044","73296","73616",
"전라남도","55-59세","남자","","57050","59170","60055","60647","61758","64364","61331","57833","54829","52218","49882","51576","53632","55895","56869","56501","55018","55700","59009","61419","64609","70298","74712","79418","83280","84816","85684","85007","83610","83824","83848","85337","85972","86052",
"전라남도","60-64세","전체","","99007","102339","104642","108045","112561","116769","121600","124006","124750","126946","132345","126355","119230","112962","106306","100290","102128","105479","109460","111210","110825","109272","111146","117055","121725","127629","137983","147088","155958","163865","166649","167935","165085","161272",
"전라남도","60-64세","여자","","56737","58776","59998","61451","63745","65923","68599","69768","70161","71002","73783","70258","66008","62142","57674","53343","53276","54219","55672","56206","55779","55013","55843","58570","60716","63127","67672","72105","76294","79955","80649","80758","78789","76234",
"전라남도","60-64세","남자","","42270","43563","44644","46594","48816","50846","53001","54238","54589","55944","58562","56097","53222","50820","48632","46947","48852","51260","53788","55004","55046","54259","55303","58485","61009","64502","70311","74983","79664","83910","86000","87177","86296","85038",
"전라남도","65-69세","전체","","70758","70628","76420","81960","85267","88975","92483","95001","97956","102355","105999","109932","112612","113982","116345","122079","117600","111885","107138","101829","97445","99539","103500","107180","109451","109580","108152","110253","116419","121006","127189","137522","146614","155988",
"전라남도","65-69세","여자","","40220","39941","44163","48363","50711","53140","55342","56650","57740","60031","61898","63953","65125","65698","66616","69462","66686","63217","59978","56282","52857","53112","54395","55606","56300","56121","55308","56226","58892","60835","63316","67859","72190","76614",
"전라남도","65-69세","남자","","30538","30687","32257","33597","34556","35835","37141","38351","40216","42324","44101","45979","47487","48284","49729","52617","50914","48668","47160","45547","44588","46427","49105","51574","53151","53459","52844","54027","57527","60171","63873","69663","74424","79374",
"전라남도","70-74세","전체","","52594","57873","58440","59409","60112","59877","60182","65587","70580","73670","77133","79893","82384","85423","89252","93139","97449","100841","103069","106451","112811","109376","104788","100599","96220","92741","95217","98870","102724","104632","104994","103680","105891","112170",
"전라남도","70-74세","여자","","31437","35093","35108","35690","36187","36081","36099","40021","43755","45970","48131","49799","51080","52277","54287","56363","58694","60253","61338","62998","66323","63984","61007","58019","54725","51630","51952","53104","54459","54935","54722","53945","54863","57725",
"전라남도","70-74세","남자","","21157","22780","23332","23719","23925","23796","24083","25566","26825","27700","29002","30094","31304","33146","34965","36776","38755","40588","41731","43453","46488","45392","43781","42580","41495","41111","43265","45766","48265","49697","50272","49735","51028","54445",
"전라남도","75-79세","전체","","32531","33009","33510","35775","37027","40454","44991","45533","46281","47041","47067","47217","52057","56621","59317","62670","65700","68471","71710","75558","79427","84026","87804","90223","93770","100108","97229","93560","90182","86390","83766","86242","89530","93013",
"전라남도","75-79세","여자","","21346","21361","21499","22838","23649","25902","29245","29348","29808","30275","30189","30067","33566","36971","38884","41021","42957","44510","46120","48220","50465","53202","55212","56439","58069","61395","59225","56582","54068","50938","48235","48599","49601","50789",
"전라남도","75-79세","남자","","11185","11648","12011","12937","13378","14552","15746","16185","16473","16766","16878","17150","18491","19650","20433","21649","22743","23961","25590","27338","28962","30824","32592","33784","35701","38713","38004","36978","36114","35452","35531","37643","39929","42224",
"전라남도","80세 이상","전체","","32666","-","-","-","-","-","-","-","-","-","-","-","-","-","-","-","-","-","68983","-","-","","","","","","","","","","","","","",
"전라남도","80세 이상","여자","","25082","-","-","-","-","-","-","-","-","-","-","-","-","-","-","-","-","-","49633","-","-","","","","","","","","","","","","","",
"전라남도","80세 이상","남자","","7584","-","-","-","-","-","-","-","-","-","-","-","-","-","-","-","-","-","19350","-","-","","","","","","","","","","","","","",
"전라남도","80-84세","전체","","-","19758","20423","20264","20732","21295","21830","22225","23876","24870","27335","30719","31002","31753","32455","32841","33539","37726","41940","44317","47209","49887","52609","55564","58952","62531","66506","69901","72425","75612","80836","78836","76057","73510",
"전라남도","80-84세","여자","","-","14475","14857","14719","14839","15095","15266","15458","16590","17274","18963","21502","21492","21876","22261","22464","22724","25882","28999","30823","32791","34682","36426","37968","40055","42279","44672","46525","47889","49547","52517","50850","48625","46440",
"전라남도","80-84세","남자","","-","5283","5566","5545","5893","6200","6564","6767","7286","7596","8372","9217","9510","9877","10194","10377","10815","11844","12941","13494","14418","15205","16183","17596","18897","20252","21834","23376","24536","26065","28319","27986","27432","27070",
"전라남도","85세 이상","전체","","-","13694","13917","13997","14527","15075","15362","-","-","-","-","-","-","-","-","-","-","-","27043","-","-","","","","","","","","","","","","","",
"전라남도","85세 이상","여자","","-","11232","11366","11421","11815","12187","12432","-","-","-","-","-","-","-","-","-","-","-","20634","-","-","","","","","","","","","","","","","",
"전라남도","85세 이상","남자","","-","2462","2551","2576","2712","2888","2930","-","-","-","-","-","-","-","-","-","-","-","6409","-","-","","","","","","","","","","","","","",
"전라남도","85-89세","전체","","-","-","-","-","-","-","-","10876","10788","11101","11528","11666","12061","13183","13769","15696","17882","18291","19065","19669","20017","20847","23846","26626","28418","30619","32331","34684","37193","39878","41970","44854","47165","48753",
"전라남도","85-89세","여자","","-","-","-","-","-","-","-","8479","8379","8559","8846","8839","9067","9842","10257","11737","13478","13645","14102","14512","14761","15253","17559","19859","21201","22718","23960","25586","27194","29026","30514","32417","33766","34624",
"전라남도","85-89세","남자","","-","-","-","-","-","-","-","2397","2409","2542","2682","2827","2994","3341","3512","3959","4404","4646","4963","5157","5256","5594","6287","6767","7217","7901","8371","9098","9999","10852","11456","12437","13399","14129",
"전라남도","90-94세","전체","","-","-","-","-","-","-","-","3723","3777","3880","3954","4121","4322","4276","4587","4805","4859","5215","5957","6374","7368","8579","8765","8906","9211","9612","9931","11541","13057","14204","15147","15935","17114","18285",
"전라남도","90-94세","여자","","-","-","-","-","-","-","-","3132","3136","3224","3264","3422","3569","3552","3786","3931","3952","4193","4803","5133","5914","6940","7027","7080","7354","7671","7843","9070","10374","11279","11981","12662","13550","14311",
"전라남도","90-94세","남자","","-","-","-","-","-","-","-","591","641","656","690","699","753","724","801","874","907","1022","1154","1241","1454","1639","1738","1826","1857","1941","2088","2471","2683","2925","3166","3273","3564","3974",
"전라남도","95세 이상","전체","","-","-","-","-","-","-","-","1124","1112","1133","1118","1122","1130","1201","1201","1286","1378","1432","2021","-","-","","","","","","","","","","","","","",
"전라남도","95세 이상","여자","","-","-","-","-","-","-","-","1021","1006","996","982","981","982","1037","1051","1120","1218","1258","1729","-","-","","","","","","","","","","","","","",
"전라남도","95세 이상","남자","","-","-","-","-","-","-","-","103","106","137","136","141","148","164","150","166","160","174","292","-","-","","","","","","","","","","","","","",
"전라남도","95-99세","전체","","-","-","-","-","-","-","-","-","-","-","-","-","-","-","-","-","-","-","-","1572","1630","1640","1795","1986","2135","2521","2991","2944","3010","3012","3037","3213","3580","4023",
"전라남도","95-99세","여자","","-","-","-","-","-","-","-","-","-","-","-","-","-","-","-","-","-","-","-","1354","1389","1402","1516","1682","1803","2132","2564","2484","2514","2515","2557","2685","2973","3366",
"전라남도","95-99세","남자","","-","-","-","-","-","-","-","-","-","-","-","-","-","-","-","-","-","-","-","218","241","238","279","304","332","389","427","460","496","497","480","528","607","657",
"전라남도","100세 이상","전체","","-","-","-","-","-","-","-","-","-","-","-","-","-","-","-","-","-","-","-","579","617","671","701","753","759","739","775","795","870","464","542","592","541","534",
"전라남도","100세 이상","여자","","-","-","-","-","-","-","-","-","-","-","-","-","-","-","-","-","-","-","-","507","552","597","623","665","662","643","667","678","748","414","487","523","468","462",
"전라남도","100세 이상","남자","","-","-","-","-","-","-","-","-","-","-","-","-","-","-","-","-","-","-","-","72","65","74","78","88","97","96","108","117","122","50","55","69","73","72",
"경상북도","계","전체","","2872170","2876288","2873138","2770378","2790451","2799084","2809595","2808567","2797178","2784704","2756744","2720832","2695917","2688491","2688577","2681364","2673931","2669876","2689920","2699195","2698353","2699440","2700794","2702826","2700398","2691706","2676831","2665836","2639422","2626609","2600492","2554324","2531384","2506526",
"경상북도","계","여자","","1429413","1431217","1429289","1380500","1391009","1395931","1401177","1400724","1395666","1390460","1376533","1357631","1343497","1339054","1338747","1334608","1330732","1328899","1338718","1343468","1343059","1343489","1344612","1345520","1343530","1338542","1330142","1323799","1310211","1302948","1288611","1264026","1250837","1238033",
"경상북도","계","남자","","1442757","1445071","1443849","1389878","1399442","1403153","1408418","1407843","1401512","1394244","1380211","1363201","1352420","1349437","1349830","1346756","1343199","1340977","1351202","1355727","1355294","1355951","1356182","1357306","1356868","1353164","1346689","1342037","1329211","1323661","1311881","1290298","1280547","1268493",
"경상북도","0-4세","전체","","185310","190522","193435","186547","189590","188673","185342","181892","177280","170123","157835","147252","135648","123395","116420","115897","114279","111976","113045","114990","114550","113765","113536","112990","110059","103076","96504","89397","80061","72134","65849","59519","55187","52636",
"경상북도","0-4세","여자","","82745","85180","86659","84243","86065","86343","85521","84919","83232","80142","74148","69252","63673","58272","54998","55159","54510","53664","54335","55440","55202","54863","54774","54620","53203","49887","46752","43482","38962","35084","32007","28960","26787","25575",
"경상북도","0-4세","남자","","102565","105342","106776","102304","103525","102330","99821","96973","94048","89981","83687","78000","71975","65123","61422","60738","59769","58312","58710","59550","59348","58902","58762","58370","56856","53189","49752","45915","41099","37050","33842","30559","28400","27061",
"경상북도","5-9세","전체","","200770","190680","187543","176934","179593","183185","187031","189627","191410","189796","185499","179421","173337","169320","161721","150313","140927","130881","119478","113039","112349","110547","109143","110404","112213","112375","111105","110787","109500","106381","99270","92407","85071","76181",
"경상북도","5-9세","여자","","94755","88550","85974","80350","81356","82609","84366","85383","86710","86389","85237","83210","81208","79852","76352","70831","66500","61670","56529","53633","53572","52827","52285","53034","53938","54007","53499","53479","52870","51510","48194","44874","41364","37061",
"경상북도","5-9세","남자","","106015","102130","101569","96584","98237","100576","102665","104244","104700","103407","100262","96211","92129","89468","85369","79482","74427","69211","62949","59406","58777","57720","56858","57370","58275","58368","57606","57308","56630","54871","51076","47533","43707","39120",
"경상북도","10-14세","전체","","254014","250703","236288","215414","201144","187014","177886","174963","171935","172518","173971","174775","175332","177434","176019","173133","168686","163913","160803","154433","144291","136387","127631","116851","110753","110178","108876","107949","109104","110844","110592","108925","107947","106353",
"경상북도","10-14세","여자","","125763","124455","116558","105110","96996","89006","83161","80628","78559","78554","78681","78984","79073","80510","80372","79746","78334","76789","75766","72862","67928","64266","60146","55340","52469","52454","51887","51651","52323","53301","53085","52363","51977","51233",
"경상북도","10-14세","남자","","128251","126248","119730","110304","104148","98008","94725","94335","93376","93964","95290","95791","96259","96924","95647","93387","90352","87124","85037","81571","76363","72121","67485","61511","58284","57724","56989","56298","56781","57543","57507","56562","55970","55120",
"경상북도","15-19세","전체","","288637","269042","258996","248112","246675","243860","242406","229172","214692","199331","183907","172805","168199","165481","167258","168907","170164","172414","174816","174306","171791","168152","163538","160476","153905","144218","136223","127799","116820","111120","109987","108386","107806","108786",
"경상북도","15-19세","여자","","142095","132014","127710","122833","122224","120193","119757","112556","104402","95640","86953","80162","76920","74997","76139","76221","76634","77904","79407","79727","79258","78011","76211","75067","72123","67448","63805","59848","54931","52200","51861","51273","50979","51567",
"경상북도","15-19세","남자","","146542","137028","131286","125279","124451","123667","122649","116616","110290","103691","96954","92643","91279","90484","91119","92686","93530","94510","95409","94579","92533","90141","87327","85409","81782","76770","72418","67951","61889","58920","58126","57113","56827","57219",
"경상북도","20-24세","전체","","307513","300466","293729","274385","262993","254045","241106","233480","229024","228398","224987","220641","207708","195537","185163","172341","163632","162093","160556","162897","164304","166385","167801","169489","167180","163898","159293","153606","145890","139367","128660","120289","112319","101627",
"경상북도","20-24세","여자","","140019","137880","135294","127260","123094","120201","113623","110452","108480","108444","106246","104011","97255","90551","85504","79311","74558","72813","71304","72129","72610","73836","74639","75582","74435","72855","70623","67819","63858","61122","56047","51789","48305","44007",
"경상북도","20-24세","남자","","167494","162586","158435","147125","139899","133844","127483","123028","120544","119954","118741","116630","110453","104986","99659","93030","89074","89280","89252","90768","91694","92549","93162","93907","92745","91043","88670","85787","82032","78245","72613","68500","64014","57620",
"경상북도","25-29세","전체","","237254","246229","249262","239729","246899","247975","246188","241186","231508","219158","208766","193035","188433","188697","194141","193630","192684","183183","174984","165177","154787","147917","145000","141894","141123","141492","140832","140944","138273","136654","132660","127966","123502","118976",
"경상북도","25-29세","여자","","111569","116266","117761","112073","116452","116427","115538","113344","109624","104547","100508","92143","89497","88838","90978","90203","90236","85607","81159","76072","70764","66672","64662","62831","62337","62003","61266","61111","59475","58482","56572","54333","52177","50254",
"경상북도","25-29세","남자","","125685","129963","131501","127656","130447","131548","130650","127842","121884","114611","108258","100892","98936","99859","103163","103427","102448","97576","93825","89105","84023","81245","80338","79063","78786","79489","79566","79833","78798","78172","76088","73633","71325","68722",
"경상북도","30-34세","전체","","249076","251738","246687","229374","225248","223630","231771","235622","235246","236306","232995","223911","216590","209212","200671","194284","184341","179916","181712","185542","186221","185860","177323","168433","157308","145937","137366","133168","128595","128064","128460","128262","128762","129117",
"경상북도","30-34세","여자","","120064","120920","117871","110371","107358","107372","111479","113273","112725","114058","111808","107872","104262","100991","96751","93981","88288","86086","86305","88172","88185","88339","84157","79741","74147","68271","63439","60648","58142","57733","57623","57134","56873","56654",
"경상북도","30-34세","남자","","129012","130818","128816","119003","117890","116258","120292","122349","122521","122248","121187","116039","112328","108221","103920","100303","96053","93830","95407","97370","98036","97521","93166","88692","83161","77666","73927","72520","70453","70331","70837","71128","71889","72463",
"경상북도","35-39세","전체","","199213","207552","220893","221156","232779","238319","240151","235474","229999","221780","216358","219428","220248","221017","222928","222004","217015","211564","206990","198435","191284","181859","178876","179124","182285","183150","182176","173639","162522","151411","139908","130892","127001","123625",
"경상북도","35-39세","여자","","95150","98464","105241","105981","111446","114126","114959","112126","109656","105004","103292","105059","105415","105313","106759","105586","103427","100874","99100","95217","92360","86952","85678","85262","86849","87251","87235","83059","77692","72087","66273","61314","58738","56713",
"경상북도","35-39세","남자","","104063","109088","115652","115175","121333","124193","125192","123348","120343","116776","113066","114369","114833","115704","116169","116418","113588","110690","107890","103218","98924","94907","93198","93862","95436","95899","94941","90580","84830","79324","73635","69578","68263","66912",
"경상북도","40-44세","전체","","159091","161528","166021","172600","184938","191183","198971","212067","220065","229508","231991","230274","223491","218616","211239","207928","213335","216027","219741","222284","221540","216774","212377","206070","197370","190517","180800","177470","176794","179407","179573","178092","168786","158592",
"경상북도","40-44세","여자","","76628","78053","80349","84243","90008","92395","95565","102712","106181","110774","112030","110947","106896","104632","100257","99213","101871","103153","104417","106123","104821","102768","100865","98306","94540","91819","86451","84915","84301","85781","85730","85433","80864","75787",
"경상북도","40-44세","남자","","82463","83475","85672","88357","94930","98788","103406","109355","113884","118734","119961","119327","116595","113984","110982","108715","111464","112874","115324","116161","116719","114006","111512","107764","102830","98698","94349","92555","92493","93626","93843","92659","87922","82805",
"경상북도","45-49세","전체","","129802","131420","136045","139648","147780","154726","157108","162008","173397","184498","189703","195678","207379","216049","225562","229813","230306","224894","222793","215966","212501","218351","221615","222443","224577","223737","218773","214063","206714","197773","190404","179274","175214","174414",
"경상북도","45-49세","여자","","66181","65564","66474","67909","72060","76024","77690","80137","86207","91543","93246","95517","101715","105468","109826","111789","111890","108403","107253","102992","101855","104752","106268","106041","107535","106263","104166","102031","99001","95015","92006","85909","83963","83195",
"경상북도","45-49세","남자","","63621","65856","69571","71739","75720","78702","79418","81871","87190","92955","96457","100161","105664","110581","115736","118024","118416","116491","115540","112974","110646","113599","115347","116402","117042","117474","114607","112032","107713","102758","98398","93365","91251","91219",
"경상북도","50-54세","전체","","166634","164495","155446","141508","132592","125685","127293","132135","139999","147237","153648","155500","159921","172180","183854","190176","197992","211143","222307","232832","237300","238215","233377","228788","221457","217850","223559","226491","226118","228104","226378","219007","213828","206479",
"경상북도","50-54세","여자","","88359","87472","82876","75155","69569","65110","64713","65872","69344","73106","76839","78038","80175","86639","92101","94079","97182","104236","109324","114294","116181","116401","113145","110645","105844","104798","107722","109064","108481","109901","108179","104874","102367","99124",
"경상북도","50-54세","남자","","78275","77023","72570","66353","63023","60575","62580","66263","70655","74131","76809","77462","79746","85541","91753","96097","100810","106907","112983","118538","121119","121814","120232","118143","115613","113052","115837","117427","117637","118203","118199","114133","111461","107355",
"경상북도","55-59세","전체","","148744","152905","156304","149581","149977","157370","156037","148070","138905","129957","122986","124548","129211","137710","145504","152359","155585","161403","175939","188572","195873","204451","218334","227993","238550","243636","244091","238777","233544","226323","222891","225700","227461","227176",
"경상북도","55-59세","여자","","80751","82946","84768","81192","81536","85149","84661","80562","75245","69545","64911","64366","65229","69032","72939","76666","78542","81327","89023","95014","97711","101327","108591","112836","117777","120087","120014","116326","113439","108742","107754","109360","110189","109430",
"경상북도","55-59세","남자","","67993","69959","71536","68389","68441","72221","71376","67508","63660","60412","58075","60182","63982","68678","72565","75693","77043","80076","86916","93558","98162","103124","109743","115157","120773","123549","124077","122451","120105","117581","115137","116340","117272","117746",
"경상북도","60-64세","전체","","112586","116703","123651","127134","133817","136879","141031","144623","143104","143395","150367","148766","141662","133775","125743","119991","122516","128241","137898","146336","154043","158360","164891","178237","191201","198961","207884","222331","231772","242715","247585","245119","239273","234392",
"경상북도","60-64세","여자","","64704","66732","70277","71473","74716","76241","78576","80513","79587","79736","83092","82075","78194","73443","67997","63778","63584","65170","69611","73954","78210","80679","83915","91013","96987","99700","103424","111000","115008","119933","122102","120612","116678","114155",
"경상북도","60-64세","남자","","47882","49971","53374","55661","59101","60638","62455","64110","63517","63659","67275","66691","63468","60332","57746","56213","58932","63071","68287","72382","75833","77681","80976","87224","94214","99261","104460","111331","116764","122782","125483","124507","122595","120237",
"경상북도","65-69세","전체","","87767","90708","93420","92686","95978","99890","103727","110184","117199","123160","125975","129555","133370","132821","133921","141181","141221","135890","129441","122534","118081","121487","127526","136584","145050","153190","157402","164125","177478","190332","198484","204308","218156","227568",
"경상북도","65-69세","여자","","49525","51808","54226","54643","57112","59433","61376","64669","68045","70859","72216","74110","76004","75480","75912","79346","79252","76174","72125","67333","63730","64016","65799","69969","74278","78709","81054","84256","91301","97157","99868","102226","109507","113707",
"경상북도","65-69세","남자","","38242","38900","39194","38043","38866","40457","42351","45515","49154","52301","53759","55445","57366","57341","58009","61835","61969","59716","57316","55201","54351","57471","61727","66615","70772","74481","76348","79869","86177","93175","98616","102082","108649","113861",
"경상북도","70-74세","전체","","66352","68976","70334","70239","71482","72998","75770","78194","80429","83490","87208","90185","95998","102853","108726","112098","116633","121345","122183","124112","131993","132824","128403","122051","116069","112395","116068","122471","131227","139126","146951","149037","155260","168117",
"경상북도","70-74세","여자","","38431","40230","41006","41268","42232","43506","45591","47720","49585","51847","53937","55321","58362","61726","64767","66484","68947","71309","71632","72439","76436","76713","74047","69781","65351","61896","62310","64417","68561","72716","76916","78213","81066","87920",
"경상북도","70-74세","남자","","27921","28746","29328","28971","29250","29492","30179","30474","30844","31643","33271","34864","37636","41127","43959","45614","47686","50036","50551","51673","55557","56111","54356","52270","50718","50499","53758","58054","62666","66410","70035","70824","74194","80197",
"경상북도","75-79세","전체","","43980","45381","46660","46871","48228","50140","52237","53065","54631","55610","57283","59509","62192","64474","67545","71306","74739","80946","87801","93583","97170","101650","106769","107712","109699","117719","118968","115492","110184","105025","101915","103909","109729","117473",
"경상북도","75-79세","여자","","27326","28100","28794","29060","29901","31097","32538","33025","34255","35058","36262","37831","39898","41670","43866","46101","47912","51543","55200","58404","60431","62991","65753","66086","66900","71193","71667","69146","65374","61288","58055","57644","59599","63422",
"경상북도","75-79세","남자","","16654","17281","17866","17811","18327","19043","19699","20040","20376","20552","21021","21678","22294","22804","23679","25205","26827","29403","32601","35179","36739","38659","41016","41626","42799","46526","47301","46346","44810","43737","43860","46265","50130","54051",
"경상북도","80세 이상","전체","","35427","-","-","-","-","-","-","-","-","-","-","-","-","-","-","-","-","-","79433","-","-","","","","","","","","","","","","","",
"경상북도","80세 이상","여자","","25348","-","-","-","-","-","-","-","-","-","-","-","-","-","-","-","-","-","56228","-","-","","","","","","","","","","","","","",
"경상북도","80세 이상","남자","","10079","-","-","-","-","-","-","-","-","-","-","-","-","-","-","-","-","-","23205","-","-","","","","","","","","","","","","","",
"경상북도","80-84세","전체","","-","24205","24961","25045","26221","27920","28945","29742","30912","31902","33507","34997","35847","37461","38464","40360","42447","45205","47905","50923","54500","57887","63403","69146","74283","77582","81441","86363","87876","89949","96135","95612","92903","88460",
"경상북도","80-84세","여자","","-","16628","17171","17145","17874","18877","19492","19909","20682","21314","22349","23423","23909","25082","25781","27191","28751","30864","32938","35063","37224","39224","42729","46144","49234","51206","53513","56360","57121","58014","61488","60861","58768","55434",
"경상북도","80-84세","남자","","-","7577","7790","7900","8347","9043","9453","9833","10230","10588","11158","11574","11938","12379","12683","13169","13696","14341","14967","15860","17276","18663","20674","23002","25049","26376","27928","30003","30755","31935","34647","34751","34135","33026",
"경상북도","85세 이상","전체","","-","13035","13463","13415","14517","15592","16595","-","-","-","-","-","-","-","-","-","-","-","31528","-","-","","","","","","","","","","","","","",
"경상북도","85세 이상","여자","","-","9955","10280","10191","11010","11822","12571","-","-","-","-","-","-","-","-","-","-","-","23290","-","-","","","","","","","","","","","","","",
"경상북도","85세 이상","남자","","-","3080","3183","3224","3507","3770","4024","-","-","-","-","-","-","-","-","-","-","-","8238","-","-","","","","","","","","","","","","","",
"경상북도","85-89세","전체","","-","-","-","-","-","-","-","12735","13000","13748","14568","15118","15643","16537","17393","18750","19971","20861","22295","23235","24828","26706","28792","30749","33119","36206","38640","42814","47171","51014","52810","54388","57719","58529",
"경상북도","85-89세","여자","","-","-","-","-","-","-","-","9428","9563","10051","10607","10920","11227","11834","12462","13488","14467","15055","16147","16801","17998","19526","21174","22715","24434","26427","27989","30801","33635","36258","37419","38453","40559","40874",
"경상북도","85-89세","남자","","-","-","-","-","-","-","-","3307","3437","3697","3961","4198","4416","4703","4931","5262","5504","5806","6148","6434","6830","7180","7618","8034","8685","9779","10651","12013","13536","14756","15391","15935","17160","17655",
"경상북도","90-94세","전체","","-","-","-","-","-","-","-","3569","3618","3941","4256","4465","4719","4899","5191","5677","6105","6510","7242","7800","8514","9288","9661","10399","10913","11978","12891","14117","15445","16860","17898","18784","20709","22926",
"경상북도","90-94세","여자","","-","-","-","-","-","-","-","2837","2872","3122","3376","3552","3736","3854","4048","4405","4704","5019","5534","6017","6623","7232","7503","8089","8491","9337","10120","11109","12208","13236","13991","14653","16042","17613",
"경상북도","90-94세","남자","","-","-","-","-","-","-","-","732","746","819","880","913","983","1045","1143","1272","1401","1491","1708","1783","1891","2056","2158","2310","2422","2641","2771","3008","3237","3624","3907","4131","4667","5313",
"경상북도","95세 이상","전체","","-","-","-","-","-","-","-","759","825","848","934","969","989","1023","1114","1216","1353","1471","1991","-","-","","","","","","","","","","","","","",
"경상북도","95세 이상","여자","","-","-","-","-","-","-","-","659","712","727","795","838","849","870","938","1030","1143","1239","1609","-","-","","","","","","","","","","","","","",
"경상북도","95세 이상","남자","","-","-","-","-","-","-","-","100","113","121","139","131","140","153","176","186","210","232","382","-","-","","","","","","","","","","","","","",
"경상북도","95-99세","전체","","-","-","-","-","-","-","-","-","-","-","-","-","-","-","-","-","-","-","-","1681","1854","1947","2106","2259","2473","2798","3081","3106","3341","3453","3555","3883","4200","4534",
"경상북도","95-99세","여자","","-","-","-","-","-","-","-","-","-","-","-","-","-","-","-","-","-","-","-","1377","1498","1581","1714","1832","2018","2299","2529","2547","2747","2896","2972","3237","3543","3809",
"경상북도","95-99세","남자","","-","-","-","-","-","-","-","-","-","-","-","-","-","-","-","-","-","-","-","304","356","366","392","427","455","499","552","559","594","557","583","646","657","725",
"경상북도","100세 이상","전체","","-","-","-","-","-","-","-","-","-","-","-","-","-","-","-","-","-","-","-","518","579","628","692","734","811","813","858","927","993","553","527","565","551","565",
"경상북도","100세 이상","여자","","-","-","-","-","-","-","-","-","-","-","-","-","-","-","-","-","-","-","-","405","462","513","557","586","640","632","677","730","781","492","469","511","492","499",
"경상북도","100세 이상","남자","","-","-","-","-","-","-","-","-","-","-","-","-","-","-","-","-","-","-","-","113","117","115","135","148","171","181","181","197","212","61","58","54","59","66",
"경상남도","계","전체","","3846825","3902502","3962374","3949903","4009419","3043758","3069755","3080229","3094413","3106502","3124418","3139017","3143814","3160431","3172857","3196953","3225255","3250176","3290536","3308765","3319314","3333820","3350257","3364702","3373871","3380404","3373988","3362553","3340216","3314183","3280493","3251158","3228380","3207383",
"경상남도","계","여자","","1913351","1941117","1969844","1961785","1990426","1521830","1533727","1538120","1545693","1551327","1560050","1566297","1567457","1574531","1580247","1590970","1603128","1614476","1634494","1644010","1648769","1655228","1663143","1669721","1674652","1678991","1676576","1670521","1658793","1645845","1628818","1614171","1601454","1589962",
"경상남도","계","남자","","1933474","1961385","1992530","1988118","2018993","1521928","1536028","1542109","1548720","1555175","1564368","1572720","1576357","1585900","1592610","1605983","1622127","1635700","1656042","1664755","1670545","1678592","1687114","1694981","1699219","1701413","1697412","1692032","1681423","1668338","1651675","1636987","1626926","1617421",
"경상남도","0-4세","전체","","306066","317112","327482","330346","331533","231191","226273","219992","215068","206124","196077","186738","175912","162340","154287","155551","155743","155841","159174","161667","160721","158915","159041","156768","151587","143158","134437","123552","109520","97104","86959","78630","72994","70263",
"경상남도","0-4세","여자","","139764","144562","148962","150686","151378","106523","104946","102701","101133","97415","92578","88141","82986","76785","73189","74222","74709","75177","76834","78184","77634","76797","76920","76061","73591","69538","65358","60223","53292","47103","42408","38279","35445","34172",
"경상남도","0-4세","남자","","166302","172550","178520","179660","180155","124668","121327","117291","113935","108709","103499","98597","92926","85555","81098","81329","81034","80664","82340","83483","83087","82118","82121","80707","77996","73620","69079","63329","56228","50001","44551","40351","37549","36091",
"경상남도","5-9세","전체","","306474","296589","295753","290629","300633","221458","228528","233509","238207","237939","236294","232588","227191","223275","213925","201897","191110","180293","166339","158185","158668","158150","157421","161099","163889","164257","162205","161948","159246","153565","142983","133369","122013","108654",
"경상남도","5-9세","여자","","146922","140669","139089","134977","139153","102354","105323","107159","109555","109444","109341","108327","106542","105336","101424","95613","90276","84965","78731","74997","75717","75997","76001","77747","79313","79506","78549","78413","77335","74573","69333","64594","59207","52658",
"경상남도","5-9세","남자","","159552","155920","156664","155652","161480","119104","123205","126350","128652","128495","126953","124261","120649","117939","112501","106284","100834","95328","87608","83188","82951","82153","81420","83352","84576","84751","83656","83535","81911","78992","73650","68775","62806","55996",
"경상남도","10-14세","전체","","363470","366798","354881","333863","316274","219555","211025","208231","206753","211514","218271","224696","230334","236494","237170","235665","231906","226432","222093","213178","200477","189612","178980","164918","157298","158538","158187","157244","160856","163834","163126","160575","159832","156926",
"경상남도","10-14세","여자","","178157","179913","173473","162494","153099","105920","100923","98713","96910","98702","101114","103603","105835","108962","109211","109084","108069","106234","104744","100946","94805","89570","84355","77984","74669","75698","76007","75834","77597","79356","79034","77802","77378","76072",
"경상남도","10-14세","남자","","185313","186885","181408","171369","163175","113635","110102","109518","109843","112812","117157","121093","124499","127532","127959","126581","123837","120198","117349","112232","105672","100042","94625","86934","82629","82840","82180","81410","83259","84478","84092","82773","82454","80854",
"경상남도","15-19세","전체","","351945","337973","336991","338470","347725","267121","267885","256652","243450","229047","215059","205916","202996","202427","207739","215309","222371","228272","234175","235061","232710","228844","223709","219369","210364","198364","187710","176713","163358","155627","155798","155372","154310","157705",
"경상남도","15-19세","여자","","173856","166013","165954","165987","170403","130901","131162","125266","118364","110516","103029","97807","95664","94248","96284","99395","102227","104482","107430","107759","107190","106180","104623","103117","99344","93529","88447","83024","76986","73633","74005","74224","74057","75629",
"경상남도","15-19세","남자","","178089","171960","171037","172483","177322","136220","136723","131386","125086","118531","112030","108109","107332","108179","111455","115914","120144","123790","126745","127302","125520","122664","119086","116252","111020","104835","99263","93689","86372","81994","81793","81148","80253","82076",
"경상남도","20-24세","전체","","388919","383421","376762","360838","346441","261261","249076","244379","245746","249152","251058","251196","239293","226516","213221","200983","193982","192529","191375","196306","202037","207994","213482","218532","218740","215566","210464","202556","194381","182871","167946","156023","144937","131891",
"경상남도","20-24세","여자","","184977","183447","180142","172894","166333","124983","118619","116376","116806","118509","118775","118633","112507","105838","99288","92640","88725","87764","86570","88715","90701","92733","94642","97076","97158","96102","93993","90414","86129","80717","73453","67965","62620","56956",
"경상남도","20-24세","남자","","203942","199974","196620","187944","180108","136278","130457","128003","128940","130643","132283","132563","126786","120678","113933","108343","105257","104765","104805","107591","111336","115261","118840","121456","121582","119464","116471","112142","108252","102154","94493","88058","82317","74935",
"경상남도","25-29세","전체","","367968","379734","388985","385079","394314","286828","285556","276546","264137","250023","241503","228634","224263","226133","232016","235293","238463","231102","219257","205216","190508","181515","178204","176262","178628","181702","183716","185006","184055","179790","173143","166688","160746","156883",
"경상남도","25-29세","여자","","178113","186181","191802","189905","195748","139328","138231","133379","128176","121380","118471","111303","109123","108822","111611","112139","113005","109015","103346","96312","89202","84315","82080","80209","81275","82396","82900","82898","81796","79351","76390","73447","70487","68663",
"경상남도","25-29세","남자","","189855","193553","197183","195174","198566","147500","147325","143167","135961","128643","123032","117331","115140","117311","120405","123154","125458","122087","115911","108904","101306","97200","96124","96053","97353","99306","100816","102108","102259","100439","96753","93241","90259","88220",
"경상남도","30-34세","전체","","406658","407181","405741","391378","382200","266846","276652","283604","286024","290653","290074","287228","279168","270393","256830","249226","238948","238630","243459","248689","250711","250766","239872","226407","210208","194774","182991","177106","170913","169872","170227","171154","172668","173950",
"경상남도","30-34세","여자","","196405","196884","196487","189736","183600","130282","136032","139863","140877","144029","142653","141356","136987","132974","126043","122818","116446","115864","117545","119878","120459","120574","115142","108259","100140","92729","86869","83547","79979","79470","78829","78803","78916","79181",
"경상남도","30-34세","남자","","210253","210297","209254","201642","198600","136564","140620","143741","145147","146624","147421","145872","142181","137419","130787","126408","122502","122766","125914","128811","130252","130192","124730","118148","110068","102045","96122","93559","90934","90402","91398","92351","93752","94769",
"경상남도","35-39세","전체","","307350","331088","353296","368318","391384","290399","289479","285131","278000","269069","267824","277737","285855","290411","296184","295513","294635","288763","282411","269083","260543","248990","247021","250407","256039","259291","258244","245575","228645","210014","191998","178981","173059","168362",
"경상남도","35-39세","여자","","145872","156830","168091","175591","187382","139557","139289","137703","134606","129203","129770","135428","139681","141661","145473","144144","143663","140190","137221","130760","127059","120387","119669","120883","123436","124953","125034","118954","110667","101427","92756","86042","82521","79458",
"경상남도","35-39세","남자","","161478","174258","185205","192727","204002","150842","150190","147428","143394","139866","138054","142309","146174","148750","150711","151369","150972","148573","145190","138323","133484","128603","127352","129524","132603","134338","133210","126621","117978","108587","99242","92939","90538","88904",
"경상남도","40-44세","전체","","219191","225260","239012","259851","282227","218882","235064","248317","262374","277916","285924","285146","281344","275777","268258","267636","278872","288869","296358","302708","301357","299392","292851","284047","271415","263796","251837","249665","252093","256582","257314","255087","241854","225572",
"경상남도","40-44세","여자","","102805","106183","112402","123567","134532","104670","111903","118793","125535","133587","137692","137435","135869","133366","128297","129175","135493","140576","143913","147911","145940","145025","141455","137459","131359","128526","121988","121130","122125","124407","124660","124026","117514","109373",
"경상남도","40-44세","남자","","116386","119077","126610","136284","147695","114212","123161","129524","136839","144329","148232","147711","145475","142411","139961","138461","143379","148293","152445","154797","155417","154367","151396","146588","140056","135270","129849","128535","129968","132175","132654","131061","124340","116199",
"경상남도","45-49세","전체","","164593","172937","182105","191963","201524","161349","164024","172804","189518","204251","216197","232401","245960","260974","276332","285584","286170","283519","281153","273811","272206","283018","292575","296920","303440","302849","300567","293615","284130","270814","262429","250216","247682","250175",
"경상남도","45-49세","여자","","81068","83758","86932","91260","96029","78059","79573","83375","92154","99267","104817","112228","119030","126092","133848","138338","138496","137384","136054","131249","131460","137569","142406","144172","148195","146695","145771","142133","137986","131631","128367","121547","120503","121285",
"경상남도","45-49세","남자","","83525","89179","95173","100703","105495","83290","84451","89429","97364","104984","111380","120173","126930","134882","142484","147246","147674","146135","145099","142562","140746","145449","150169","152748","155245","156154","154796","151482","146144","139183","134062","128669","127179","128890",
"경상남도","50-54세","전체","","176727","177832","175118","165331","161182","126318","131276","137168","145562","151498","160179","163195","171962","189657","204734","217178","234355","249057","266970","283356","291519","290900","288493","282918","275777","274889","285305","294426","297951","303598","301775","298844","291743","282295",
"경상남도","50-54세","여자","","92308","92446","90894","85100","81920","64634","66015","67947","71720","74683","78723","80468","84109","93314","100654","106348","114124","121548","129921","138414","142230","141746","140572","137652","132595","133345","139477","144074","145416","149069","146948","145531","141703","137418",
"경상남도","50-54세","남자","","84419","85386","84224","80231","79262","61684","65261","69221","73842","76815","81456","82727","87853","96343","104080","110830","120231","127509","137049","144942","149289","149154","147921","145266","143182","141544","145828","150352","152535","154529","154827","153313","150040","144877",
"경상남도","55-59세","전체","","150151","155093","159235","158510","162240","140580","139936","136480","130095","125526","124437","129915","135788","144804","150783","159828","163458","173556","193428","209454","221445","238611","254102","268960","285726","294963","294292","290994","284497","276181","274254","284013","293016","296681",
"경상남도","55-59세","여자","","82708","84924","86555","85708","87305","76692","76095","73839","69876","66494","64938","66594","68591","72678","75617","79792","81583","86027","96374","104076","109565","117380","125348","132289","140919","145459","144801","143129","139783","134020","134017","139712","144166","145544",
"경상남도","55-59세","남자","","67443","70169","72680","72802","74935","63888","63841","62641","60219","59032","59499","63321","67197","72126","75166","80036","81875","87529","97054","105378","111880","121231","128754","136671","144807","149504","149491","147865","144714","142161","140237","144301","148850","151137",
"경상남도","60-64세","전체","","119189","122997","128576","132562","137749","121105","124390","126975","128176","130496","135739","135815","132814","127332","123447","122679","128771","135326","145696","152521","161581","165468","175489","194076","210482","223797","240868","255896","270313","285952","293740","292560","289196","282589",
"경상남도","60-64세","여자","","70791","72624","75657","77046","79084","69275","70723","71826","72155","73200","75848","75468","73388","69707","66569","65001","66945","69292","74135","77562","81695","83704","88090","97747","105752","111895","119769","127541","134443","142448","146001","145082","143256","139738",
"경상남도","60-64세","남자","","48398","50373","52919","55516","58665","51830","53667","55149","56021","57296","59891","60347","59426","57625","56878","57678","61826","66034","71561","74959","79886","81764","87399","96329","104730","111902","121099","128355","135870","143504","147739","147478","145940","142851",
"경상남도","65-69세","전체","","89096","92713","97032","97736","102771","94119","96959","100806","105601","109705","112588","116016","119323","121151","123919","129382","130160","128180","124287","121333","121333","127221","134037","143306","150374","160138","164221","174112","192418","208161","220459","236857","251420","265530",
"경상남도","65-69세","여자","","53663","56293","59425","60258","63535","58121","59656","61636","63757","65383","66426","67961","69418","70148","71329","74040","74083","72442","69322","66659","65487","67282","69863","74175","77682","82213","84365","88728","98272","105952","111748","119259","126849","133602",
"경상남도","65-69세","남자","","35433","36420","37607","37478","39236","35998","37303","39170","41844","44322","46162","48055","49905","51003","52590","55342","56077","55738","54965","54674","55846","59939","64174","69131","72692","77925","79856","85384","94146","102209","108711","117598","124571","131928",
"경상남도","70-74세","전체","","60908","65421","68957","71081","72790","65124","68052","71195","73250","77328","81806","84923","89185","94391","98829","101830","105488","109388","112443","115767","121570","122809","121724","117531","115340","116076","122292","128970","138249","144807","153770","157263","166766","184353",
"경상남도","70-74세","여자","","37784","40805","43127","44817","46114","40927","42956","45414","46960","49667","52521","54297","56656","59096","61061","62240","64127","65951","67312","68890","71914","72112","70702","67397","65016","64069","66140","68705","73263","76549","80685","82565","86768","96086",
"경상남도","70-74세","남자","","23124","24616","25830","26264","26676","24197","25096","25781","26290","27661","29285","30626","32529","35295","37768","39590","41361","43437","45131","46877","49656","50697","51022","50134","50324","52007","56152","60265","64986","68258","73085","74698","79998","88267",
"경상남도","75-79세","전체","","37074","37884","38474","39909","42604","39908","42946","45244","47544","48874","50939","53595","56858","59438","63302","67738","71042","75476","80929","85647","88818","92664","96749","99271","103023","109248","110731","110412","106942","104913","105925","111794","117925","126119",
"경상남도","75-79세","여자","","24671","25130","25393","26259","28066","26070","28181","29676","31514","32522","33932","35710","38089","40011","42679","45606","47564","50254","53038","55439","56791","58890","61009","62189","63971","67247","67561","66498","63492","61087","60300","62418","64883","69080",
"경상남도","75-79세","남자","","12403","12754","13081","13650","14538","13838","14765","15568","16030","16352","17007","17885","18769","19427","20623","22132","23478","25222","27891","30208","32027","33774","35740","37082","39052","42001","43170","43914","43450","43826","45625","49376","53042","57039",
"경상남도","80세 이상","전체","","31046","-","-","-","-","-","-","-","-","-","-","-","-","-","-","-","-","-","70989","-","-","","","","","","","","","","","","","",
"경상남도","80세 이상","여자","","23487","-","-","-","-","-","-","-","-","-","-","-","-","-","-","-","-","-","52004","-","-","","","","","","","","","","","","","",
"경상남도","80세 이상","남자","","7559","-","-","-","-","-","-","-","-","-","-","-","-","-","-","-","-","-","18985","-","-","","","","","","","","","","","","","",
"경상남도","80-84세","전체","","-","20644","21608","21779","22844","20063","20434","20671","22127","24029","26362","28732","30591","32730","34235","35957","38409","41832","44606","48273","52168","55225","59367","63697","67908","71190","74564","78363","81352","84787","89756","91038","91072","88104",
"경상남도","80-84세","여자","","-","15010","15616","15706","16414","14256","14448","14550","15486","16827","18384","20223","21475","23087","24167","25359","27205","29669","31801","34398","37178","39052","41769","44211","46480","48140","50077","52188","53760","55552","58282","58637","57876","55004",
"경상남도","80-84세","남자","","-","5634","5992","6073","6430","5807","5986","6121","6641","7202","7978","8509","9116","9643","10068","10598","11204","12163","12805","13875","14990","16173","17598","19486","21428","23050","24487","26175","27592","29235","31474","32401","33196","33100",
"경상남도","85세 이상","전체","","-","11825","12366","12260","12984","11651","12200","-","-","-","-","-","-","-","-","-","-","-","26383","-","-","","","","","","","","","","","","","",
"경상남도","85세 이상","여자","","-","9445","9843","9794","10331","9278","9652","-","-","-","-","-","-","-","-","-","-","-","20203","-","-","","","","","","","","","","","","","",
"경상남도","85세 이상","남자","","-","2380","2523","2466","2653","2373","2548","-","-","-","-","-","-","-","-","-","-","-","6180","-","-","","","","","","","","","","","","","",
"경상남도","85-89세","전체","","-","-","-","-","-","-","-","9168","9374","9756","10347","10618","10841","11843","13072","14774","16285","17685","19650","20958","22469","24255","26816","28801","31329","34328","36613","40032","43296","46635","48501","50899","53282","55462",
"경상남도","85-89세","여자","","-","-","-","-","-","-","-","7117","7259","7502","7898","8025","8074","8804","9710","10967","12248","13306","14849","15820","16974","18331","20283","21911","23807","26022","27548","29919","31901","33980","35014","36555","38076","39294",
"경상남도","85-89세","남자","","-","-","-","-","-","-","-","2051","2115","2254","2449","2593","2767","3039","3362","3807","4037","4379","4801","5138","5495","5924","6533","6890","7522","8306","9065","10113","11395","12655","13487","14344","15206","16168",
"경상남도","90-94세","전체","","-","-","-","-","-","-","-","2734","2752","2947","3038","3222","3395","3607","3742","4027","4148","4415","5171","5901","6703","7597","8294","9153","9794","10670","11624","13007","14293","15664","16817","17867","19507","21067",
"경상남도","90-94세","여자","","-","-","-","-","-","-","-","2234","2265","2410","2519","2676","2792","2966","3083","3260","3322","3459","4029","4635","5303","6047","6578","7356","7894","8610","9349","10409","11498","12638","13544","14313","15513","16633",
"경상남도","90-94세","남자","","-","-","-","-","-","-","-","500","487","537","519","546","603","641","659","767","826","956","1142","1266","1400","1550","1716","1797","1900","2060","2275","2598","2795","3026","3273","3554","3994","4434",
"경상남도","95세 이상","전체","","-","-","-","-","-","-","-","623","655","655","702","706","741","738","832","903","939","1011","1562","-","-","","","","","","","","","","","","","",
"경상남도","95세 이상","여자","","-","-","-","-","-","-","-","553","585","587","621","614","641","636","710","789","818","877","1325","-","-","","","","","","","","","","","","","",
"경상남도","95세 이상","남자","","-","-","-","-","-","-","-","70","70","68","81","92","100","102","122","114","121","134","237","-","-","","","","","","","","","","","","","",
"경상남도","95-99세","전체","","-","-","-","-","-","-","-","-","-","-","-","-","-","-","-","-","-","-","-","1202","1318","1385","1474","1664","1871","2157","2442","2642","2881","3018","3189","3485","3907","4295",
"경상남도","95-99세","여자","","-","-","-","-","-","-","-","-","-","-","-","-","-","-","-","-","-","-","-","1021","1082","1131","1170","1324","1522","1783","2026","2187","2423","2547","2711","2984","3332","3669",
"경상남도","95-99세","남자","","-","-","-","-","-","-","-","-","-","-","-","-","-","-","-","-","-","-","-","181","236","254","304","340","349","374","416","455","458","471","478","501","575","626",
"경상남도","100세 이상","전체","","-","-","-","-","-","-","-","-","-","-","-","-","-","-","-","-","-","-","-","449","452","489","556","596","639","653","678","719","827","394","384","443","451","507",
"경상남도","100세 이상","여자","","-","-","-","-","-","-","-","-","-","-","-","-","-","-","-","-","-","-","-","385","383","406","466","503","534","536","547","573","650","335","333","386","384","447",
"경상남도","100세 이상","남자","","-","-","-","-","-","-","-","-","-","-","-","-","-","-","-","-","-","-","-","64","69","83","90","93","105","117","131","146","177","59","51","57","67","60",
"제주특별자치도","계","전체","","505784","510584","513905","518836","523022","527586","534008","538744","542368","546889","550831","552297","555362","557569","558496","559258","560618","562663","571255","576156","583713","593806","607346","624395","641597","657083","667191","670989","674635","676759","678159","675252","670368","664792",
"제주특별자치도","계","여자","","256445","258536","260239","262654","264611","266655","269288","271406","273242","275495","276960","277456","278669","279288","279642","280012","280530","281344","285673","288004","291500","296302","302690","310967","319052","326260","331472","333644","336026","337582","338569","337276","335113","332627",
"제주특별자치도","계","남자","","249339","252048","253666","256182","258411","260931","264720","267338","269126","271394","273871","274841","276693","278281","278854","279246","280088","281319","285582","288152","292213","297504","304656","313428","322545","330823","335719","337345","338609","339177","339590","337976","335255","332165",
"제주특별자치도","0-4세","전체","","36064","38262","40410","42343","42933","43130","42566","41945","41546","40284","38407","36936","35160","32275","30537","30115","29140","28530","28785","28841","28990","29293","29921","30321","30426","29473","28679","27180","25018","23046","21467","19786","18251","17413",
"제주특별자치도","0-4세","여자","","17038","18152","19044","20091","20253","20525","20242","19980","19851","19232","18226","17545","16711","15195","14339","14340","13914","13697","13932","13983","14106","14283","14595","14738","14825","14310","13871","13172","12172","11195","10427","9669","8924","8522",
"제주특별자치도","0-4세","남자","","19026","20110","21366","22252","22680","22605","22324","21965","21695","21052","20181","19391","18449","17080","16198","15775","15226","14833","14853","14858","14884","15010","15326","15583","15601","15163","14808","14008","12846","11851","11040","10117","9327","8891",
"제주특별자치도","5-9세","전체","","36856","35037","34119","33919","35351","37258","39597","42072","43835","44554","44709","44120","43211","42818","41296","39046","37432","35386","32634","31264","31421","31373","31742","32862","33832","34637","35040","35106","35279","34941","33339","31617","29505","26808",
"제주특별자치도","5-9세","여자","","17772","16808","16386","16056","16909","17700","18790","19875","20893","21182","21330","20971","20627","20433","19760","18506","17793","16785","15325","14701","15000","14991","15218","15841","16361","16782","17024","17082","17157","17010","16239","15348","14357","13083",
"제주특별자치도","5-9세","남자","","19084","18229","17733","17863","18442","19558","20807","22197","22942","23372","23379","23149","22584","22385","21536","20540","19639","18601","17309","16563","16421","16382","16524","17021","17471","17855","18016","18024","18122","17931","17100","16269","15148","13725",
"제주특별자치도","10-14세","전체","","48042","47724","45143","42665","39641","36658","35121","34505","34282","35812","37765","39733","41887","43635","44145","44057","43259","42367","42132","41115","39347","38270","36798","34628","33859","34617","34542","34603","35492","36351","36679","36510","36343","35837",
"제주특별자치도","10-14세","여자","","23488","23399","22018","20772","19168","17720","16926","16580","16242","17125","17910","18882","19841","20790","20904","20993","20528","20173","20147","19673","18664","18191","17418","16252","15912","16477","16523","16594","17111","17533","17782","17775","17746","17513",
"제주특별자치도","10-14세","남자","","24554","24325","23125","21893","20473","18938","18195","17925","18040","18687","19855","20851","22046","22845","23241","23064","22731","22194","21985","21442","20683","20079","19380","18376","17947","18140","18019","18009","18381","18818","18897","18735","18597","18324",
"제주특별자치도","15-19세","전체","","51842","48754","47537","46936","47158","47237","47059","44565","42129","39301","36520","34672","33886","33626","34939","36761","38698","40641","42477","43113","43267","42925","42404","42685","41882","40256","39177","37524","35169","34018","34194","33959","33919","34420",
"제주특별자치도","15-19세","여자","","25172","23519","23004","22826","23074","23071","23049","21709","20512","19022","17654","16688","16277","15902","16720","17405","18310","19200","20183","20367","20594","20409","20181","20407","20010","19133","18670","17825","16582","16026","16312","16226","16282","16605",
"제주특별자치도","15-19세","남자","","26670","25235","24533","24110","24084","24166","24010","22856","21617","20279","18866","17984","17609","17724","18219","19356","20388","21441","22294","22746","22673","22516","22223","22278","21872","21123","20507","19699","18587","17992","17882","17733","17637","17815",
"제주특별자치도","20-24세","전체","","59211","58777","57573","55402","51969","49359","46758","45519","44924","45297","45602","45231","43064","40786","37889","34758","33176","32351","32224","33601","35296","37554","40034","42141","43143","43726","43284","42061","41496","39656","37206","35170","33002","29932",
"제주특별자치도","20-24세","여자","","28343","28322","27832","26799","24927","23596","22093","21709","21409","21795","21853","21686","20557","19487","18041","16540","15736","15350","15105","15894","16481","17585","18760","19902","20166","20640","20347","19790","19472","18568","17149","16177","15053","13565",
"제주특별자치도","20-24세","남자","","30868","30455","29741","28603","27042","25763","24665","23810","23515","23502","23749","23545","22507","21299","19848","18218","17440","17001","17119","17707","18815","19969","21274","22239","22977","23086","22937","22271","22024","21088","20057","18993","17949","16367",
"제주특별자치도","25-29세","전체","","48271","49119","50231","51472","52653","53348","53589","52428","49989","46560","44148","40900","40200","40191","40447","40260","40178","38239","36390","33947","31762","30797","30849","31424","33430","36025","38430","40094","41250","41267","40514","38867","37007","35754",
"제주특별자치도","25-29세","여자","","22934","23214","23825","24736","25645","26054","26239","25689","24552","22678","21421","19760","19600","19485","19743","19666","19665","18598","17691","16390","15272","14763","14825","14942","16065","17053","18288","18913","19566","19536","19319","18412","17580","17015",
"제주특별자치도","25-29세","남자","","25337","25905","26406","26736","27008","27294","27350","26739","25437","23882","22727","21140","20600","20706","20704","20594","20513","19641","18699","17557","16490","16034","16024","16482","17365","18972","20142","21181","21684","21731","21195","20455","19427","18739",
"제주특별자치도","30-34세","전체","","45515","46826","46820","46595","46746","46902","48110","49686","50628","51970","52688","51946","50884","48858","45391","42779","39903","39050","39239","39756","40569","41537","41082","40222","38891","37181","36020","35186","35045","36325","37868","39081","40041","40569",
"제주특별자치도","30-34세","여자","","22038","22695","22735","22517","22351","22440","22890","23743","24438","25480","25898","25637","25083","24145","22168","20790","19242","18943","19036","19474","19865","20400","20116","19772","19114","18197","17641","17266","17120","17925","18491","19009","19300","19616",
"제주특별자치도","30-34세","남자","","23477","24131","24085","24078","24395","24462","25220","25943","26190","26490","26790","26309","25801","24713","23223","21989","20661","20107","20203","20282","20704","21137","20966","20450","19777","18984","18379","17920","17925","18400","19377","20072","20741","20953",
"제주특별자치도","35-39세","전체","","35987","38889","40907","42504","44149","45402","46869","47392","47250","47760","48166","48688","50013","51135","52139","52467","51823","50713","49435","46568","45015","43256","43886","45589","48018","50131","51707","49644","47510","44701","41671","39086","37547","36433",
"제주특별자치도","35-39세","여자","","17480","18699","19644","20460","21409","21963","22729","22888","22713","22682","22948","23256","23820","24519","25325","25634","25369","24754","24120","22529","21766","20834","21394","22271","23586","24603","25549","24492","23647","22346","20916","19545","18800","18165",
"제주특별자치도","35-39세","남자","","18507","20190","21263","22044","22740","23439","24140","24504","24537","25078","25218","25432","26193","26616","26814","26833","26454","25959","25315","24039","23249","22422","22492","23318","24432","25528","26158","25152","23863","22355","20755","19541","18747","18268",
"제주특별자치도","40-44세","전체","","27337","26781","27955","30703","33262","35495","38513","40816","42333","44248","45676","47004","47259","47162","47449","47640","48223","49528","51512","53216","54510","55129","55441","55359","53897","53374","51521","51325","52183","53852","55120","55490","52526","49483",
"제주특별자치도","40-44세","여자","","13229","13108","13698","15079","16227","17291","18586","19694","20402","21420","22049","22696","22691","22498","22322","22533","22901","23528","24610","25757","26372","26726","26720","26630","25749","25567","24664","25001","25544","26699","27416","27787","26263","24804",
"제주특별자치도","40-44세","남자","","14108","13673","14257","15624","17035","18204","19927","21122","21931","22828","23627","24308","24568","24664","25127","25107","25322","26000","26902","27459","28138","28403","28721","28729","28148","27807","26857","26324","26639","27153","27704","27703","26263","24679",
"제주특별자치도","45-49세","전체","","25384","26352","26477","27088","26679","26823","26309","27591","30210","33003","35229","38053","40482","42105","43883","45175","46536","46844","47608","48152","48799","50212","52446","55283","58533","61095","61841","61766","60193","57399","55878","53230","52692","52990",
"제주특별자치도","45-49세","여자","","12426","12798","12914","13212","13119","13143","13045","13606","14931","16239","17296","18470","19628","20307","21243","21819","22483","22463","22787","22706","23056","23713","24740","26193","27924","29076","29548","29527","28863","27556","26952","25602","25775","26025",
"제주특별자치도","45-49세","남자","","12958","13554","13563","13876","13560","13680","13264","13985","15279","16764","17933","19583","20854","21798","22640","23356","24053","24381","24821","25446","25743","26499","27706","29090","30609","32019","32293","32239","31330","29843","28926","27628","26917","26965",
"제주특별자치도","50-54세","전체","","25061","25006","24798","24483","24574","24782","25712","25896","26551","26175","26417","25959","27289","29952","32650","34892","37839","40438","43001","44976","46632","48470","49514","50587","52169","53711","55354","57221","59036","61186","62675","62702","62134","60165",
"제주특별자치도","50-54세","여자","","12785","12667","12564","12260","12222","12331","12694","12808","13146","13016","13071","12986","13553","14866","16127","17193","18477","19728","20944","21955","22652","23506","23845","24297","24686","25413","26199","27059","28195","29487","30261","30381","30078","29159",
"제주특별자치도","50-54세","남자","","12276","12339","12234","12223","12352","12451","13018","13088","13405","13159","13346","12973","13736","15086","16523","17699","19362","20710","22057","23021","23980","24964","25669","26290","27483","28298","29155","30162","30841","31699","32414","32321","32056","31006",
"제주특별자치도","55-59세","전체","","21377","21744","22101","22550","23495","24231","24234","24021","23744","23853","24144","25132","25432","26093","25817","26007","25662","27011","30305","33252","35900","39402","42631","45542","48779","51155","53044","53538","53365","53719","54587","55785","57297","58705",
"제주특별자치도","55-59세","여자","","11906","11872","11941","12007","12359","12594","12502","12320","12120","12079","12189","12575","12724","13087","12975","12976","12944","13552","15254","16659","17877","19410","21018","22347","23884","24888","25844","26010","25860","25733","26154","26814","27551","28306",
"제주특별자치도","55-59세","남자","","9471","9872","10160","10543","11136","11637","11732","11701","11624","11774","11955","12557","12708","13006","12842","13031","12718","13459","15051","16593","18023","19992","21613","23195","24895","26267","27200","27528","27505","27986","28433","28971","29746","30399",
"제주특별자치도","60-64세","전체","","14279","15961","17295","18453","19579","20411","20726","21186","21613","22538","23308","23378","23305","23138","23229","23567","24558","24859","25872","25775","26280","26283","28187","31859","35549","38585","42345","45344","47445","49653","51193","52813","53119","52732",
"제주특별자치도","60-64세","여자","","9136","10001","10507","10895","11406","11673","11612","11722","11812","12174","12424","12350","12200","12007","11947","12090","12486","12644","13193","13180","13356","13497","14359","16158","17959","19399","21071","22634","23582","24688","25426","26153","26151","25841",
"제주특별자치도","60-64세","남자","","5143","5960","6788","7558","8173","8738","9114","9464","9801","10364","10884","11028","11105","11131","11282","11477","12072","12215","12679","12595","12924","12786","13828","15701","17590","19186","21274","22710","23863","24965","25767","26660","26968","26891",
"제주특별자치도","65-69세","전체","","9505","8869","10149","11185","12123","13284","14987","16239","17349","18465","19282","19653","20119","20583","21473","22244","22389","22287","22420","22620","23162","24264","24933","26021","26425","27257","27275","29081","32316","35224","37812","41170","43874","45846",
"제주특별자치도","65-69세","여자","","6457","5889","6865","7599","8185","8783","9689","10191","10575","11064","11375","11349","11467","11561","11891","12155","12119","11972","11904","11884","12134","12547","12896","13513","13714","14059","14207","15037","16624","18067","19338","20876","22280","23153",
"제주특별자치도","65-69세","남자","","3048","2980","3284","3586","3938","4501","5298","6048","6774","7401","7907","8304","8652","9022","9582","10089","10270","10315","10516","10736","11028","11717","12037","12508","12711","13198","13068","14044","15692","17157","18474","20294","21594","22693",
"제주특별자치도","70-74세","전체","","8028","9180","9007","8892","8506","8515","7934","9170","10163","11058","12182","13740","14924","15989","16975","17761","18133","18649","19234","20181","21043","21291","21442","21703","22119","22855","24096","24618","25452","25461","25998","25867","27457","30423",
"제주특별자치도","70-74세","여자","","5804","6745","6549","6449","6057","6027","5492","6416","7119","7718","8315","9193","9681","10071","10509","10808","10780","10962","11150","11514","11862","11910","11827","11798","11896","12240","12733","13055","13531","13487","13715","13800","14539","16015",
"제주특별자치도","70-74세","남자","","2224","2435","2458","2443","2449","2488","2442","2754","3044","3340","3867","4547","5243","5918","6466","6953","7353","7687","8084","8667","9181","9381","9615","9905","10223","10615","11363","11563","11921","11974","12283","12067","12918","14408",
"제주특별자치도","75-79세","전체","","5973","5987","5826","5993","6439","6718","7763","7576","7509","7242","7326","6822","7900","8786","9626","10612","12052","13181","14287","15243","15979","16369","16973","17555","18575","19441","19779","19962","20139","20322","20923","22014","22463","23146",
"제주특별자치도","75-79세","여자","","4599","4569","4425","4531","4866","5074","5933","5719","5646","5378","5391","4922","5771","6448","6997","7538","8367","8830","9288","9764","10075","10097","10332","10590","11023","11380","11452","11416","11366","11383","11645","12088","12327","12774",
"제주특별자치도","75-79세","남자","","1374","1418","1401","1462","1573","1644","1830","1857","1863","1864","1935","1900","2129","2338","2629","3074","3685","4351","4999","5479","5904","6272","6641","6965","7552","8061","8327","8546","8773","8939","9278","9926","10136","10372",
"제주특별자치도","80세 이상","전체","","7052","-","-","-","-","-","-","-","-","-","-","-","-","-","-","-","-","-","13700","-","-","","","","","","","","","","","","","",
"제주특별자치도","80세 이상","여자","","5838","-","-","-","-","-","-","-","-","-","-","-","-","-","-","-","-","-","11004","-","-","","","","","","","","","","","","","",
"제주특별자치도","80세 이상","남자","","1214","-","-","-","-","-","-","-","-","-","-","-","-","-","-","-","-","-","2696","-","-","","","","","","","","","","","","","",
"제주특별자치도","80-84세","전체","","-","4258","4334","4282","4283","4422","4434","4356","4464","4849","5151","6080","5977","5899","5688","5722","5342","6328","7151","7919","8806","10123","11110","12094","12907","13565","13929","14466","15017","15800","16454","16662","16829","16889",
"제주특별자치도","80-84세","여자","","-","3468","3530","3487","3456","3567","3555","3471","3536","3826","4081","4853","4696","4642","4454","4438","4079","4869","5505","6003","6517","7320","7797","8242","8676","8934","8993","9243","9512","9873","10172","10234","10230","10076",
"제주특별자치도","80-84세","남자","","-","790","804","795","827","855","879","885","928","1023","1070","1227","1281","1257","1234","1284","1263","1459","1646","1916","2289","2803","3313","3852","4231","4631","4936","5223","5505","5927","6282","6428","6599","6813",
"제주특별자치도","85세 이상","전체","","-","3058","3223","3371","3482","3611","3727","-","-","-","-","-","-","-","-","-","-","-","6549","-","-","","","","","","","","","","","","","",
"제주특별자치도","85세 이상","여자","","-","2611","2758","2878","2978","3103","3222","-","-","-","-","-","-","-","-","-","-","-","5499","-","-","","","","","","","","","","","","","",
"제주특별자치도","85세 이상","남자","","-","447","465","493","504","508","505","-","-","-","-","-","-","-","-","-","-","-","1050","-","-","","","","","","","","","","","","","",
"제주특별자치도","85-89세","전체","","-","-","-","-","-","-","-","2565","2585","2587","2719","2784","2796","2918","3206","3515","4286","4205","4248","4082","4065","3869","4612","5232","5831","6535","7539","8258","8875","9430","9834","10162","10593","10991",
"제주특별자치도","85-89세","여자","","-","-","-","-","-","-","-","2202","2211","2189","2296","2335","2333","2407","2649","2919","3581","3478","3499","3357","3336","3132","3733","4209","4607","5080","5713","6099","6405","6734","6900","7034","7241","7429",
"제주특별자치도","85-89세","남자","","-","-","-","-","-","-","-","363","374","398","423","449","463","511","557","596","705","727","749","725","729","737","879","1023","1224","1455","1826","2159","2470","2696","2934","3128","3352","3562",
"제주특별자치도","90-94세","전체","","-","-","-","-","-","-","-","936","1005","1071","1115","1158","1223","1248","1307","1418","1492","1533","1634","1819","2102","2602","2520","2425","2346","2323","2180","2684","3057","3307","3698","4221","4576","4936",
"제주특별자치도","90-94세","여자","","-","-","-","-","-","-","-","826","893","954","979","1022","1087","1093","1151","1247","1304","1342","1406","1570","1828","2284","2185","2101","2017","2015","1867","2245","2555","2727","2986","3380","3578","3797",
"제주특별자치도","90-94세","남자","","-","-","-","-","-","-","-","110","112","117","136","136","136","155","156","171","188","191","228","249","274","318","335","324","329","308","313","439","502","580","712","841","998","1139",
"제주특별자치도","95세 이상","전체","","-","-","-","-","-","-","-","280","259","262","277","308","351","372","410","462","497","523","667","-","-","","","","","","","","","","","","","",
"제주특별자치도","95세 이상","여자","","-","-","-","-","-","-","-","258","241","242","254","280","322","345","377","422","452","476","594","-","-","","","","","","","","","","","","","",
"제주특별자치도","95세 이상","남자","","-","-","-","-","-","-","-","22","18","20","23","28","29","27","33","40","45","47","73","-","-","","","","","","","","","","","","","",
"제주특별자치도","95-99세","전체","","-","-","-","-","-","-","-","-","-","-","-","-","-","-","-","-","-","-","-","544","582","597","620","650","755","899","1162","1058","1002","906","818","765","961","1123",
"제주특별자치도","95-99세","여자","","-","-","-","-","-","-","-","-","-","-","-","-","-","-","-","-","-","-","-","490","522","535","551","575","673","799","1048","948","906","824","747","688","841","980",
"제주특별자치도","95-99세","남자","","-","-","-","-","-","-","-","-","-","-","-","-","-","-","-","-","-","-","-","54","60","62","69","75","82","100","114","110","96","82","71","77","120","143",
"제주특별자치도","100세 이상","전체","","-","-","-","-","-","-","-","-","-","-","-","-","-","-","-","-","-","-","-","172","186","190","201","213","231","242","247","270","296","195","231","295","232","197",
"제주특별자치도","100세 이상","여자","","-","-","-","-","-","-","-","-","-","-","-","-","-","-","-","-","-","-","-","154","165","169","180","189","205","215","220","236","256","185","222","278","217","184",
"제주특별자치도","100세 이상","남자","","-","-","-","-","-","-","-","-","-","-","-","-","-","-","-","-","-","-","-","18","21","21","21","24","26","27","27","34","40","10","9","17","15","13",
